{"pid_speed_parameters": {"proportional_gain": 1.1358434716888968, "integral_gain": 0.09632588785829922, "derivative_gain": 0.08978342263209804, "max_value": 101.36768882370689, "min_value": 0.05329764208718654}, "pid_steer_parameters": {"proportional_gain": 2.8203851770408424, "integral_gain": 0.0011363210897565488, "derivative_gain": 0.0037031727195306887, "max_value": 2.0476375267432645, "min_value": -2.0904709401876604}, "max_forward_velocity": 1.60569060058011, "turning_speed_ratio": 0.0728933770977766, "sharp_turn_forward_velocity": 1.3700724251722898, "sharp_turn_angular_velocity": 2.8775509278292275}