{"pid_speed_parameters": {"proportional_gain": 1.1074254744454908, "integral_gain": 0.09175846685452631, "derivative_gain": 0.08903350326170821, "max_value": 99.8421556373223, "min_value": 0.8523110426515278}, "pid_steer_parameters": {"proportional_gain": 1.3345546023969077, "integral_gain": 0.0501480418389123, "derivative_gain": 0.01852852039261919, "max_value": 1.9743872283966286, "min_value": -1.9584450826862572}, "max_forward_velocity": 1.3211938948109625, "turning_speed_ratio": 0.1766318317478702, "sharp_turn_forward_velocity": 1.0005028609026332, "sharp_turn_angular_velocity": 2.4093193752093605}