{"pid_speed_parameters": {"proportional_gain": 1.0715047514951432, "integral_gain": 0.099965094624583, "derivative_gain": 0.023200140371987768, "max_value": 100.34145291621768, "min_value": 0.5394104869274727}, "pid_steer_parameters": {"proportional_gain": 1.7620266235880835, "integral_gain": 0.0006103081678662697, "derivative_gain": 0.001082610597071234, "max_value": 1.9558521883368245, "min_value": -2.014043025628296}, "max_forward_velocity": 1.692167471282161, "turning_speed_ratio": 0.15837276911193313, "sharp_turn_forward_velocity": 1.36144195794876, "sharp_turn_angular_velocity": 2.988094217062229}