{"pid_speed_parameters": {"proportional_gain": 1.272707316226923, "integral_gain": 0.09996465609395293, "derivative_gain": 0.07063406180657265, "max_value": 101.27054084709567, "min_value": 0.3650901781162402}, "pid_steer_parameters": {"proportional_gain": 2.867146975292665, "integral_gain": 0.0006708578946469364, "derivative_gain": 0.0011895990980887112, "max_value": 1.938841440330808, "min_value": -2.098382438295771}, "max_forward_velocity": 0.6328059567716315, "turning_speed_ratio": 0.8553971685071294, "sharp_turn_forward_velocity": 1.9586781047921913, "sharp_turn_angular_velocity": 2.500782732365677}