{"pid_speed_parameters": {"proportional_gain": 1.618274663224403, "integral_gain": 0.08509368257757599, "derivative_gain": 0.08456476601806541, "max_value": 101.86909289504037, "min_value": 0.23725342450112852}, "pid_steer_parameters": {"proportional_gain": 2.102238159958395, "integral_gain": 0.02181277488872289, "derivative_gain": 0.00024861574862500085, "max_value": 1.9973570172416553, "min_value": -2.0970751995019388}, "max_forward_velocity": 1.1372953984359035, "turning_speed_ratio": 0.4811826906778214, "sharp_turn_forward_velocity": 1.6110796048486777, "sharp_turn_angular_velocity": 1.9999553696854317}