{"pid_speed_parameters": {"proportional_gain": 2.090452528542259, "integral_gain": 0.07364944334081673, "derivative_gain": 0.07313084496949723, "max_value": 101.14587958017142, "min_value": 1.7535955330674114e-05}, "pid_steer_parameters": {"proportional_gain": 1.8742873961040232, "integral_gain": 0.03702121039104806, "derivative_gain": 0.014762514661064022, "max_value": 1.9476378229312266, "min_value": -2.0998810742967864}, "max_forward_velocity": 1.089268661241999, "turning_speed_ratio": 0.4820925424492556, "sharp_turn_forward_velocity": 1.5595037424015337, "sharp_turn_angular_velocity": 1.743913842753138}