{"pid_speed_parameters": {"proportional_gain": 1.238899618560822, "integral_gain": 0.07815743982052659, "derivative_gain": 0.06630257112384, "max_value": 100.65900112671618, "min_value": 0.9382035007700299}, "pid_steer_parameters": {"proportional_gain": 2.2723363365102838, "integral_gain": 0.0015639959797530793, "derivative_gain": 0.014803765040523475, "max_value": 2.0581492698372705, "min_value": -1.9646132675192425}, "max_forward_velocity": 1.66494546730945, "turning_speed_ratio": 0.498274934217525, "sharp_turn_forward_velocity": 0.6564314060970813, "sharp_turn_angular_velocity": 2.6684800454423936}