{"pid_speed_parameters": {"proportional_gain": 1.640291310607382, "integral_gain": 0.08995235496942548, "derivative_gain": 0.07889708198698185, "max_value": 101.67137847107533, "min_value": 0.10554641938916945}, "pid_steer_parameters": {"proportional_gain": 2.0019888879879923, "integral_gain": 0.04450656602545431, "derivative_gain": 0.0025864318684589013, "max_value": 2.0101458502206975, "min_value": -2.0934267845813452}, "max_forward_velocity": 1.1697349677832596, "turning_speed_ratio": 0.3856417220042718, "sharp_turn_forward_velocity": 1.6354457169401277, "sharp_turn_angular_velocity": 1.775259546977301}