{"pid_speed_parameters": {"proportional_gain": 1.8277505703141081, "integral_gain": 0.07499151381410091, "derivative_gain": 0.0699080168579689, "max_value": 101.82613456851415, "min_value": 0.20841626174143063}, "pid_steer_parameters": {"proportional_gain": 2.2376983289784866, "integral_gain": 0.05047717312627926, "derivative_gain": 0.004241905084691311, "max_value": 1.9595347256075715, "min_value": -2.087563221335903}, "max_forward_velocity": 1.3670521484373348, "turning_speed_ratio": 0.6454847045375968, "sharp_turn_forward_velocity": 1.7081778218262913, "sharp_turn_angular_velocity": 1.7101147541915824}