{"pid_speed_parameters": {"proportional_gain": 2.2417317391859823, "integral_gain": 0.09177161314812979, "derivative_gain": 0.07366660255615368, "max_value": 101.26989847791187, "min_value": 0.0011019592821569634}, "pid_steer_parameters": {"proportional_gain": 2.205305285367318, "integral_gain": 0.0019937959906356382, "derivative_gain": 0.007590982092635175, "max_value": 1.9580042745137634, "min_value": -2.0922726845357054}, "max_forward_velocity": 1.3572138663029534, "turning_speed_ratio": 0.31452882280259015, "sharp_turn_forward_velocity": 1.935499047379762, "sharp_turn_angular_velocity": 2.567549062178375}