{"pid_speed_parameters": {"proportional_gain": 1.7129312870240332, "integral_gain": 0.09971494565464148, "derivative_gain": 0.07890257656363545, "max_value": 101.62621380218037, "min_value": 0.12866598560322828}, "pid_steer_parameters": {"proportional_gain": 2.390228737637705, "integral_gain": 0.011823859443421868, "derivative_gain": 0.00732599382947253, "max_value": 1.9795726079699054, "min_value": -2.095844629168881}, "max_forward_velocity": 0.9962995446544074, "turning_speed_ratio": 0.27592547148020974, "sharp_turn_forward_velocity": 1.9940534701581951, "sharp_turn_angular_velocity": 2.310166509671358}