{"pid_speed_parameters": {"proportional_gain": 2.138202354969689, "integral_gain": 0.04560542346179756, "derivative_gain": 0.06397407194346277, "max_value": 100.29205464497232, "min_value": 0.8492818104817371}, "pid_steer_parameters": {"proportional_gain": 2.5812688584705197, "integral_gain": 0.004246663987923865, "derivative_gain": 0.050366952090311216, "max_value": 2.0313147556986135, "min_value": -1.9321286692706336}, "max_forward_velocity": 1.4844508873861841, "turning_speed_ratio": 0.5902792850755836, "sharp_turn_forward_velocity": 1.3440134591626667, "sharp_turn_angular_velocity": 2.8240994354361124}