{"pid_speed_parameters": {"proportional_gain": 1.723495249822466, "integral_gain": 0.0922297187579584, "derivative_gain": 0.07177848827271886, "max_value": 101.89580942696996, "min_value": 0.09357952744001416}, "pid_steer_parameters": {"proportional_gain": 2.130531497621149, "integral_gain": 0.02355203085961763, "derivative_gain": 0.001753002971768706, "max_value": 1.990246948918973, "min_value": -2.0999602601471006}, "max_forward_velocity": 0.742093414478374, "turning_speed_ratio": 0.4489244262093065, "sharp_turn_forward_velocity": 1.7153056073847575, "sharp_turn_angular_velocity": 2.2167485475876947}