{"pid_speed_parameters": {"proportional_gain": 2.1052562701799022, "integral_gain": 0.0658916230291276, "derivative_gain": 0.07566141886946615, "max_value": 101.56303388576826, "min_value": 0.018553006478758537}, "pid_steer_parameters": {"proportional_gain": 1.9484370111332923, "integral_gain": 0.03481515837512668, "derivative_gain": 0.010774991875184768, "max_value": 1.9404786730697414, "min_value": -2.091979277589566}, "max_forward_velocity": 1.3154627313404335, "turning_speed_ratio": 0.6262824628165303, "sharp_turn_forward_velocity": 1.7602801087536433, "sharp_turn_angular_velocity": 1.8217114463568043}