{"pid_speed_parameters": {"proportional_gain": 1.62995781508743, "integral_gain": 0.09838325074823101, "derivative_gain": 0.08986804194102681, "max_value": 101.82038073655892, "min_value": 0.19305674906390413}, "pid_steer_parameters": {"proportional_gain": 2.3638068685523366, "integral_gain": 0.005241501387551361, "derivative_gain": 0.00361213510168052, "max_value": 1.967193653940554, "min_value": -2.0997700417046072}, "max_forward_velocity": 0.9992073166526731, "turning_speed_ratio": 0.01786625000041897, "sharp_turn_forward_velocity": 1.7206494631647833, "sharp_turn_angular_velocity": 2.0471762258144484}