{"pid_speed_parameters": {"proportional_gain": 1.863677045050255, "integral_gain": 0.09176693003849058, "derivative_gain": 0.08188389817278846, "max_value": 101.81721296208768, "min_value": 0.11083339595790181}, "pid_steer_parameters": {"proportional_gain": 2.0806586338345916, "integral_gain": 0.03539773745708729, "derivative_gain": 0.004252868976967646, "max_value": 1.9693449382755537, "min_value": -2.0994873189038445}, "max_forward_velocity": 0.8575454997755836, "turning_speed_ratio": 0.6146477250145991, "sharp_turn_forward_velocity": 1.4958695548016416, "sharp_turn_angular_velocity": 1.7451560953685976}