{"pid_speed_parameters": {"proportional_gain": 1.6925188084296996, "integral_gain": 0.04281264076504685, "derivative_gain": 0.08684576386808293, "max_value": 99.81014631960534, "min_value": 0.8704374257021624}, "pid_steer_parameters": {"proportional_gain": 1.740231245998196, "integral_gain": 0.03973322301192324, "derivative_gain": 0.04087581695280001, "max_value": 1.966794710778378, "min_value": -1.9142284248106687}, "max_forward_velocity": 1.1836206076561584, "turning_speed_ratio": 0.45649269148062466, "sharp_turn_forward_velocity": 1.4905436614685106, "sharp_turn_angular_velocity": 1.004426103440657}