{"pid_speed_parameters": {"proportional_gain": 1.0362977730670466, "integral_gain": 0.039457358311711634, "derivative_gain": 0.06779508954372218, "max_value": 99.83549917221504, "min_value": 0.7966277636411337}, "pid_steer_parameters": {"proportional_gain": 2.764490993981097, "integral_gain": 0.00189770736458115, "derivative_gain": 0.01394840851400725, "max_value": 1.9651300393414721, "min_value": -2.022425013687484}, "max_forward_velocity": 1.6582313177557595, "turning_speed_ratio": 0.8019213091072553, "sharp_turn_forward_velocity": 0.5085094050753544, "sharp_turn_angular_velocity": 1.5411526163978748}