{"pid_speed_parameters": {"proportional_gain": 2.270150086021755, "integral_gain": 0.09881978005543125, "derivative_gain": 0.08500498908454349, "max_value": 101.60357210396337, "min_value": 0.16991848104049745}, "pid_steer_parameters": {"proportional_gain": 2.3543955352007218, "integral_gain": 0.011875579900108712, "derivative_gain": 0.008626600306200057, "max_value": 2.03933475856387, "min_value": -2.0937928873417007}, "max_forward_velocity": 0.7500102047818498, "turning_speed_ratio": 0.3730923348270317, "sharp_turn_forward_velocity": 1.815406209638799, "sharp_turn_angular_velocity": 2.05180901312163}