{"pid_speed_parameters": {"proportional_gain": 2.43275671855963, "integral_gain": 0.09077956419844074, "derivative_gain": 0.0380261423836952, "max_value": 99.69203864785018, "min_value": 0.5657001140626211}, "pid_steer_parameters": {"proportional_gain": 1.5316227724330258, "integral_gain": 0.032737951234360387, "derivative_gain": 0.0461141901615117, "max_value": 1.9692794891700907, "min_value": -1.9334082178975724}, "max_forward_velocity": 1.5980951937657244, "turning_speed_ratio": 0.2728462161534654, "sharp_turn_forward_velocity": 0.8744137222730993, "sharp_turn_angular_velocity": 2.1858753699961815}