{"pid_speed_parameters": {"proportional_gain": 1.7301483724932472, "integral_gain": 0.09746182229341217, "derivative_gain": 0.06348571698111338, "max_value": 101.61875805880247, "min_value": 0.4056794272118962}, "pid_steer_parameters": {"proportional_gain": 2.341778548160601, "integral_gain": 0.05092646348348073, "derivative_gain": 0.009679314969435599, "max_value": 1.9503078776340355, "min_value": -2.0903984773096402}, "max_forward_velocity": 0.7896107336704175, "turning_speed_ratio": 0.2325855233680405, "sharp_turn_forward_velocity": 1.960757312210663, "sharp_turn_angular_velocity": 1.6876133444867185}