{"pid_speed_parameters": {"proportional_gain": 1.835662579134434, "integral_gain": 0.0999798442598187, "derivative_gain": 0.07171654133986899, "max_value": 101.1494394829522, "min_value": 0.08058608364142325}, "pid_steer_parameters": {"proportional_gain": 2.3319205513310908, "integral_gain": 0.005258677364297986, "derivative_gain": 0.0022293845715141364, "max_value": 1.9672972510031796, "min_value": -2.0924610491112654}, "max_forward_velocity": 0.9577419035638446, "turning_speed_ratio": 0.2518130849846456, "sharp_turn_forward_velocity": 1.6041132102668105, "sharp_turn_angular_velocity": 2.371185449486233}