{"pid_speed_parameters": {"proportional_gain": 1.8700682032867042, "integral_gain": 0.09178269633813238, "derivative_gain": 0.08086562615290557, "max_value": 101.81213734258505, "min_value": 0.0931899647491895}, "pid_steer_parameters": {"proportional_gain": 2.1812151490403857, "integral_gain": 0.023108120610319277, "derivative_gain": 0.005086757485128509, "max_value": 1.9920396620354404, "min_value": -2.0997122715013337}, "max_forward_velocity": 0.7605070639936478, "turning_speed_ratio": 0.3979278752175559, "sharp_turn_forward_velocity": 1.8998871262338755, "sharp_turn_angular_velocity": 2.044574285663052}