{"pid_speed_parameters": {"proportional_gain": 1.908731700156203, "integral_gain": 0.09836222061864164, "derivative_gain": 0.07769410796750333, "max_value": 101.72442152506869, "min_value": 0.20624143745966295}, "pid_steer_parameters": {"proportional_gain": 2.3123296206862576, "integral_gain": 0.010237766708644947, "derivative_gain": 0.008107708431747775, "max_value": 2.0270437733460813, "min_value": -2.0895190905808536}, "max_forward_velocity": 0.8032045797492713, "turning_speed_ratio": 0.5120400050133909, "sharp_turn_forward_velocity": 1.8944773126345391, "sharp_turn_angular_velocity": 2.0897659058990112}