{"pid_speed_parameters": {"proportional_gain": 2.2554437163492924, "integral_gain": 0.09612916533189537, "derivative_gain": 0.07646855714803476, "max_value": 101.14181721871714, "min_value": 0.011101005340166285}, "pid_steer_parameters": {"proportional_gain": 1.9602148542987172, "integral_gain": 0.0013336486730139497, "derivative_gain": 0.010472854928401953, "max_value": 2.0025598530771234, "min_value": -2.0999896433511442}, "max_forward_velocity": 1.0815006279484312, "turning_speed_ratio": 0.6910719132889233, "sharp_turn_forward_velocity": 1.955857992405655, "sharp_turn_angular_velocity": 2.1269856125787037}