{"pid_speed_parameters": {"proportional_gain": 1.7890734558024506, "integral_gain": 0.06709990376655603, "derivative_gain": 0.06055198445941869, "max_value": 101.79414274409812, "min_value": 0.04172172702667477}, "pid_steer_parameters": {"proportional_gain": 2.0154135623920446, "integral_gain": 0.02579075320931513, "derivative_gain": 0.0018337058224405151, "max_value": 1.956049497878023, "min_value": -2.092692148262506}, "max_forward_velocity": 1.1536775929155667, "turning_speed_ratio": 0.49734479300734824, "sharp_turn_forward_velocity": 1.9582812720657141, "sharp_turn_angular_velocity": 2.0948279004687334}