{"pid_speed_parameters": {"proportional_gain": 1.8997126281878631, "integral_gain": 0.09944057070089199, "derivative_gain": 0.0783241377424036, "max_value": 101.35200249361287, "min_value": 0.23623376571487692}, "pid_steer_parameters": {"proportional_gain": 2.01404336681304, "integral_gain": 0.014520099017135414, "derivative_gain": 0.0017068991204052496, "max_value": 2.0259450805925243, "min_value": -2.0997241986590165}, "max_forward_velocity": 0.9449746955402141, "turning_speed_ratio": 0.3418013388547756, "sharp_turn_forward_velocity": 1.9801476501742297, "sharp_turn_angular_velocity": 2.497884327811128}