{"pid_speed_parameters": {"proportional_gain": 2.2098676411186373, "integral_gain": 0.0917630458831116, "derivative_gain": 0.08064083021140836, "max_value": 101.29287169186019, "min_value": 0.0013888465720262738}, "pid_steer_parameters": {"proportional_gain": 2.4581122670305917, "integral_gain": 0.00017695648363008084, "derivative_gain": 0.008570880946503134, "max_value": 2.0079757557426077, "min_value": -2.0997849379902482}, "max_forward_velocity": 0.870372084310735, "turning_speed_ratio": 0.24142807818886824, "sharp_turn_forward_velocity": 1.988836408798822, "sharp_turn_angular_velocity": 2.1034774762437114}