{"pid_speed_parameters": {"proportional_gain": 1.534230003402766, "integral_gain": 0.09995672852210138, "derivative_gain": 0.09073490521267223, "max_value": 101.44770999511066, "min_value": 0.4174675396331523}, "pid_steer_parameters": {"proportional_gain": 2.403015327345881, "integral_gain": 0.02492242844441628, "derivative_gain": 0.01626765533776085, "max_value": 2.000021184268469, "min_value": -2.099232045997584}, "max_forward_velocity": 0.3804160185631793, "turning_speed_ratio": 0.1253830163514969, "sharp_turn_forward_velocity": 1.9957220142034025, "sharp_turn_angular_velocity": 1.9238683359364028}