{"pid_speed_parameters": {"proportional_gain": 1.244926043285174, "integral_gain": 0.09935957171701734, "derivative_gain": 0.08516730920206904, "max_value": 101.34553082820977, "min_value": 0.3582452777854943}, "pid_steer_parameters": {"proportional_gain": 1.9361529267804443, "integral_gain": 0.004682423293199464, "derivative_gain": 0.003984401759392297, "max_value": 1.9397230080471732, "min_value": -2.0965267838486144}, "max_forward_velocity": 0.7312547008629133, "turning_speed_ratio": 0.263277385665058, "sharp_turn_forward_velocity": 1.609307067476543, "sharp_turn_angular_velocity": 1.5611730187932529}