{"pid_speed_parameters": {"proportional_gain": 1.484294739458536, "integral_gain": 0.09861296502212284, "derivative_gain": 0.07253010209777874, "max_value": 101.8154036087769, "min_value": 0.0461715177810932}, "pid_steer_parameters": {"proportional_gain": 1.843963141168585, "integral_gain": 0.04231943379706118, "derivative_gain": 0.0010121284169022208, "max_value": 1.9324940247496816, "min_value": -2.091491538707408}, "max_forward_velocity": 1.185872739855726, "turning_speed_ratio": 0.381523144812271, "sharp_turn_forward_velocity": 1.218953281659695, "sharp_turn_angular_velocity": 1.8436074245223506}