{"pid_speed_parameters": {"proportional_gain": 1.6555072392133217, "integral_gain": 0.099912306064083, "derivative_gain": 0.09549259367920077, "max_value": 101.61981304320642, "min_value": 0.2111615204762614}, "pid_steer_parameters": {"proportional_gain": 2.827088498011003, "integral_gain": 0.008802844784750376, "derivative_gain": 0.0018829692343199657, "max_value": 1.9840129762894945, "min_value": -2.0919288731294485}, "max_forward_velocity": 0.44093004807666114, "turning_speed_ratio": 0.4913392154632997, "sharp_turn_forward_velocity": 1.6268037635289216, "sharp_turn_angular_velocity": 1.76293387318396}