{"pid_speed_parameters": {"proportional_gain": 2.2873825375292443, "integral_gain": 0.0539252990156841, "derivative_gain": 0.059837268898117364, "max_value": 100.93513626422076, "min_value": 0.6743955530949433}, "pid_steer_parameters": {"proportional_gain": 2.5889036940282955, "integral_gain": 0.005983233363969953, "derivative_gain": 0.0003507229203343034, "max_value": 2.0332283317590956, "min_value": -1.9057481508851046}, "max_forward_velocity": 1.485372101668069, "turning_speed_ratio": 0.21424575972798343, "sharp_turn_forward_velocity": 0.8770332609277959, "sharp_turn_angular_velocity": 2.5010885683406014}