{"pid_speed_parameters": {"proportional_gain": 2.191361884236839, "integral_gain": 0.09662383764959277, "derivative_gain": 0.0891274704569415, "max_value": 101.86499327290709, "min_value": 0.1349357528624028}, "pid_steer_parameters": {"proportional_gain": 1.8544588249860339, "integral_gain": 0.0013921075169005058, "derivative_gain": 0.00976308170900425, "max_value": 1.909421211059447, "min_value": -2.099989155049994}, "max_forward_velocity": 0.8046049966798923, "turning_speed_ratio": 0.03889123890066797, "sharp_turn_forward_velocity": 1.754256802781517, "sharp_turn_angular_velocity": 2.1875488578033515}