{"pid_speed_parameters": {"proportional_gain": 1.7757651407775825, "integral_gain": 0.09846206689096958, "derivative_gain": 0.07906296263022417, "max_value": 101.2060372756276, "min_value": 0.16646312455573492}, "pid_steer_parameters": {"proportional_gain": 1.5689487096238164, "integral_gain": 0.005751792897862981, "derivative_gain": 0.0048164827653896635, "max_value": 1.9062876904552202, "min_value": -2.0997928011886975}, "max_forward_velocity": 1.5288360728266632, "turning_speed_ratio": 0.1471742269390993, "sharp_turn_forward_velocity": 1.992413092620964, "sharp_turn_angular_velocity": 2.2291395252374513}