{"pid_speed_parameters": {"proportional_gain": 1.7415634991959095, "integral_gain": 0.08930428819962824, "derivative_gain": 0.07587750892466916, "max_value": 101.84034424131738, "min_value": 0.18864451262001353}, "pid_steer_parameters": {"proportional_gain": 2.2475636812267394, "integral_gain": 0.02337110722421427, "derivative_gain": 0.002263093291916642, "max_value": 2.0003712595638996, "min_value": -2.096275881312796}, "max_forward_velocity": 1.0443733622517595, "turning_speed_ratio": 0.5037438002641006, "sharp_turn_forward_velocity": 1.6938325397726208, "sharp_turn_angular_velocity": 2.1869028946064315}