{"pid_speed_parameters": {"proportional_gain": 2.370313155012803, "integral_gain": 0.09752824426803254, "derivative_gain": 0.08731185720841388, "max_value": 101.6859687946892, "min_value": 0.01536300750883754}, "pid_steer_parameters": {"proportional_gain": 1.9826774770886362, "integral_gain": 0.003364017660369337, "derivative_gain": 0.004098947028006212, "max_value": 2.0161093267281887, "min_value": -2.09829056970854}, "max_forward_velocity": 0.9673245975252787, "turning_speed_ratio": 0.5384916931356267, "sharp_turn_forward_velocity": 1.9787844493362892, "sharp_turn_angular_velocity": 2.3087060630597414}