{"pid_speed_parameters": {"proportional_gain": 1.4941449272589615, "integral_gain": 0.0875639153955341, "derivative_gain": 0.08398025671140216, "max_value": 100.98486478853609, "min_value": 0.0752045725296025}, "pid_steer_parameters": {"proportional_gain": 1.61579102600246, "integral_gain": 0.00965472079082862, "derivative_gain": 0.0004350781769212667, "max_value": 1.9302596756470463, "min_value": -2.09932531838422}, "max_forward_velocity": 1.6172858902923222, "turning_speed_ratio": 0.43726578678250727, "sharp_turn_forward_velocity": 1.5171560698334683, "sharp_turn_angular_velocity": 2.879571091704091}