{"pid_speed_parameters": {"proportional_gain": 2.070095885570816, "integral_gain": 0.09706496435569727, "derivative_gain": 0.07133860822871727, "max_value": 101.3247631674509, "min_value": 0.0018559235328700432}, "pid_steer_parameters": {"proportional_gain": 2.1704093824706887, "integral_gain": 0.003666506431833297, "derivative_gain": 0.007987384843898913, "max_value": 2.0123231444016536, "min_value": -2.0999207856641413}, "max_forward_velocity": 0.8779458185863982, "turning_speed_ratio": 0.5982077770247444, "sharp_turn_forward_velocity": 1.9492073504683674, "sharp_turn_angular_velocity": 2.1338481698000376}