{"pid_speed_parameters": {"proportional_gain": 2.1466130123663367, "integral_gain": 0.08336562723105063, "derivative_gain": 0.06869289816291144, "max_value": 101.61572355309269, "min_value": 0.12221198521282162}, "pid_steer_parameters": {"proportional_gain": 2.143319798137189, "integral_gain": 0.021299348881024357, "derivative_gain": 0.0066956598644764, "max_value": 1.9815870401065507, "min_value": -2.0847998681658746}, "max_forward_velocity": 1.3163574912389124, "turning_speed_ratio": 0.509626110278266, "sharp_turn_forward_velocity": 1.8624268987720256, "sharp_turn_angular_velocity": 1.9335656530627172}