{"pid_speed_parameters": {"proportional_gain": 1.9819328314453057, "integral_gain": 0.09908665296301673, "derivative_gain": 0.07900177527939549, "max_value": 101.68258111698732, "min_value": 0.041699134094664234}, "pid_steer_parameters": {"proportional_gain": 2.3301226201693965, "integral_gain": 0.012581955618780989, "derivative_gain": 0.0010607917800140498, "max_value": 2.0089178914786854, "min_value": -2.096042656304387}, "max_forward_velocity": 0.8054162078101101, "turning_speed_ratio": 0.3035592243514647, "sharp_turn_forward_velocity": 1.649200247411293, "sharp_turn_angular_velocity": 2.1660411401158983}