{"pid_speed_parameters": {"proportional_gain": 2.19514559575971, "integral_gain": 0.09015240798063988, "derivative_gain": 0.07675658059052595, "max_value": 101.42921862179601, "min_value": 0.0012061921371602884}, "pid_steer_parameters": {"proportional_gain": 2.1777687061962565, "integral_gain": 0.005560320841983379, "derivative_gain": 0.016411944739131587, "max_value": 1.9642899861552536, "min_value": -2.09995703958459}, "max_forward_velocity": 1.0314977705808634, "turning_speed_ratio": 0.2659140466857042, "sharp_turn_forward_velocity": 1.9897935478151345, "sharp_turn_angular_velocity": 2.278840643279571}