{"pid_speed_parameters": {"proportional_gain": 1.7715126660348068, "integral_gain": 0.09016133635051503, "derivative_gain": 0.08301324034452268, "max_value": 101.90969264428962, "min_value": 9.164669256954511e-06}, "pid_steer_parameters": {"proportional_gain": 2.272810259882334, "integral_gain": 0.016218848025961005, "derivative_gain": 0.0023845096011194016, "max_value": 1.993073010498992, "min_value": -2.0999651564072637}, "max_forward_velocity": 0.9499327642573268, "turning_speed_ratio": 0.368283713779623, "sharp_turn_forward_velocity": 1.6838649849556362, "sharp_turn_angular_velocity": 2.0425173563781573}