{"pid_speed_parameters": {"proportional_gain": 1.6761783659084186, "integral_gain": 0.0756495054913467, "derivative_gain": 0.06752149241510871, "max_value": 101.75297790035484, "min_value": 0.13338146205694681}, "pid_steer_parameters": {"proportional_gain": 2.270843754194579, "integral_gain": 0.023510199497157384, "derivative_gain": 0.00047034791799211464, "max_value": 1.991652242633691, "min_value": -2.089051947213618}, "max_forward_velocity": 1.1012744068898626, "turning_speed_ratio": 0.4212839863613377, "sharp_turn_forward_velocity": 1.5617122266226586, "sharp_turn_angular_velocity": 2.083900009699425}