{"pid_speed_parameters": {"proportional_gain": 1.715636442755676, "integral_gain": 0.09912961293076054, "derivative_gain": 0.09288202083333685, "max_value": 101.13583624911045, "min_value": 0.5729569103238044}, "pid_steer_parameters": {"proportional_gain": 1.7161245739225794, "integral_gain": 0.007754219144929348, "derivative_gain": 0.00024340981105000346, "max_value": 2.016870573784892, "min_value": -2.0874569987598486}, "max_forward_velocity": 1.1637861483393512, "turning_speed_ratio": 0.14912875519525423, "sharp_turn_forward_velocity": 1.791099203476423, "sharp_turn_angular_velocity": 1.8918868303506082}