{"pid_speed_parameters": {"proportional_gain": 2.2091974617968786, "integral_gain": 0.07622690153046244, "derivative_gain": 0.08401135198136796, "max_value": 101.72851560585715, "min_value": 0.11747999603251463}, "pid_steer_parameters": {"proportional_gain": 1.9490638750532705, "integral_gain": 0.03949060357465169, "derivative_gain": 0.008340078958534086, "max_value": 1.9873977789704282, "min_value": -2.0757577619610994}, "max_forward_velocity": 1.2098794000796589, "turning_speed_ratio": 0.4599638728613449, "sharp_turn_forward_velocity": 1.8687984044086317, "sharp_turn_angular_velocity": 1.8653149799770699}