{"pid_speed_parameters": {"proportional_gain": 1.9797596995439148, "integral_gain": 0.09995049528617475, "derivative_gain": 0.08712445064100821, "max_value": 101.01146457619765, "min_value": 0.06476787338838011}, "pid_steer_parameters": {"proportional_gain": 1.7640568039806677, "integral_gain": 0.0053776882027535815, "derivative_gain": 0.005750802902386179, "max_value": 1.9844255988407298, "min_value": -2.09957095324036}, "max_forward_velocity": 1.2540232917330456, "turning_speed_ratio": 0.2021136782614695, "sharp_turn_forward_velocity": 1.6562094612894023, "sharp_turn_angular_velocity": 2.917287309118058}