{"pid_speed_parameters": {"proportional_gain": 2.996583585452899, "integral_gain": 0.04201754100003516, "derivative_gain": 0.06552726483276519, "max_value": 99.42498216327695, "min_value": 0.9659301762294591}, "pid_steer_parameters": {"proportional_gain": 2.4888939806611674, "integral_gain": 0.04273580548032789, "derivative_gain": 0.07398886425689138, "max_value": 1.9163321945427645, "min_value": -2.030988132454202}, "max_forward_velocity": 0.9443913466250489, "turning_speed_ratio": 0.06248323467153735, "sharp_turn_forward_velocity": 0.6977896848051544, "sharp_turn_angular_velocity": 2.418371911896113}