{"pid_speed_parameters": {"proportional_gain": 1.6433544371309274, "integral_gain": 0.09114776224341933, "derivative_gain": 0.08344116430181506, "max_value": 101.87070491273116, "min_value": 0.15476827047433084}, "pid_steer_parameters": {"proportional_gain": 2.291883240038296, "integral_gain": 0.02262096438514042, "derivative_gain": 0.0036901520010446903, "max_value": 1.9949826252931677, "min_value": -2.0989045585067125}, "max_forward_velocity": 1.0867032593844042, "turning_speed_ratio": 0.3604650278852486, "sharp_turn_forward_velocity": 1.6990355775426749, "sharp_turn_angular_velocity": 2.112027661437538}