{"pid_speed_parameters": {"proportional_gain": 1.9490545661644696, "integral_gain": 0.0572865627780342, "derivative_gain": 0.07185426697223755, "max_value": 101.6005170759176, "min_value": 0.11251801181388321}, "pid_steer_parameters": {"proportional_gain": 2.312882723956009, "integral_gain": 0.04152529438544559, "derivative_gain": 0.00622781914486051, "max_value": 1.9426602922592922, "min_value": -2.0866230415557374}, "max_forward_velocity": 1.1592074183101218, "turning_speed_ratio": 0.6808997444894148, "sharp_turn_forward_velocity": 1.5824733275153298, "sharp_turn_angular_velocity": 1.8561469392249836}