{"pid_speed_parameters": {"proportional_gain": 2.227910089664088, "integral_gain": 0.09566438295127469, "derivative_gain": 0.08199014265620534, "max_value": 101.22044547687015, "min_value": 0.1548323700290397}, "pid_steer_parameters": {"proportional_gain": 2.187704262223336, "integral_gain": 0.010176456090768197, "derivative_gain": 0.0066379100153528235, "max_value": 2.0477960501766463, "min_value": -2.099538016769214}, "max_forward_velocity": 0.9232416221972453, "turning_speed_ratio": 0.42392811043622014, "sharp_turn_forward_velocity": 1.9703924099019294, "sharp_turn_angular_velocity": 2.452806266027461}