{"pid_speed_parameters": {"proportional_gain": 1.1146106027528937, "integral_gain": 0.061808910786357314, "derivative_gain": 0.042575104579762754, "max_value": 99.69211089874348, "min_value": 0.00977393777371191}, "pid_steer_parameters": {"proportional_gain": 2.788287953435449, "integral_gain": 9.836277209308268e-06, "derivative_gain": 0.048497503130794546, "max_value": 2.0899830078553427, "min_value": -1.9400135964009502}, "max_forward_velocity": 1.3137380571770458, "turning_speed_ratio": 0.36440415183296193, "sharp_turn_forward_velocity": 1.7467421554570266, "sharp_turn_angular_velocity": 2.496887235899552}