{"pid_speed_parameters": {"proportional_gain": 2.1374920703251483, "integral_gain": 0.07582809053187754, "derivative_gain": 0.08199156021054932, "max_value": 101.62096286402678, "min_value": 0.14804928047229937}, "pid_steer_parameters": {"proportional_gain": 2.041314613751444, "integral_gain": 0.028084419292567574, "derivative_gain": 0.0073015153095545345, "max_value": 1.9615732423594305, "min_value": -2.091500986637297}, "max_forward_velocity": 1.0785274626504586, "turning_speed_ratio": 0.4807766317556925, "sharp_turn_forward_velocity": 1.8814335147371308, "sharp_turn_angular_velocity": 1.8092441095887744}