{"pid_speed_parameters": {"proportional_gain": 2.050516996308623, "integral_gain": 0.09822881812446224, "derivative_gain": 0.07743510290993455, "max_value": 101.6046871517176, "min_value": 0.03930246500986516}, "pid_steer_parameters": {"proportional_gain": 2.2514400177946046, "integral_gain": 0.0015331504854316422, "derivative_gain": 0.021435978808958787, "max_value": 1.976253493451399, "min_value": -2.0990223001930106}, "max_forward_velocity": 1.4175825416929737, "turning_speed_ratio": 0.39147522531672435, "sharp_turn_forward_velocity": 1.9601434943524905, "sharp_turn_angular_velocity": 2.264751716341079}