{"pid_speed_parameters": {"proportional_gain": 2.2379671796731158, "integral_gain": 0.0260142016049588, "derivative_gain": 0.013823790181787003, "max_value": 99.3598869625143, "min_value": 0.9072459187000692}, "pid_steer_parameters": {"proportional_gain": 2.219520308547871, "integral_gain": 0.04923604628771422, "derivative_gain": 0.006150054807637644, "max_value": 1.9100369768469567, "min_value": -2.048708747617484}, "max_forward_velocity": 1.4649542264524045, "turning_speed_ratio": 0.4307147986925223, "sharp_turn_forward_velocity": 1.061019295538145, "sharp_turn_angular_velocity": 1.5901754259747278}