{"pid_speed_parameters": {"proportional_gain": 2.319532203163644, "integral_gain": 0.09978257937941562, "derivative_gain": 0.08235789635703625, "max_value": 101.29510904471604, "min_value": 0.06349414036454207}, "pid_steer_parameters": {"proportional_gain": 2.030471234006855, "integral_gain": 0.008709769041650604, "derivative_gain": 0.017142720963873512, "max_value": 1.9829932190309938, "min_value": -2.095722032592165}, "max_forward_velocity": 0.7917636686611433, "turning_speed_ratio": 0.4189081869868726, "sharp_turn_forward_velocity": 1.6866749882576233, "sharp_turn_angular_velocity": 2.0900476079709565}