{"pid_speed_parameters": {"proportional_gain": 2.0580697647638138, "integral_gain": 0.08457538932665319, "derivative_gain": 0.08125117568428661, "max_value": 101.63456101172528, "min_value": 0.12928448992120312}, "pid_steer_parameters": {"proportional_gain": 2.169067528751031, "integral_gain": 0.017012452645562826, "derivative_gain": 0.009080319159574385, "max_value": 1.9739844408877296, "min_value": -2.0903652756863873}, "max_forward_velocity": 1.0950615493782947, "turning_speed_ratio": 0.5553764597443241, "sharp_turn_forward_velocity": 1.8620415760102764, "sharp_turn_angular_velocity": 2.0155759517951246}