{"pid_speed_parameters": {"proportional_gain": 2.380989932690504, "integral_gain": 0.09146629809674021, "derivative_gain": 0.06828425055809756, "max_value": 101.41388495885664, "min_value": 2.6871107855276963e-05}, "pid_steer_parameters": {"proportional_gain": 2.2007352864736074, "integral_gain": 0.0011260001117909348, "derivative_gain": 0.015558445303205602, "max_value": 1.9731439695972817, "min_value": -2.092866249547367}, "max_forward_velocity": 1.1609880206096126, "turning_speed_ratio": 0.573691392403258, "sharp_turn_forward_velocity": 1.9801548597642347, "sharp_turn_angular_velocity": 2.380301463382224}