{"pid_speed_parameters": {"proportional_gain": 1.645454364397207, "integral_gain": 0.09564866472907871, "derivative_gain": 0.08557455906789596, "max_value": 101.6683572079288, "min_value": 0.15321318433915657}, "pid_steer_parameters": {"proportional_gain": 2.3072071779949783, "integral_gain": 0.015332204425923179, "derivative_gain": 0.0010015351347705777, "max_value": 1.9794226442835545, "min_value": -2.099478420255863}, "max_forward_velocity": 1.038142084462153, "turning_speed_ratio": 0.010813266790558948, "sharp_turn_forward_velocity": 1.605640541552019, "sharp_turn_angular_velocity": 1.5869453984003583}