{"pid_speed_parameters": {"proportional_gain": 2.0253959089580222, "integral_gain": 0.09926271511083311, "derivative_gain": 0.08557945260767177, "max_value": 100.87496800339581, "min_value": 0.3135051084914504}, "pid_steer_parameters": {"proportional_gain": 2.4961969067642005, "integral_gain": 0.003588197048509118, "derivative_gain": 0.01959181531505385, "max_value": 1.9550599121212924, "min_value": -2.0936961241801257}, "max_forward_velocity": 0.9405986725542976, "turning_speed_ratio": 0.1618422205960942, "sharp_turn_forward_velocity": 1.6972553966861035, "sharp_turn_angular_velocity": 2.6905653762526285}