{"pid_speed_parameters": {"proportional_gain": 1.2263389490561232, "integral_gain": 0.04079158653004762, "derivative_gain": 0.0649256728643879, "max_value": 99.84767836707486, "min_value": 0.5212167185819261}, "pid_steer_parameters": {"proportional_gain": 2.2037913935216595, "integral_gain": 0.00016548125684752644, "derivative_gain": 0.05656786512089991, "max_value": 2.0736407844221096, "min_value": -1.997546948869092}, "max_forward_velocity": 1.9068041485272909, "turning_speed_ratio": 0.036066368440751534, "sharp_turn_forward_velocity": 0.5316310673569741, "sharp_turn_angular_velocity": 2.3648379171833693}