{"pid_speed_parameters": {"proportional_gain": 2.1841263225613456, "integral_gain": 0.0958382113417305, "derivative_gain": 0.08279950796628735, "max_value": 101.3615699139915, "min_value": 0.12174311564115389}, "pid_steer_parameters": {"proportional_gain": 1.8859119197095067, "integral_gain": 0.0036386039947068943, "derivative_gain": 0.0016307292128031779, "max_value": 2.0085394093661666, "min_value": -2.099989177574663}, "max_forward_velocity": 1.0630724151564164, "turning_speed_ratio": 0.3491970840521943, "sharp_turn_forward_velocity": 1.7777443590269386, "sharp_turn_angular_velocity": 2.2129749666499676}