{"pid_speed_parameters": {"proportional_gain": 1.4589046209696122, "integral_gain": 0.09941347805104614, "derivative_gain": 0.0945294487942797, "max_value": 101.34838147599137, "min_value": 0.06271248323419143}, "pid_steer_parameters": {"proportional_gain": 1.50521645470707, "integral_gain": 0.005975503313134625, "derivative_gain": 0.00010747452102670324, "max_value": 1.9134983210394676, "min_value": -2.099825426971257}, "max_forward_velocity": 0.959117841875059, "turning_speed_ratio": 0.24784767417155745, "sharp_turn_forward_velocity": 1.9643192190086998, "sharp_turn_angular_velocity": 2.3265798369543855}