{"pid_speed_parameters": {"proportional_gain": 2.1011457163282383, "integral_gain": 0.05708745840646107, "derivative_gain": 0.06740428984465734, "max_value": 101.44437923125544, "min_value": 0.07352067712689894}, "pid_steer_parameters": {"proportional_gain": 2.0661784261705187, "integral_gain": 0.03593119832162829, "derivative_gain": 0.011231393580021105, "max_value": 1.9328125022598384, "min_value": -2.0762649849996313}, "max_forward_velocity": 1.4535504269652277, "turning_speed_ratio": 0.46466900592014126, "sharp_turn_forward_velocity": 1.8324732452098618, "sharp_turn_angular_velocity": 1.7973992250956974}