{"pid_speed_parameters": {"proportional_gain": 1.0042626058642186, "integral_gain": 0.013170215808145607, "derivative_gain": 0.07986235065679227, "max_value": 101.2177043372811, "min_value": 0.010380556224830273}, "pid_steer_parameters": {"proportional_gain": 2.9954800264003865, "integral_gain": 0.001235431162671698, "derivative_gain": 0.013452751165818387, "max_value": 2.0262122981423105, "min_value": -2.0792545542181844}, "max_forward_velocity": 1.967998495008186, "turning_speed_ratio": 0.005447896888568202, "sharp_turn_forward_velocity": 1.7747980314408487, "sharp_turn_angular_velocity": 2.452305456356443}