{"pid_speed_parameters": {"proportional_gain": 1.4624052986526686, "integral_gain": 0.0931524143069174, "derivative_gain": 0.04606554382261324, "max_value": 99.19756843138974, "min_value": 0.5439786194522082}, "pid_steer_parameters": {"proportional_gain": 2.125801581983009, "integral_gain": 0.002579706599314854, "derivative_gain": 0.02547217692379752, "max_value": 1.9668378496975871, "min_value": -2.032639108625297}, "max_forward_velocity": 1.8819362744891952, "turning_speed_ratio": 0.01733671385903356, "sharp_turn_forward_velocity": 1.6611910668020822, "sharp_turn_angular_velocity": 1.9809251172504738}