{"pid_speed_parameters": {"proportional_gain": 1.9988754049148154, "integral_gain": 0.06405720133882241, "derivative_gain": 0.07181635336134815, "max_value": 101.43839322565016, "min_value": 0.060244160689922444}, "pid_steer_parameters": {"proportional_gain": 1.994945000568815, "integral_gain": 0.044235624787440524, "derivative_gain": 0.008833265235166593, "max_value": 1.9262442216396647, "min_value": -2.08324581640971}, "max_forward_velocity": 1.3569716349324044, "turning_speed_ratio": 0.5795574974843268, "sharp_turn_forward_velocity": 1.8966689569651376, "sharp_turn_angular_velocity": 1.7376941731303448}