{"pid_speed_parameters": {"proportional_gain": 1.7886303908456276, "integral_gain": 0.06188400402053782, "derivative_gain": 0.07272064508850695, "max_value": 101.77071383475199, "min_value": 0.12619634819841916}, "pid_steer_parameters": {"proportional_gain": 2.525203324593804, "integral_gain": 0.035945590526113916, "derivative_gain": 0.004880749721284945, "max_value": 1.9538826824426072, "min_value": -2.0988316211123488}, "max_forward_velocity": 1.1359654267827402, "turning_speed_ratio": 0.7831566463827561, "sharp_turn_forward_velocity": 1.5368391655634195, "sharp_turn_angular_velocity": 1.5670545404146667}