{"pid_speed_parameters": {"proportional_gain": 1.9241984097225997, "integral_gain": 0.09826549561457402, "derivative_gain": 0.08004654666559538, "max_value": 101.54335020819714, "min_value": 0.014108538834318904}, "pid_steer_parameters": {"proportional_gain": 2.3306847120573897, "integral_gain": 0.01385129861527235, "derivative_gain": 0.0047485166290678685, "max_value": 2.0084268891700368, "min_value": -2.09539763993368}, "max_forward_velocity": 0.8465274531849722, "turning_speed_ratio": 0.4415364125135369, "sharp_turn_forward_velocity": 1.9099041766330354, "sharp_turn_angular_velocity": 2.0942057662257696}