{"pid_speed_parameters": {"proportional_gain": 2.2372360836798233, "integral_gain": 0.09441223284584907, "derivative_gain": 0.08122538002762618, "max_value": 101.63210573425609, "min_value": 0.09032519530621419}, "pid_steer_parameters": {"proportional_gain": 2.1121473135153406, "integral_gain": 0.011529314754058464, "derivative_gain": 0.0049516527600809695, "max_value": 2.0144801126125778, "min_value": -2.0983574962318667}, "max_forward_velocity": 0.9017326865639803, "turning_speed_ratio": 0.3987614074123946, "sharp_turn_forward_velocity": 1.7900463524115555, "sharp_turn_angular_velocity": 2.319755781270384}