{"pid_speed_parameters": {"proportional_gain": 2.182855502565409, "integral_gain": 0.09622765351664958, "derivative_gain": 0.07860070418502067, "max_value": 101.42929678176394, "min_value": 0.011601150888762842}, "pid_steer_parameters": {"proportional_gain": 2.241332166076851, "integral_gain": 0.000583789140462447, "derivative_gain": 0.01055818351052621, "max_value": 1.9687566283083884, "min_value": -2.099645590718638}, "max_forward_velocity": 0.9233646774595892, "turning_speed_ratio": 0.35967993084281313, "sharp_turn_forward_velocity": 1.9999999999999978, "sharp_turn_angular_velocity": 2.1166459808240163}