{"pid_speed_parameters": {"proportional_gain": 1.9388732386738263, "integral_gain": 0.08349531503829759, "derivative_gain": 0.06727957995036422, "max_value": 101.64059309805958, "min_value": 0.031155177312762922}, "pid_steer_parameters": {"proportional_gain": 1.9662731423708284, "integral_gain": 0.023082472745223938, "derivative_gain": 0.007364141930210795, "max_value": 1.9630132525971973, "min_value": -2.0948612833482776}, "max_forward_velocity": 0.943239768424939, "turning_speed_ratio": 0.276342963956013, "sharp_turn_forward_velocity": 1.9004660290914965, "sharp_turn_angular_velocity": 2.053646361722067}