{"pid_speed_parameters": {"proportional_gain": 2.204860556892972, "integral_gain": 0.09899449010201615, "derivative_gain": 0.05695524067952677, "max_value": 100.69144923428071, "min_value": 0.21939076508953004}, "pid_steer_parameters": {"proportional_gain": 2.3577019021676002, "integral_gain": 0.0041272757455437506, "derivative_gain": 0.0024556530770607895, "max_value": 1.9370469069947798, "min_value": -2.0987597071341475}, "max_forward_velocity": 0.708337850861799, "turning_speed_ratio": 0.0028626522514358693, "sharp_turn_forward_velocity": 1.8911957380809727, "sharp_turn_angular_velocity": 2.59037950580022}