{"pid_speed_parameters": {"proportional_gain": 1.3845804050606674, "integral_gain": 0.09792002250996949, "derivative_gain": 0.0760249640860648, "max_value": 100.84686699157355, "min_value": 0.05077180462385225}, "pid_steer_parameters": {"proportional_gain": 2.6918719332536476, "integral_gain": 0.002847898618951134, "derivative_gain": 4.951745476923523e-05, "max_value": 2.0042881487126296, "min_value": -1.9143226374863915}, "max_forward_velocity": 0.9028297840340134, "turning_speed_ratio": 0.3292373852167062, "sharp_turn_forward_velocity": 1.4651308704437467, "sharp_turn_angular_velocity": 2.5949203041997144}