{"pid_speed_parameters": {"proportional_gain": 1.8048673123874028, "integral_gain": 0.09892268067176212, "derivative_gain": 0.07665535516558963, "max_value": 101.35766608669638, "min_value": 0.023980541770584778}, "pid_steer_parameters": {"proportional_gain": 2.2668017713992983, "integral_gain": 0.0019200826185362164, "derivative_gain": 0.016624339348706847, "max_value": 1.9875132697367521, "min_value": -2.099056325167081}, "max_forward_velocity": 1.2662358993569292, "turning_speed_ratio": 0.3492816039017952, "sharp_turn_forward_velocity": 1.9306661377629457, "sharp_turn_angular_velocity": 2.7052049089648538}