{"pid_speed_parameters": {"proportional_gain": 2.0396950035167913, "integral_gain": 0.07249020695932046, "derivative_gain": 0.06643911053914794, "max_value": 101.00144012098225, "min_value": 0.028947115221080188}, "pid_steer_parameters": {"proportional_gain": 1.9910284293977436, "integral_gain": 0.027960484736865594, "derivative_gain": 0.005215278617365355, "max_value": 1.9288715380317163, "min_value": -2.0975484402935143}, "max_forward_velocity": 1.447332448459522, "turning_speed_ratio": 0.5687827103787239, "sharp_turn_forward_velocity": 1.6079914271919873, "sharp_turn_angular_velocity": 1.7892619497760807}