{"pid_speed_parameters": {"proportional_gain": 1.7356075210885205, "integral_gain": 0.0996788787250065, "derivative_gain": 0.07198793155984592, "max_value": 101.30330784838833, "min_value": 0.01112465948104366}, "pid_steer_parameters": {"proportional_gain": 1.9615102593739826, "integral_gain": 0.00399018209178585, "derivative_gain": 0.0019735998065645733, "max_value": 1.9810030465598025, "min_value": -2.099046356824084}, "max_forward_velocity": 1.4209536512354093, "turning_speed_ratio": 0.3887799263581466, "sharp_turn_forward_velocity": 1.988594524038174, "sharp_turn_angular_velocity": 2.5360862453499635}