{"pid_speed_parameters": {"proportional_gain": 1.69318394242513, "integral_gain": 0.09885110692971934, "derivative_gain": 0.0756018709976675, "max_value": 101.9165983437611, "min_value": 0.004944822158594368}, "pid_steer_parameters": {"proportional_gain": 2.0616814816932982, "integral_gain": 0.0020820014122921123, "derivative_gain": 0.008663486035474547, "max_value": 1.9553679294781294, "min_value": -2.098761245662662}, "max_forward_velocity": 1.1359216132469887, "turning_speed_ratio": 0.445275099989763, "sharp_turn_forward_velocity": 1.9502658246534765, "sharp_turn_angular_velocity": 2.269394667072227}