{"pid_speed_parameters": {"proportional_gain": 1.8762049961855558, "integral_gain": 0.0780008817172925, "derivative_gain": 0.07028931806407802, "max_value": 101.80296661048908, "min_value": 0.11038904522158288}, "pid_steer_parameters": {"proportional_gain": 2.2930972156702154, "integral_gain": 0.02365839340728815, "derivative_gain": 0.006412861875754465, "max_value": 1.9964557499106006, "min_value": -2.086471872852437}, "max_forward_velocity": 1.1581924253248224, "turning_speed_ratio": 0.3601012099624894, "sharp_turn_forward_velocity": 1.7027029627915609, "sharp_turn_angular_velocity": 1.9173010640114032}