{"pid_speed_parameters": {"proportional_gain": 1.3588144442148853, "integral_gain": 0.09995815836049175, "derivative_gain": 0.0705956128255185, "max_value": 101.70990894157717, "min_value": 0.16689152505368426}, "pid_steer_parameters": {"proportional_gain": 2.4170346522501562, "integral_gain": 0.02046638942300391, "derivative_gain": 0.003135943788932698, "max_value": 1.9386726760667612, "min_value": -2.0962146203070944}, "max_forward_velocity": 1.19745889628056, "turning_speed_ratio": 0.00038941433417654525, "sharp_turn_forward_velocity": 1.6964184272919776, "sharp_turn_angular_velocity": 2.3714530761808197}