{"pid_speed_parameters": {"proportional_gain": 1.0372542620512724, "integral_gain": 0.05307989627179284, "derivative_gain": 0.08589104697140933, "max_value": 100.93575580551948, "min_value": 0.47219681685328274}, "pid_steer_parameters": {"proportional_gain": 2.976185081412867, "integral_gain": 0.00041411138670446765, "derivative_gain": 0.029344993751882476, "max_value": 2.0669056997176214, "min_value": -1.9356353387222007}, "max_forward_velocity": 0.9961538733916568, "turning_speed_ratio": 0.004920148984316559, "sharp_turn_forward_velocity": 1.9143181898896091, "sharp_turn_angular_velocity": 2.5690756981774956}