{"pid_speed_parameters": {"proportional_gain": 2.1531226664088114, "integral_gain": 0.09239514182587627, "derivative_gain": 0.07593718137723801, "max_value": 101.38447430413956, "min_value": 0.0957136159426975}, "pid_steer_parameters": {"proportional_gain": 2.251821302291297, "integral_gain": 0.01118728904489628, "derivative_gain": 0.003979669640457762, "max_value": 2.0231827620436214, "min_value": -2.094083351428281}, "max_forward_velocity": 0.9662597086088223, "turning_speed_ratio": 0.5202001725254419, "sharp_turn_forward_velocity": 1.930422805394533, "sharp_turn_angular_velocity": 2.2667973492015334}