{"pid_speed_parameters": {"proportional_gain": 1.7314004698138934, "integral_gain": 0.07504893779732669, "derivative_gain": 0.06826937135163698, "max_value": 101.84471886429037, "min_value": 0.00023613571726714428}, "pid_steer_parameters": {"proportional_gain": 1.7290229764210139, "integral_gain": 0.0332798498367134, "derivative_gain": 0.006909934687872998, "max_value": 1.9582604662095757, "min_value": -2.0729625077569565}, "max_forward_velocity": 1.116191656828158, "turning_speed_ratio": 0.34194679528902056, "sharp_turn_forward_velocity": 1.9437203146212854, "sharp_turn_angular_velocity": 1.8211640227995585}