{"pid_speed_parameters": {"proportional_gain": 2.0297084499769014, "integral_gain": 0.0790815084994872, "derivative_gain": 0.07228544395135766, "max_value": 101.38366607608026, "min_value": 0.04292647263441603}, "pid_steer_parameters": {"proportional_gain": 2.024344171403025, "integral_gain": 0.03138768935965933, "derivative_gain": 0.009199736176716865, "max_value": 1.955838046991132, "min_value": -2.0831013682157264}, "max_forward_velocity": 1.2454164445069476, "turning_speed_ratio": 0.5093005128407873, "sharp_turn_forward_velocity": 1.7807238812565687, "sharp_turn_angular_velocity": 1.8427624229007522}