{"pid_speed_parameters": {"proportional_gain": 1.7516685810456787, "integral_gain": 0.09071188163733399, "derivative_gain": 0.06820461427607705, "max_value": 102.02994440967247, "min_value": 0.034832126289264354}, "pid_steer_parameters": {"proportional_gain": 2.36653319067735, "integral_gain": 0.01874708622381385, "derivative_gain": 0.003714798533542582, "max_value": 1.9970556898334793, "min_value": -2.099545930042553}, "max_forward_velocity": 0.7663652546964563, "turning_speed_ratio": 0.48990048569243505, "sharp_turn_forward_velocity": 1.9422962002625446, "sharp_turn_angular_velocity": 2.028188491083701}