{"pid_speed_parameters": {"proportional_gain": 1.1345609333900073, "integral_gain": 0.041481123358414904, "derivative_gain": 0.07600212755565093, "max_value": 100.28755491939867, "min_value": 0.8497597652021889}, "pid_steer_parameters": {"proportional_gain": 2.4593332110835586, "integral_gain": 0.003257446363003226, "derivative_gain": 0.020343198540236643, "max_value": 1.9163550086740857, "min_value": -1.9552452006323022}, "max_forward_velocity": 1.6090979711397093, "turning_speed_ratio": 0.00302366838797366, "sharp_turn_forward_velocity": 0.5142716247912152, "sharp_turn_angular_velocity": 2.3189891117326966}