{"pid_speed_parameters": {"proportional_gain": 1.6474953301713873, "integral_gain": 0.09783254857034639, "derivative_gain": 0.05663526059827248, "max_value": 100.4797511291449, "min_value": 0.10242823661668021}, "pid_steer_parameters": {"proportional_gain": 1.9315599678062423, "integral_gain": 0.010860165874856399, "derivative_gain": 1.3761710726492183e-05, "max_value": 2.0007692069290863, "min_value": -2.0912489072804368}, "max_forward_velocity": 1.6087316756536902, "turning_speed_ratio": 0.18697237949936785, "sharp_turn_forward_velocity": 1.693745439786262, "sharp_turn_angular_velocity": 2.838661027063378}