{"pid_speed_parameters": {"proportional_gain": 2.3279634933688182, "integral_gain": 0.09738281948334113, "derivative_gain": 0.08661865032578364, "max_value": 101.39169047279127, "min_value": 0.12243027168804041}, "pid_steer_parameters": {"proportional_gain": 2.1005975253845914, "integral_gain": 0.0063867836997423075, "derivative_gain": 0.008177005736514777, "max_value": 1.9819722316276829, "min_value": -2.0999754675413724}, "max_forward_velocity": 0.9122781283024373, "turning_speed_ratio": 0.4127026339415971, "sharp_turn_forward_velocity": 1.9498776229127353, "sharp_turn_angular_velocity": 2.4204001895404246}