{"pid_speed_parameters": {"proportional_gain": 1.8194454972547591, "integral_gain": 0.09681018386860991, "derivative_gain": 0.08359000066017615, "max_value": 101.45468045063892, "min_value": 0.06960096723018333}, "pid_steer_parameters": {"proportional_gain": 2.285754962281892, "integral_gain": 0.002002141441846881, "derivative_gain": 0.008926621116188187, "max_value": 1.9672620375499978, "min_value": -2.099985813312999}, "max_forward_velocity": 1.12302904533731, "turning_speed_ratio": 0.12746665631615853, "sharp_turn_forward_velocity": 1.9197442743947206, "sharp_turn_angular_velocity": 2.4578836062188105}