{"pid_speed_parameters": {"proportional_gain": 1.8557910546484124, "integral_gain": 0.07347214557654708, "derivative_gain": 0.07870989798819335, "max_value": 101.5891212451147, "min_value": 0.13704421187801286}, "pid_steer_parameters": {"proportional_gain": 2.2091964913529263, "integral_gain": 0.04277795708753621, "derivative_gain": 0.009347108074918032, "max_value": 1.9417359067500042, "min_value": -2.099712179880551}, "max_forward_velocity": 1.1873480389848348, "turning_speed_ratio": 0.5704275532117723, "sharp_turn_forward_velocity": 1.4758304135581104, "sharp_turn_angular_velocity": 1.6936982105090934}