{"pid_speed_parameters": {"proportional_gain": 2.2255292941023725, "integral_gain": 0.07818776231342017, "derivative_gain": 0.07622889816925414, "max_value": 101.36324351282636, "min_value": 0.1405178929785435}, "pid_steer_parameters": {"proportional_gain": 2.0335081969404483, "integral_gain": 0.036972536516793934, "derivative_gain": 0.007405395264917659, "max_value": 1.9588812543767697, "min_value": -2.0935957195371686}, "max_forward_velocity": 1.2899291510957733, "turning_speed_ratio": 0.39900619267040066, "sharp_turn_forward_velocity": 1.9446054516638167, "sharp_turn_angular_velocity": 1.6888155340604443}