{"pid_speed_parameters": {"proportional_gain": 2.000179287440046, "integral_gain": 0.09867381974440487, "derivative_gain": 0.08350378646278724, "max_value": 101.60016584576485, "min_value": 0.0045694657520282565}, "pid_steer_parameters": {"proportional_gain": 2.3629941375500265, "integral_gain": 0.01789482999050056, "derivative_gain": 0.004030010995461912, "max_value": 1.9927077761158785, "min_value": -2.0999497710207056}, "max_forward_velocity": 0.8899757809395115, "turning_speed_ratio": 0.35227808617548834, "sharp_turn_forward_velocity": 1.7549949240780849, "sharp_turn_angular_velocity": 2.1383477214027238}