{"pid_speed_parameters": {"proportional_gain": 2.2506350669024577, "integral_gain": 0.09726334559307095, "derivative_gain": 0.08454534773498967, "max_value": 101.14292557014618, "min_value": 0.002268572999976655}, "pid_steer_parameters": {"proportional_gain": 2.266220572014873, "integral_gain": 0.00011577743652145962, "derivative_gain": 0.004240490855513345, "max_value": 2.016842232429115, "min_value": -2.0909743244773495}, "max_forward_velocity": 0.7279651905164171, "turning_speed_ratio": 0.46761265834360544, "sharp_turn_forward_velocity": 1.7810702952928812, "sharp_turn_angular_velocity": 2.1353718029840465}