{"pid_speed_parameters": {"proportional_gain": 1.8124534490350162, "integral_gain": 0.09871296189473967, "derivative_gain": 0.07426961690672504, "max_value": 101.65297185424355, "min_value": 0.17456419756806074}, "pid_steer_parameters": {"proportional_gain": 2.311273779994501, "integral_gain": 0.016323593977831615, "derivative_gain": 0.0032061399728571622, "max_value": 1.9948654404484192, "min_value": -2.099039366136214}, "max_forward_velocity": 1.025088462031122, "turning_speed_ratio": 0.3460445951977267, "sharp_turn_forward_velocity": 1.9313643263326783, "sharp_turn_angular_velocity": 2.2850986011182326}