{"pid_speed_parameters": {"proportional_gain": 2.0762466238580677, "integral_gain": 0.06738913576958773, "derivative_gain": 0.07649537965612829, "max_value": 101.45118512635491, "min_value": 0.013326759986476916}, "pid_steer_parameters": {"proportional_gain": 2.038757895771475, "integral_gain": 0.03882732837302825, "derivative_gain": 0.005968473559780175, "max_value": 1.942260676288858, "min_value": -2.090261169573003}, "max_forward_velocity": 1.0673413520695432, "turning_speed_ratio": 0.502266753607544, "sharp_turn_forward_velocity": 1.732477049110633, "sharp_turn_angular_velocity": 1.8424829936645706}