{"pid_speed_parameters": {"proportional_gain": 2.138388304157057, "integral_gain": 0.08825396778743677, "derivative_gain": 0.08728922225956987, "max_value": 101.38099109158121, "min_value": 4.972079428068052e-06}, "pid_steer_parameters": {"proportional_gain": 2.601781287442358, "integral_gain": 2.4289346594364708e-06, "derivative_gain": 0.0063445557234393735, "max_value": 2.026161071896984, "min_value": -2.0830167417792484}, "max_forward_velocity": 0.8655945418335564, "turning_speed_ratio": 0.42354281254789683, "sharp_turn_forward_velocity": 1.8931706799742998, "sharp_turn_angular_velocity": 2.2263372159825967}