{"pid_speed_parameters": {"proportional_gain": 1.9145510418308889, "integral_gain": 0.08585294794430966, "derivative_gain": 0.07235234950137995, "max_value": 101.54439674118366, "min_value": 0.12635065872411622}, "pid_steer_parameters": {"proportional_gain": 2.4071427809584973, "integral_gain": 0.04333906472257716, "derivative_gain": 0.009462181654853472, "max_value": 1.9398955804013187, "min_value": -2.0982032100184798}, "max_forward_velocity": 1.129460852795617, "turning_speed_ratio": 0.6058513159980324, "sharp_turn_forward_velocity": 1.6231842685224198, "sharp_turn_angular_velocity": 1.7527532999599524}