{"pid_speed_parameters": {"proportional_gain": 1.7543562715238474, "integral_gain": 0.07379330657207586, "derivative_gain": 0.06700455847749946, "max_value": 101.81530094028145, "min_value": 0.09134870862465944}, "pid_steer_parameters": {"proportional_gain": 2.007915708110753, "integral_gain": 0.03788358571398277, "derivative_gain": 0.003716031209583568, "max_value": 1.9819979180458154, "min_value": -2.078810324874408}, "max_forward_velocity": 1.3530132402982058, "turning_speed_ratio": 0.5603445872744227, "sharp_turn_forward_velocity": 1.8456243288869858, "sharp_turn_angular_velocity": 1.6652885626736222}