{"pid_speed_parameters": {"proportional_gain": 1.4754637370504198, "integral_gain": 0.0999985336051236, "derivative_gain": 0.07326287671931472, "max_value": 101.06850954421905, "min_value": 0.32218541634981834}, "pid_steer_parameters": {"proportional_gain": 2.1039800558664035, "integral_gain": 0.0033319507104516317, "derivative_gain": 0.022853421391358802, "max_value": 1.9897331031220846, "min_value": -2.09935316807052}, "max_forward_velocity": 0.9534636809751911, "turning_speed_ratio": 0.12278689420663647, "sharp_turn_forward_velocity": 1.748608687815026, "sharp_turn_angular_velocity": 2.4665618326200325}