{"pid_speed_parameters": {"proportional_gain": 2.1520955125841343, "integral_gain": 0.0647861712624673, "derivative_gain": 0.07066983928907711, "max_value": 100.66191122401486, "min_value": 0.5919107180156322}, "pid_steer_parameters": {"proportional_gain": 2.554129601826361, "integral_gain": 0.004108691712669649, "derivative_gain": 0.0027868373597549944, "max_value": 2.063830120542323, "min_value": -2.071394998446916}, "max_forward_velocity": 1.9850150371856006, "turning_speed_ratio": 0.3808277756474087, "sharp_turn_forward_velocity": 1.441120905485919, "sharp_turn_angular_velocity": 2.066070496001868}