{"pid_speed_parameters": {"proportional_gain": 1.7473085008795992, "integral_gain": 0.08763961991434016, "derivative_gain": 0.07548193054820296, "max_value": 101.80753954630939, "min_value": 0.19625618032656944}, "pid_steer_parameters": {"proportional_gain": 2.2064591425364046, "integral_gain": 0.015159373694701096, "derivative_gain": 0.0005956695884709044, "max_value": 2.008069539955845, "min_value": -2.0972571121833856}, "max_forward_velocity": 1.0047965901039158, "turning_speed_ratio": 0.45649252933128537, "sharp_turn_forward_velocity": 1.7515689118952533, "sharp_turn_angular_velocity": 2.0873296370674317}