{"pid_speed_parameters": {"proportional_gain": 1.052634178664106, "integral_gain": 0.050781243252379614, "derivative_gain": 0.03260482256540743, "max_value": 99.966809022356, "min_value": 0.6825029898035199}, "pid_steer_parameters": {"proportional_gain": 2.2697549407558557, "integral_gain": 0.001209401999989113, "derivative_gain": 0.03360743804293906, "max_value": 2.005420441612213, "min_value": -1.9747479116834603}, "max_forward_velocity": 1.9405235309854183, "turning_speed_ratio": 0.28539625090503395, "sharp_turn_forward_velocity": 1.067176068590883, "sharp_turn_angular_velocity": 2.1399803188354367}