{"pid_speed_parameters": {"proportional_gain": 2.1100314425947593, "integral_gain": 0.06920095115252495, "derivative_gain": 0.0808769407555185, "max_value": 101.59033836840504, "min_value": 0.10288521179813703}, "pid_steer_parameters": {"proportional_gain": 1.7585379767485878, "integral_gain": 0.05514104094496216, "derivative_gain": 0.008309458263548378, "max_value": 1.9382962784029116, "min_value": -2.0760279520421356}, "max_forward_velocity": 1.1416828938418575, "turning_speed_ratio": 0.543511764176017, "sharp_turn_forward_velocity": 1.534767358344167, "sharp_turn_angular_velocity": 1.691614514964178}