{"pid_speed_parameters": {"proportional_gain": 2.2518281656779138, "integral_gain": 0.09483590331982379, "derivative_gain": 0.08116379003937416, "max_value": 101.52494093349111, "min_value": 0.021242932907390086}, "pid_steer_parameters": {"proportional_gain": 2.1221968368412445, "integral_gain": 0.008244236668856847, "derivative_gain": 0.004136567998169886, "max_value": 2.034275354688208, "min_value": -2.092198679450964}, "max_forward_velocity": 0.8322036496238692, "turning_speed_ratio": 0.6150195228879055, "sharp_turn_forward_velocity": 1.9522297009494993, "sharp_turn_angular_velocity": 2.2986816667345935}