{"pid_speed_parameters": {"proportional_gain": 1.8198139440965153, "integral_gain": 0.045576859689850625, "derivative_gain": 0.03593377681009313, "max_value": 101.32618061379516, "min_value": 0.035466695666455474}, "pid_steer_parameters": {"proportional_gain": 2.7325494436867235, "integral_gain": 0.005589880312112407, "derivative_gain": 0.001836744647258777, "max_value": 2.0226778088346804, "min_value": -2.0577913807577124}, "max_forward_velocity": 0.05676866319517064, "turning_speed_ratio": 0.0018927433370037937, "sharp_turn_forward_velocity": 1.9999706378170323, "sharp_turn_angular_velocity": 1.8491316469490906}