{"pid_speed_parameters": {"proportional_gain": 1.9074360232133647, "integral_gain": 0.09967735432072002, "derivative_gain": 0.06214819865713783, "max_value": 100.91602272381513, "min_value": 0.29889025864443486}, "pid_steer_parameters": {"proportional_gain": 2.04490113746437, "integral_gain": 0.004665903167511106, "derivative_gain": 0.014196462605137697, "max_value": 1.9800359304385484, "min_value": -2.0999123046944144}, "max_forward_velocity": 1.3431791254227934, "turning_speed_ratio": 0.03863880850348452, "sharp_turn_forward_velocity": 1.909428425924032, "sharp_turn_angular_velocity": 2.446692919726674}