{"pid_speed_parameters": {"proportional_gain": 1.6635150377032932, "integral_gain": 0.09838111211428681, "derivative_gain": 0.08491507020163602, "max_value": 101.7165246912568, "min_value": 0.11472682034097487}, "pid_steer_parameters": {"proportional_gain": 2.275943802749275, "integral_gain": 0.010398342485422799, "derivative_gain": 0.00039083098735092183, "max_value": 1.9592826506500307, "min_value": -2.097301147832736}, "max_forward_velocity": 0.717759578526624, "turning_speed_ratio": 0.025293334941518034, "sharp_turn_forward_velocity": 1.9174885178899665, "sharp_turn_angular_velocity": 1.7854201256321092}