{"pid_speed_parameters": {"proportional_gain": 1.9234318278626674, "integral_gain": 0.08153173664358324, "derivative_gain": 0.07424908797803886, "max_value": 101.60886617579033, "min_value": 0.008717473213706492}, "pid_steer_parameters": {"proportional_gain": 2.217360352861178, "integral_gain": 0.035958652509217835, "derivative_gain": 0.004823630569647675, "max_value": 1.9311589009629244, "min_value": -2.0949876091713397}, "max_forward_velocity": 1.0484722343267627, "turning_speed_ratio": 0.6124992189586983, "sharp_turn_forward_velocity": 1.7966063154586926, "sharp_turn_angular_velocity": 1.857355841983846}