{"pid_speed_parameters": {"proportional_gain": 2.0806478289215757, "integral_gain": 0.0998098399149939, "derivative_gain": 0.09383824352681125, "max_value": 101.89560161427688, "min_value": 0.10198542112377063}, "pid_steer_parameters": {"proportional_gain": 2.4146810796869307, "integral_gain": 0.01577141926874079, "derivative_gain": 0.004596488294488566, "max_value": 1.963520719857448, "min_value": -2.0782022950127246}, "max_forward_velocity": 1.269991919323785, "turning_speed_ratio": 0.007620732845345287, "sharp_turn_forward_velocity": 1.957885938876317, "sharp_turn_angular_velocity": 2.1779561935118212}