{"pid_speed_parameters": {"proportional_gain": 1.7279522383973225, "integral_gain": 0.08962034931747645, "derivative_gain": 0.05470058890401254, "max_value": 100.80499650312626, "min_value": 0.006636528326856269}, "pid_steer_parameters": {"proportional_gain": 2.783267776702739, "integral_gain": 0.011553152246954896, "derivative_gain": 0.0007307797393149346, "max_value": 1.980469493965791, "min_value": -1.9335990271174686}, "max_forward_velocity": 1.6227134630795297, "turning_speed_ratio": 0.3854970294333611, "sharp_turn_forward_velocity": 1.9120292417801277, "sharp_turn_angular_velocity": 1.6728219227459595}