{"pid_speed_parameters": {"proportional_gain": 1.9019682674550147, "integral_gain": 0.07157034210959323, "derivative_gain": 0.06814147658942893, "max_value": 101.4041968013254, "min_value": 0.08263288219309567}, "pid_steer_parameters": {"proportional_gain": 2.1790447092629255, "integral_gain": 0.037080936674648804, "derivative_gain": 0.009896126566732345, "max_value": 1.943422206593518, "min_value": -2.095679327073352}, "max_forward_velocity": 1.174889813066563, "turning_speed_ratio": 0.5856880204221283, "sharp_turn_forward_velocity": 1.9499164194758538, "sharp_turn_angular_velocity": 1.9001272188372889}