{"pid_speed_parameters": {"proportional_gain": 1.3144516342692274, "integral_gain": 0.04481817125836221, "derivative_gain": 0.04584582750484656, "max_value": 100.67478851645595, "min_value": 0.11369274291759872}, "pid_steer_parameters": {"proportional_gain": 2.891797526517895, "integral_gain": 2.0308138771899756e-05, "derivative_gain": 0.0024259246074951083, "max_value": 2.0634155747722445, "min_value": -1.9130380045482318}, "max_forward_velocity": 1.5511378329719927, "turning_speed_ratio": 0.18046243727648048, "sharp_turn_forward_velocity": 1.9852597746202787, "sharp_turn_angular_velocity": 1.9478901787054352}