{"pid_speed_parameters": {"proportional_gain": 1.811935231065534, "integral_gain": 0.03993464950456013, "derivative_gain": 0.018557747646282922, "max_value": 100.14825288194615, "min_value": 0.007575222106741223}, "pid_steer_parameters": {"proportional_gain": 2.9998174193994935, "integral_gain": 0.01777091297472876, "derivative_gain": 0.006077461525952275, "max_value": 2.0793600691341436, "min_value": -2.048695159319359}, "max_forward_velocity": 1.746235991369338, "turning_speed_ratio": 0.00022856251160345686, "sharp_turn_forward_velocity": 1.5043720776832454, "sharp_turn_angular_velocity": 2.262961277636302}