{"pid_speed_parameters": {"proportional_gain": 1.8156558199345394, "integral_gain": 0.06800437055039413, "derivative_gain": 0.06834595848416017, "max_value": 101.91800817371849, "min_value": 0.07162145996526498}, "pid_steer_parameters": {"proportional_gain": 2.071653315892793, "integral_gain": 0.03362024090579453, "derivative_gain": 0.006027735881679723, "max_value": 1.9780866849800336, "min_value": -2.084243963373567}, "max_forward_velocity": 1.191532325428261, "turning_speed_ratio": 0.36350328711617463, "sharp_turn_forward_velocity": 1.6599752450798748, "sharp_turn_angular_velocity": 1.923483753121793}