{"pid_speed_parameters": {"proportional_gain": 1.7502236019513298, "integral_gain": 0.09890103369806778, "derivative_gain": 0.042605054187600126, "max_value": 101.24490195698301, "min_value": 0.5651321394324718}, "pid_steer_parameters": {"proportional_gain": 2.590426477096583, "integral_gain": 0.0033096425901597243, "derivative_gain": 0.01795302864576375, "max_value": 2.0043676996101256, "min_value": -1.9973306645209556}, "max_forward_velocity": 0.611165097278985, "turning_speed_ratio": 0.05116420737411739, "sharp_turn_forward_velocity": 1.4621027320572026, "sharp_turn_angular_velocity": 1.7537937714909404}