{"pid_speed_parameters": {"proportional_gain": 1.4125601117056255, "integral_gain": 0.09249688204361488, "derivative_gain": 0.02364173140002904, "max_value": 101.75870515392327, "min_value": 0.034970520290107374}, "pid_steer_parameters": {"proportional_gain": 2.978422420908788, "integral_gain": 0.004521815446066351, "derivative_gain": 0.0021965933680207672, "max_value": 1.934686073068813, "min_value": -2.094712994759621}, "max_forward_velocity": 1.2690570992549322, "turning_speed_ratio": 0.1467487603907956, "sharp_turn_forward_velocity": 1.8965670261637781, "sharp_turn_angular_velocity": 1.964354017613425}