{"pid_speed_parameters": {"proportional_gain": 2.1465688270719445, "integral_gain": 0.07153467039078103, "derivative_gain": 0.07619753745504795, "max_value": 101.40189872292491, "min_value": 0.045964802000796924}, "pid_steer_parameters": {"proportional_gain": 2.0485095081808917, "integral_gain": 0.044573721098453145, "derivative_gain": 0.012339568401176917, "max_value": 1.9419943114044818, "min_value": -2.0963530312019456}, "max_forward_velocity": 1.2267360380042895, "turning_speed_ratio": 0.5854771573096939, "sharp_turn_forward_velocity": 1.5553132742246105, "sharp_turn_angular_velocity": 1.5889436232411662}