{"pid_speed_parameters": {"proportional_gain": 2.63804507933484, "integral_gain": 0.09270959348345423, "derivative_gain": 0.08363114716547022, "max_value": 101.41781427362997, "min_value": 0.2145796322607577}, "pid_steer_parameters": {"proportional_gain": 1.8362159163033318, "integral_gain": 7.266784555377132e-05, "derivative_gain": 0.013401615856677125, "max_value": 2.0270430157412873, "min_value": -2.0988302022076475}, "max_forward_velocity": 0.8772343600305832, "turning_speed_ratio": 0.4762256202328625, "sharp_turn_forward_velocity": 1.6241457398840924, "sharp_turn_angular_velocity": 2.5698207427171704}