{"pid_speed_parameters": {"proportional_gain": 1.830356052069712, "integral_gain": 0.07914379963308012, "derivative_gain": 0.07074608268790777, "max_value": 101.87598253370925, "min_value": 0.0193147732797709}, "pid_steer_parameters": {"proportional_gain": 2.0741879097618208, "integral_gain": 0.03583648910224417, "derivative_gain": 0.005216878459546526, "max_value": 1.9522123598212793, "min_value": -2.094712200001902}, "max_forward_velocity": 1.0935904309274456, "turning_speed_ratio": 0.5261518922163604, "sharp_turn_forward_velocity": 1.8570514856823093, "sharp_turn_angular_velocity": 1.9565041316002607}