{"pid_speed_parameters": {"proportional_gain": 2.0205085490260766, "integral_gain": 0.07658208537605918, "derivative_gain": 0.07949291761924579, "max_value": 101.44982140580993, "min_value": 0.12943914301896173}, "pid_steer_parameters": {"proportional_gain": 2.0016970944347783, "integral_gain": 0.05278504987836918, "derivative_gain": 0.013000078956356376, "max_value": 1.9225868884311934, "min_value": -2.0849300083195286}, "max_forward_velocity": 1.2960219140442673, "turning_speed_ratio": 0.5934541163505339, "sharp_turn_forward_velocity": 1.8828283084728652, "sharp_turn_angular_velocity": 1.6916208303976257}