{"pid_speed_parameters": {"proportional_gain": 1.1573832369291135, "integral_gain": 0.09931114400685892, "derivative_gain": 0.08986363858035626, "max_value": 101.59455832332712, "min_value": 0.10296616906293524}, "pid_steer_parameters": {"proportional_gain": 2.9537902374227327, "integral_gain": 0.0365093506367839, "derivative_gain": 0.00020631621555404207, "max_value": 1.9625551209929333, "min_value": -2.077351523297953}, "max_forward_velocity": 1.5017379792847987, "turning_speed_ratio": 0.2574417584379468, "sharp_turn_forward_velocity": 1.8433624618834286, "sharp_turn_angular_velocity": 2.2070121009449544}