{"pid_speed_parameters": {"proportional_gain": 2.111711205845114, "integral_gain": 0.09955541283681375, "derivative_gain": 0.08519317818468936, "max_value": 101.80620468163885, "min_value": 0.03461333529193205}, "pid_steer_parameters": {"proportional_gain": 2.4976086253467313, "integral_gain": 0.018593216436237684, "derivative_gain": 0.005499454649778159, "max_value": 1.981439673546176, "min_value": -2.0986074811937296}, "max_forward_velocity": 0.7199755583846468, "turning_speed_ratio": 0.3043700242055073, "sharp_turn_forward_velocity": 1.6926081114599048, "sharp_turn_angular_velocity": 2.1095193211577916}