{"pid_speed_parameters": {"proportional_gain": 1.770022798416499, "integral_gain": 0.09943338822457873, "derivative_gain": 0.07469675218751261, "max_value": 101.49488923707881, "min_value": 0.106729702830923}, "pid_steer_parameters": {"proportional_gain": 2.256531268957011, "integral_gain": 0.0032232965504259635, "derivative_gain": 0.002609352094235249, "max_value": 2.049569257695985, "min_value": -2.0954347377936906}, "max_forward_velocity": 1.046476499710431, "turning_speed_ratio": 0.478009198510693, "sharp_turn_forward_velocity": 1.9766786689965818, "sharp_turn_angular_velocity": 2.6302276019970856}