{"pid_speed_parameters": {"proportional_gain": 1.8078748249435277, "integral_gain": 0.0923198305343654, "derivative_gain": 0.08212529346862049, "max_value": 101.42932993128547, "min_value": 0.2537197978188095}, "pid_steer_parameters": {"proportional_gain": 2.375725430211654, "integral_gain": 0.001571855570707913, "derivative_gain": 0.018209148605641327, "max_value": 1.9339056089850966, "min_value": -2.099437838704645}, "max_forward_velocity": 0.944074236297674, "turning_speed_ratio": 0.3096754528879005, "sharp_turn_forward_velocity": 1.9579936169860341, "sharp_turn_angular_velocity": 2.6347703428929403}