{"pid_speed_parameters": {"proportional_gain": 1.54561102205565, "integral_gain": 0.09945186225857233, "derivative_gain": 0.06662985406663581, "max_value": 101.41504535767277, "min_value": 0.009278090296454142}, "pid_steer_parameters": {"proportional_gain": 2.3814677739393426, "integral_gain": 0.005809574152515435, "derivative_gain": 1.5506749750285006e-05, "max_value": 1.9967805965510508, "min_value": -2.081124026646598}, "max_forward_velocity": 0.8278502849979743, "turning_speed_ratio": 0.4296217510130321, "sharp_turn_forward_velocity": 1.5424298040953437, "sharp_turn_angular_velocity": 2.3983378727151563}