{"pid_speed_parameters": {"proportional_gain": 2.1433382994274037, "integral_gain": 0.08550077148281539, "derivative_gain": 0.07428518266142711, "max_value": 101.30264682912001, "min_value": 0.005886782412919854}, "pid_steer_parameters": {"proportional_gain": 2.1565388291106315, "integral_gain": 0.0007404371343879903, "derivative_gain": 0.0077576174815935425, "max_value": 2.0184420310833993, "min_value": -2.092208356796886}, "max_forward_velocity": 1.2505039885963891, "turning_speed_ratio": 0.6381344272968684, "sharp_turn_forward_velocity": 1.8494644032938952, "sharp_turn_angular_velocity": 2.5350966697729094}