{"pid_speed_parameters": {"proportional_gain": 1.84317525577195, "integral_gain": 0.0774689264544916, "derivative_gain": 0.07276775677008714, "max_value": 101.845444868664, "min_value": 0.14173702470444466}, "pid_steer_parameters": {"proportional_gain": 2.0396301341194687, "integral_gain": 0.019742270509591243, "derivative_gain": 0.004514831488909782, "max_value": 2.0021993712382873, "min_value": -2.0773744168053785}, "max_forward_velocity": 1.2909455091226454, "turning_speed_ratio": 0.5610260462281199, "sharp_turn_forward_velocity": 1.7796692807286294, "sharp_turn_angular_velocity": 2.0376186044991007}