{"pid_speed_parameters": {"proportional_gain": 2.4152869926655702, "integral_gain": 0.09450308160609495, "derivative_gain": 0.07773581503533211, "max_value": 101.54603375842295, "min_value": 0.19216460059854928}, "pid_steer_parameters": {"proportional_gain": 2.009399094009951, "integral_gain": 0.002711229782734748, "derivative_gain": 0.0035938640223801325, "max_value": 2.0492883487393003, "min_value": -2.094527613359671}, "max_forward_velocity": 0.8423782835057962, "turning_speed_ratio": 0.6609859616101182, "sharp_turn_forward_velocity": 1.996642599981099, "sharp_turn_angular_velocity": 2.208514283106227}