{"pid_speed_parameters": {"proportional_gain": 2.0974889009714985, "integral_gain": 0.09779630856413951, "derivative_gain": 0.08247084881760888, "max_value": 101.32487873333996, "min_value": 0.44075318620009096}, "pid_steer_parameters": {"proportional_gain": 2.6224690237721076, "integral_gain": 0.009971781034816902, "derivative_gain": 0.014823509756201114, "max_value": 1.9728971911081952, "min_value": -2.0976838161841784}, "max_forward_velocity": 0.5886593844363679, "turning_speed_ratio": 0.11174358029361936, "sharp_turn_forward_velocity": 1.9025159466085815, "sharp_turn_angular_velocity": 2.4463187349119617}