{"pid_speed_parameters": {"proportional_gain": 1.678976112266891, "integral_gain": 0.08508779649188188, "derivative_gain": 0.07071640892297175, "max_value": 101.82457391408501, "min_value": 0.11751095690047247}, "pid_steer_parameters": {"proportional_gain": 2.2494738842698236, "integral_gain": 0.017499096388357335, "derivative_gain": 0.0038451875487048575, "max_value": 2.0047867608281473, "min_value": -2.0995526304103898}, "max_forward_velocity": 0.9689283398855535, "turning_speed_ratio": 0.29987345367023255, "sharp_turn_forward_velocity": 1.7436600538019984, "sharp_turn_angular_velocity": 2.068091456212565}