{"pid_speed_parameters": {"proportional_gain": 2.4698333385358398, "integral_gain": 0.0933925235194235, "derivative_gain": 0.07318022818221948, "max_value": 101.22317133403745, "min_value": 0.05280443561489259}, "pid_steer_parameters": {"proportional_gain": 2.2927419181081685, "integral_gain": 0.00010269376541459176, "derivative_gain": 0.007558386604181938, "max_value": 1.994377926999977, "min_value": -2.099908426170906}, "max_forward_velocity": 0.952106260131826, "turning_speed_ratio": 0.1671298268441893, "sharp_turn_forward_velocity": 1.9656947605095136, "sharp_turn_angular_velocity": 2.4883278847296237}