{"pid_speed_parameters": {"proportional_gain": 1.9615124459737119, "integral_gain": 0.07068734717538053, "derivative_gain": 0.07471454412093108, "max_value": 101.63010839997811, "min_value": 0.009570471166972551}, "pid_steer_parameters": {"proportional_gain": 2.2633092519317013, "integral_gain": 0.030922231552493868, "derivative_gain": 0.006874545006810264, "max_value": 1.9500222301691972, "min_value": -2.098478280623959}, "max_forward_velocity": 1.0855220691582836, "turning_speed_ratio": 0.6562762352580723, "sharp_turn_forward_velocity": 1.6754574054817672, "sharp_turn_angular_velocity": 1.7994101047927586}