{"pid_speed_parameters": {"proportional_gain": 2.2485439275892674, "integral_gain": 0.09890136646586832, "derivative_gain": 0.0859703316195083, "max_value": 101.39693167948704, "min_value": 0.09932744566855797}, "pid_steer_parameters": {"proportional_gain": 2.155441251781753, "integral_gain": 0.014434323887719307, "derivative_gain": 0.003310146731477231, "max_value": 2.002078327645327, "min_value": -2.0998846829228874}, "max_forward_velocity": 0.8951724897817357, "turning_speed_ratio": 0.3749978097017228, "sharp_turn_forward_velocity": 1.8895543917698268, "sharp_turn_angular_velocity": 2.4852906040168903}