{"pid_speed_parameters": {"proportional_gain": 2.4341987823528894, "integral_gain": 0.09758308671570219, "derivative_gain": 0.07830835933944769, "max_value": 101.46703526074685, "min_value": 0.09824657286886768}, "pid_steer_parameters": {"proportional_gain": 1.9421378683220891, "integral_gain": 0.00873639347689539, "derivative_gain": 0.010062361205513244, "max_value": 2.0001732308298212, "min_value": -2.0984641736839165}, "max_forward_velocity": 0.8740328632373782, "turning_speed_ratio": 0.5071960337344441, "sharp_turn_forward_velocity": 1.9462283034545271, "sharp_turn_angular_velocity": 2.1052108473475903}