{"pid_speed_parameters": {"proportional_gain": 1.1943720909353326, "integral_gain": 0.079529725123958, "derivative_gain": 0.05919611393212232, "max_value": 100.71759395464903, "min_value": 0.2554499056147808}, "pid_steer_parameters": {"proportional_gain": 2.6441409714624813, "integral_gain": 0.011685882370465712, "derivative_gain": 0.020424893905819, "max_value": 2.0122789564485144, "min_value": -2.050108842997649}, "max_forward_velocity": 1.9046479893864174, "turning_speed_ratio": 0.31044362372852363, "sharp_turn_forward_velocity": 1.793077400315626, "sharp_turn_angular_velocity": 2.3652180658956694}