{"pid_speed_parameters": {"proportional_gain": 2.196186279223733, "integral_gain": 0.09140769730966286, "derivative_gain": 0.07786336628279421, "max_value": 101.13148448112199, "min_value": 0.00012193384937083613}, "pid_steer_parameters": {"proportional_gain": 2.1598161401487483, "integral_gain": 0.004544003069898963, "derivative_gain": 0.015171029109869151, "max_value": 1.9924431538516165, "min_value": -2.0970218038680706}, "max_forward_velocity": 1.0577665985653621, "turning_speed_ratio": 0.343609218372422, "sharp_turn_forward_velocity": 1.9929943369306133, "sharp_turn_angular_velocity": 2.3605978702272243}