{"pid_speed_parameters": {"proportional_gain": 1.0064534918221988, "integral_gain": 0.07542657744571656, "derivative_gain": 0.049790239392551325, "max_value": 100.84342420741487, "min_value": 0.499596314997504}, "pid_steer_parameters": {"proportional_gain": 2.980809857370352, "integral_gain": 0.0008818350511397534, "derivative_gain": 0.005860374843418075, "max_value": 2.0950396994012337, "min_value": -1.9731261332170378}, "max_forward_velocity": 0.05025032419789673, "turning_speed_ratio": 0.023030147334799654, "sharp_turn_forward_velocity": 1.91850438886331, "sharp_turn_angular_velocity": 2.3183621658458224}