{"pid_speed_parameters": {"proportional_gain": 1.167476808319484, "integral_gain": 0.09168123516649512, "derivative_gain": 0.033911362116286495, "max_value": 101.57285673717422, "min_value": 0.00015470869998503184}, "pid_steer_parameters": {"proportional_gain": 2.437501992663737, "integral_gain": 1.7005221365201721e-06, "derivative_gain": 0.0002528629650122054, "max_value": 1.9180933929836297, "min_value": -2.096920092706695}, "max_forward_velocity": 0.9180341858010888, "turning_speed_ratio": 0.7626935797839594, "sharp_turn_forward_velocity": 1.6610660775223802, "sharp_turn_angular_velocity": 1.6202241291111705}