{"pid_speed_parameters": {"proportional_gain": 1.6471288304546037, "integral_gain": 0.09709825590761206, "derivative_gain": 0.09497452042859661, "max_value": 101.72764866633732, "min_value": 0.06481811115212299}, "pid_steer_parameters": {"proportional_gain": 2.6656599390826505, "integral_gain": 0.022112024323298264, "derivative_gain": 0.008377960383672474, "max_value": 1.9599348593800543, "min_value": -2.0980125783649}, "max_forward_velocity": 0.7905947039985297, "turning_speed_ratio": 0.20908174486999181, "sharp_turn_forward_velocity": 1.5811594885195366, "sharp_turn_angular_velocity": 1.7915797719074855}