{"pid_speed_parameters": {"proportional_gain": 1.7327498466066498, "integral_gain": 0.08250148394383805, "derivative_gain": 0.07747065692516807, "max_value": 101.8912699151288, "min_value": 0.20679562033390875}, "pid_steer_parameters": {"proportional_gain": 2.194894876583262, "integral_gain": 0.01973655774599177, "derivative_gain": 0.0006465547024940379, "max_value": 2.015373265081192, "min_value": -2.097311069351433}, "max_forward_velocity": 1.088745063687211, "turning_speed_ratio": 0.47313112922949885, "sharp_turn_forward_velocity": 1.815229142650436, "sharp_turn_angular_velocity": 2.185246670335129}