{"pid_speed_parameters": {"proportional_gain": 1.8358164218627424, "integral_gain": 0.06735960042758182, "derivative_gain": 0.0758176466660222, "max_value": 101.98529358546863, "min_value": 0.0530170699011141}, "pid_steer_parameters": {"proportional_gain": 2.279647391481672, "integral_gain": 0.03946496416905314, "derivative_gain": 0.00305623510021531, "max_value": 1.9772631695022589, "min_value": -2.087027204227342}, "max_forward_velocity": 1.1176672597950443, "turning_speed_ratio": 0.4637765055539079, "sharp_turn_forward_velocity": 1.7184083068677243, "sharp_turn_angular_velocity": 1.8206635207734356}