{"pid_speed_parameters": {"proportional_gain": 2.1427182979965256, "integral_gain": 0.07671670219554062, "derivative_gain": 0.07449672204545221, "max_value": 101.51317781559622, "min_value": 0.06474651721033495}, "pid_steer_parameters": {"proportional_gain": 1.9921053584860844, "integral_gain": 0.03161588471840606, "derivative_gain": 0.0069992391222698696, "max_value": 1.9720482541962372, "min_value": -2.0900339004899595}, "max_forward_velocity": 1.1825320298540107, "turning_speed_ratio": 0.42446047587880265, "sharp_turn_forward_velocity": 1.9294136943675122, "sharp_turn_angular_velocity": 1.907557632579503}