{"pid_speed_parameters": {"proportional_gain": 1.0001444840879814, "integral_gain": 0.07698906781192219, "derivative_gain": 0.05458573959414516, "max_value": 101.2502326101269, "min_value": 0.06674508810842139}, "pid_steer_parameters": {"proportional_gain": 2.92883864844681, "integral_gain": 0.011423660381360367, "derivative_gain": 0.0003875886313376601, "max_value": 2.015609562397265, "min_value": -1.9486811834544813}, "max_forward_velocity": 1.383926663573814, "turning_speed_ratio": 0.08589755801238441, "sharp_turn_forward_velocity": 0.7222982021853419, "sharp_turn_angular_velocity": 2.0685421176699825}