{"pid_speed_parameters": {"proportional_gain": 2.0033072039711826, "integral_gain": 0.063439596366659, "derivative_gain": 0.0787939312152504, "max_value": 101.81277878550733, "min_value": 0.1132558723477663}, "pid_steer_parameters": {"proportional_gain": 2.394743926366086, "integral_gain": 0.036778603155942495, "derivative_gain": 0.00613253885944687, "max_value": 1.948099561801116, "min_value": -2.096151138995164}, "max_forward_velocity": 1.166876017368639, "turning_speed_ratio": 0.6331552847441532, "sharp_turn_forward_velocity": 1.5035465663020586, "sharp_turn_angular_velocity": 1.5496636276699718}