{"pid_speed_parameters": {"proportional_gain": 2.5923669833893186, "integral_gain": 0.06481918712551665, "derivative_gain": 0.09295310057784585, "max_value": 100.64455864745877, "min_value": 0.3325836581391977}, "pid_steer_parameters": {"proportional_gain": 1.5954733716409497, "integral_gain": 0.0967154006472343, "derivative_gain": 0.051000569414394605, "max_value": 2.0204785079882828, "min_value": -2.0894006998688837}, "max_forward_velocity": 1.5710274853836208, "turning_speed_ratio": 0.2643465837816299, "sharp_turn_forward_velocity": 1.3198244222419468, "sharp_turn_angular_velocity": 1.7726959489529923}