{"pid_speed_parameters": {"proportional_gain": 1.880791265894445, "integral_gain": 0.07604689748405344, "derivative_gain": 0.07804807591213896, "max_value": 101.90472893122424, "min_value": 0.19695101143266963}, "pid_steer_parameters": {"proportional_gain": 2.435449176995669, "integral_gain": 0.02623552313805065, "derivative_gain": 0.002160703158249387, "max_value": 1.9897003856795479, "min_value": -2.086935014349764}, "max_forward_velocity": 1.0784914737031115, "turning_speed_ratio": 0.39886053204075533, "sharp_turn_forward_velocity": 1.5955102390575286, "sharp_turn_angular_velocity": 1.937616258775939}