{"pid_speed_parameters": {"proportional_gain": 1.8731990252612365, "integral_gain": 0.09981528421436307, "derivative_gain": 0.06681975844083007, "max_value": 101.68355614104513, "min_value": 0.3553825438811807}, "pid_steer_parameters": {"proportional_gain": 2.0545143365817413, "integral_gain": 0.021462361603078982, "derivative_gain": 0.00023328304216139412, "max_value": 1.9699437014482246, "min_value": -2.098382287131273}, "max_forward_velocity": 0.7653309857689621, "turning_speed_ratio": 0.004796579122137706, "sharp_turn_forward_velocity": 1.9214716227477324, "sharp_turn_angular_velocity": 2.011849488097678}