{"pid_speed_parameters": {"proportional_gain": 1.7236136999373985, "integral_gain": 0.09983053558943793, "derivative_gain": 0.08986726165421074, "max_value": 101.32908313253527, "min_value": 0.19545601478835267}, "pid_steer_parameters": {"proportional_gain": 2.8038007047190363, "integral_gain": 0.009002316871369546, "derivative_gain": 0.013003542631075648, "max_value": 1.9548105889013356, "min_value": -2.097505029274419}, "max_forward_velocity": 0.6686783930300235, "turning_speed_ratio": 0.16662698952303678, "sharp_turn_forward_velocity": 1.9352778579511882, "sharp_turn_angular_velocity": 2.339232992100092}