{"pid_speed_parameters": {"proportional_gain": 2.636031818915929, "integral_gain": 0.061350851728338464, "derivative_gain": 0.027598867436883986, "max_value": 100.17082158332036, "min_value": 0.4923436746355676}, "pid_steer_parameters": {"proportional_gain": 2.693688831341105, "integral_gain": 0.007707160096197799, "derivative_gain": 0.007663555824324763, "max_value": 2.0528856522414496, "min_value": -1.900065525769826}, "max_forward_velocity": 1.0718043667610204, "turning_speed_ratio": 0.8925052686282465, "sharp_turn_forward_velocity": 1.5296230802133257, "sharp_turn_angular_velocity": 2.930688497647769}