{"pid_speed_parameters": {"proportional_gain": 1.6159947863607986, "integral_gain": 0.0998409794782216, "derivative_gain": 0.07683758525038772, "max_value": 101.6439411475688, "min_value": 0.14068039106096525}, "pid_steer_parameters": {"proportional_gain": 2.596333759468219, "integral_gain": 0.0014655455711363352, "derivative_gain": 0.004866527930964896, "max_value": 2.0141444013303613, "min_value": -2.0998956888629436}, "max_forward_velocity": 0.940006057911094, "turning_speed_ratio": 0.47373473689090784, "sharp_turn_forward_velocity": 1.8705576346835608, "sharp_turn_angular_velocity": 2.159501476553434}