{"pid_speed_parameters": {"proportional_gain": 1.5392904066939335, "integral_gain": 0.0983837367436853, "derivative_gain": 0.08135915765963773, "max_value": 101.87340854901794, "min_value": 0.43556775559170935}, "pid_steer_parameters": {"proportional_gain": 2.441097922038178, "integral_gain": 0.009272628756635794, "derivative_gain": 0.00873786722639229, "max_value": 1.9517717806238706, "min_value": -2.0998700798553216}, "max_forward_velocity": 0.8781058954599446, "turning_speed_ratio": 0.07643341366028555, "sharp_turn_forward_velocity": 1.8519337681573549, "sharp_turn_angular_velocity": 2.3342587702767603}