{"pid_speed_parameters": {"proportional_gain": 2.037681880054005, "integral_gain": 0.09228107513910228, "derivative_gain": 0.07871701523092395, "max_value": 101.61031291482378, "min_value": 0.07087209884359022}, "pid_steer_parameters": {"proportional_gain": 1.8908747344133925, "integral_gain": 0.019682910670834303, "derivative_gain": 0.002105757870657423, "max_value": 1.992059987011946, "min_value": -2.099966830888298}, "max_forward_velocity": 1.0644268608071465, "turning_speed_ratio": 0.5087642065186304, "sharp_turn_forward_velocity": 1.7790517066044085, "sharp_turn_angular_velocity": 2.1645118080378913}