{"pid_speed_parameters": {"proportional_gain": 2.1271583125142337, "integral_gain": 0.09737588609776686, "derivative_gain": 0.08311778825143014, "max_value": 101.26097932548768, "min_value": 0.005477101594829358}, "pid_steer_parameters": {"proportional_gain": 2.2372290412965183, "integral_gain": 0.00852828904057811, "derivative_gain": 0.0021453867154027054, "max_value": 1.9920242978499252, "min_value": -2.097991620596606}, "max_forward_velocity": 0.731113639913961, "turning_speed_ratio": 0.34564476649119485, "sharp_turn_forward_velocity": 1.818539007332559, "sharp_turn_angular_velocity": 2.1063565968909757}