{"pid_speed_parameters": {"proportional_gain": 1.5947638707059917, "integral_gain": 0.0868172374519622, "derivative_gain": 0.06925989560917489, "max_value": 101.25135101212807, "min_value": 0.5879879085950562}, "pid_steer_parameters": {"proportional_gain": 2.801073627995137, "integral_gain": 0.01047992840934011, "derivative_gain": 0.0119778760732716, "max_value": 1.9453190099664528, "min_value": -2.099999963465909}, "max_forward_velocity": 1.2119106742931172, "turning_speed_ratio": 0.718325811180913, "sharp_turn_forward_velocity": 1.7062010122241982, "sharp_turn_angular_velocity": 1.947695915953183}