{"pid_speed_parameters": {"proportional_gain": 1.3727792304505608, "integral_gain": 0.09961155129868211, "derivative_gain": 0.08183189028446036, "max_value": 101.41321978635209, "min_value": 0.25626817882678526}, "pid_steer_parameters": {"proportional_gain": 2.888661303113291, "integral_gain": 0.0006556892429265038, "derivative_gain": 0.0001596083437414693, "max_value": 1.949560946521433, "min_value": -2.0972801378953014}, "max_forward_velocity": 1.0740998399605974, "turning_speed_ratio": 0.3317217100264684, "sharp_turn_forward_velocity": 1.993277313726842, "sharp_turn_angular_velocity": 1.8107274214133624}