{"pid_speed_parameters": {"proportional_gain": 1.819315819612929, "integral_gain": 0.09289262244613312, "derivative_gain": 0.07320470328768151, "max_value": 101.87874837357691, "min_value": 0.14288536711294425}, "pid_steer_parameters": {"proportional_gain": 1.9217262090314884, "integral_gain": 0.028723290046621736, "derivative_gain": 0.002847535022824401, "max_value": 1.9758887096918984, "min_value": -2.097604994418451}, "max_forward_velocity": 0.9485426602178304, "turning_speed_ratio": 0.35785120198492476, "sharp_turn_forward_velocity": 1.7980527090883889, "sharp_turn_angular_velocity": 2.215660334364794}