{"pid_speed_parameters": {"proportional_gain": 1.842261827218314, "integral_gain": 0.07035802048806974, "derivative_gain": 0.06259136735306753, "max_value": 101.6774590270339, "min_value": 0.04503284379976977}, "pid_steer_parameters": {"proportional_gain": 1.9589799714075835, "integral_gain": 0.028394137059822546, "derivative_gain": 0.011572701139763436, "max_value": 1.9592039411084181, "min_value": -2.0832291456673735}, "max_forward_velocity": 1.2461882702924993, "turning_speed_ratio": 0.17510966953721802, "sharp_turn_forward_velocity": 1.8505080318103184, "sharp_turn_angular_velocity": 2.146639623053521}