{"pid_speed_parameters": {"proportional_gain": 1.8838348348726044, "integral_gain": 0.0998929535574771, "derivative_gain": 0.09079785662331037, "max_value": 101.61029460750109, "min_value": 0.1526548192727079}, "pid_steer_parameters": {"proportional_gain": 2.3613612179073775, "integral_gain": 0.002187042749809568, "derivative_gain": 0.0016183495989378026, "max_value": 2.0258773371118868, "min_value": -2.0974553076185702}, "max_forward_velocity": 0.6023827945323168, "turning_speed_ratio": 0.23800697882006472, "sharp_turn_forward_velocity": 1.6784509182973928, "sharp_turn_angular_velocity": 1.7258363514465551}