{"pid_speed_parameters": {"proportional_gain": 1.287134714440196, "integral_gain": 0.039436345100513394, "derivative_gain": 0.004853118565296188, "max_value": 99.09430446768356, "min_value": 0.09071397337240861}, "pid_steer_parameters": {"proportional_gain": 2.012453634067506, "integral_gain": 0.0033098896992710884, "derivative_gain": 0.01521353583080623, "max_value": 1.9756646561816185, "min_value": -1.9249523246473952}, "max_forward_velocity": 1.9423728501486073, "turning_speed_ratio": 0.008399786730936226, "sharp_turn_forward_velocity": 0.05033479765136501, "sharp_turn_angular_velocity": 2.9555525504129725}