{"pid_speed_parameters": {"proportional_gain": 2.0354289184674004, "integral_gain": 0.08430629269851787, "derivative_gain": 0.07585797432701062, "max_value": 101.5822715195939, "min_value": 0.037062830118496745}, "pid_steer_parameters": {"proportional_gain": 1.9595385587160474, "integral_gain": 0.020325799868756947, "derivative_gain": 0.007808684467066265, "max_value": 1.9646940305639224, "min_value": -2.0963752629274017}, "max_forward_velocity": 1.0744633055055237, "turning_speed_ratio": 0.5018694986180443, "sharp_turn_forward_velocity": 1.8022929533649812, "sharp_turn_angular_velocity": 2.0196101688121213}