{"pid_speed_parameters": {"proportional_gain": 1.5256374943263533, "integral_gain": 0.08353335475586293, "derivative_gain": 0.04630201028140288, "max_value": 101.00529973653855, "min_value": 0.007920780661420133}, "pid_steer_parameters": {"proportional_gain": 2.73514413700803, "integral_gain": 0.0011206870899099837, "derivative_gain": 0.0052866204568859446, "max_value": 1.9746663617192184, "min_value": -2.040647268157993}, "max_forward_velocity": 1.4941473122617543, "turning_speed_ratio": 0.191586257255365, "sharp_turn_forward_velocity": 1.2966674563310623, "sharp_turn_angular_velocity": 2.2371777352780366}