{"pid_speed_parameters": {"proportional_gain": 1.496100618237598, "integral_gain": 0.06890613103934011, "derivative_gain": 0.09782336471798866, "max_value": 101.25594528339111, "min_value": 0.10548215018951473}, "pid_steer_parameters": {"proportional_gain": 2.77960423257307, "integral_gain": 2.2109752940191272e-05, "derivative_gain": 0.01360580615089805, "max_value": 2.0813484455001623, "min_value": -2.098263210970732}, "max_forward_velocity": 1.4571221852944196, "turning_speed_ratio": 0.7086011447814643, "sharp_turn_forward_velocity": 1.6412129608168706, "sharp_turn_angular_velocity": 2.912240043996067}