{"pid_speed_parameters": {"proportional_gain": 1.02525520418799, "integral_gain": 0.09807388826952856, "derivative_gain": 0.08146736404142278, "max_value": 101.5757768381098, "min_value": 0.21419684528154537}, "pid_steer_parameters": {"proportional_gain": 1.6606958727129724, "integral_gain": 0.02497005565221416, "derivative_gain": 0.0007404043542453556, "max_value": 1.9001388965196304, "min_value": -2.091768394793692}, "max_forward_velocity": 1.1592400744658973, "turning_speed_ratio": 0.4926201684129326, "sharp_turn_forward_velocity": 1.6740779734267024, "sharp_turn_angular_velocity": 1.7645719123626868}