{"pid_speed_parameters": {"proportional_gain": 1.0143992033834721, "integral_gain": 0.03921587290432444, "derivative_gain": 0.05988102356449211, "max_value": 99.27837249641856, "min_value": 0.5318946190910512}, "pid_steer_parameters": {"proportional_gain": 2.251459131639131, "integral_gain": 0.0031102586855081336, "derivative_gain": 0.028148462803144397, "max_value": 2.0994010153184948, "min_value": -1.9977995014068253}, "max_forward_velocity": 1.9947727951435938, "turning_speed_ratio": 0.7229874707395317, "sharp_turn_forward_velocity": 0.49060008340874595, "sharp_turn_angular_velocity": 1.930814713153116}