{"pid_speed_parameters": {"proportional_gain": 2.3611260282361872, "integral_gain": 0.09536703264496864, "derivative_gain": 0.07316740031004758, "max_value": 101.10900766811163, "min_value": 0.003895704998577751}, "pid_steer_parameters": {"proportional_gain": 2.141200504658181, "integral_gain": 0.0004507664547300287, "derivative_gain": 0.0158810969333705, "max_value": 1.99219713333748, "min_value": -2.099956546497664}, "max_forward_velocity": 0.9257233649188632, "turning_speed_ratio": 0.2957739650192462, "sharp_turn_forward_velocity": 1.9798391487281637, "sharp_turn_angular_velocity": 2.1347036140691165}