{"pid_speed_parameters": {"proportional_gain": 2.0582332467470863, "integral_gain": 0.08451713145179938, "derivative_gain": 0.07617709355914552, "max_value": 101.56698172049917, "min_value": 0.025962481209376706}, "pid_steer_parameters": {"proportional_gain": 2.7327204924242845, "integral_gain": 0.0011265444290190884, "derivative_gain": 0.006674702827331728, "max_value": 1.9738432685945977, "min_value": -2.0998891864827143}, "max_forward_velocity": 0.994058372557098, "turning_speed_ratio": 0.3989881919852653, "sharp_turn_forward_velocity": 1.8444383816143926, "sharp_turn_angular_velocity": 2.0168433640711343}