{"pid_speed_parameters": {"proportional_gain": 1.7131034176426194, "integral_gain": 0.09997066397100354, "derivative_gain": 0.06920101225477564, "max_value": 101.42795414141486, "min_value": 0.016139710012181264}, "pid_steer_parameters": {"proportional_gain": 2.1634290614492246, "integral_gain": 0.009430370754473465, "derivative_gain": 0.006539354501800545, "max_value": 1.9655935668836222, "min_value": -2.095571028516743}, "max_forward_velocity": 1.2468494554725151, "turning_speed_ratio": 0.003810565116441031, "sharp_turn_forward_velocity": 1.9960295114169755, "sharp_turn_angular_velocity": 2.495006204960854}