{"pid_speed_parameters": {"proportional_gain": 1.8402380301131824, "integral_gain": 0.06369367267574334, "derivative_gain": 0.054299790732813775, "max_value": 101.27567938767666, "min_value": 0.3774364386050324}, "pid_steer_parameters": {"proportional_gain": 2.691204890076055, "integral_gain": 2.1858076908956545e-05, "derivative_gain": 0.018136509465822317, "max_value": 1.9467210780244402, "min_value": -2.069446403621783}, "max_forward_velocity": 0.7197752265407735, "turning_speed_ratio": 0.21290935953310186, "sharp_turn_forward_velocity": 1.9390321826214505, "sharp_turn_angular_velocity": 2.1259796242228446}