{"pid_speed_parameters": {"proportional_gain": 1.7020143992235421, "integral_gain": 0.09347618789704108, "derivative_gain": 0.07948272222885291, "max_value": 101.56882501711486, "min_value": 0.004587305046221675}, "pid_steer_parameters": {"proportional_gain": 2.2017208112338844, "integral_gain": 0.002661061446524042, "derivative_gain": 0.006961927328131442, "max_value": 1.9808023277709788, "min_value": -2.0992094021765855}, "max_forward_velocity": 1.1724506727017776, "turning_speed_ratio": 0.40022245232338605, "sharp_turn_forward_velocity": 1.8060243106220921, "sharp_turn_angular_velocity": 2.34774361661264}