{"pid_speed_parameters": {"proportional_gain": 2.133142575178793, "integral_gain": 0.08287945243435027, "derivative_gain": 0.07920619475678392, "max_value": 101.30456038034598, "min_value": 0.16436880383323116}, "pid_steer_parameters": {"proportional_gain": 2.006876079059078, "integral_gain": 0.04626082893231019, "derivative_gain": 0.008319517606216643, "max_value": 1.9589330422631992, "min_value": -2.0803980536791133}, "max_forward_velocity": 1.1984785874212263, "turning_speed_ratio": 0.45014460402781253, "sharp_turn_forward_velocity": 1.8071764225122293, "sharp_turn_angular_velocity": 1.5793999075506004}