{"pid_speed_parameters": {"proportional_gain": 1.135483653623372, "integral_gain": 0.06987184690572129, "derivative_gain": 0.03403232877938971, "max_value": 101.44932505833262, "min_value": 0.4579464855786436}, "pid_steer_parameters": {"proportional_gain": 2.5339757571533816, "integral_gain": 0.01761890004768266, "derivative_gain": 0.0001269853569350711, "max_value": 2.0744488096109404, "min_value": -1.9480130050017828}, "max_forward_velocity": 0.6826376460028065, "turning_speed_ratio": 0.16321806859331328, "sharp_turn_forward_velocity": 1.6570373512802359, "sharp_turn_angular_velocity": 1.9997078675874336}