{"pid_speed_parameters": {"proportional_gain": 2.1318860086942317, "integral_gain": 0.07416209798959611, "derivative_gain": 0.07905065904417975, "max_value": 101.35444054973519, "min_value": 0.008435678648877388}, "pid_steer_parameters": {"proportional_gain": 2.083137559057354, "integral_gain": 0.04170761971000679, "derivative_gain": 0.009183448711856477, "max_value": 1.9554866211976099, "min_value": -2.098415474468866}, "max_forward_velocity": 1.1561748682901423, "turning_speed_ratio": 0.45106803076385127, "sharp_turn_forward_velocity": 1.6482773770297483, "sharp_turn_angular_velocity": 1.7905664956635108}