{"pid_speed_parameters": {"proportional_gain": 2.1168620754282426, "integral_gain": 0.09974185500411742, "derivative_gain": 0.0655586709297927, "max_value": 101.31129616821279, "min_value": 0.5094581430218932}, "pid_steer_parameters": {"proportional_gain": 1.9499996198979226, "integral_gain": 0.008328634615430364, "derivative_gain": 0.0030846267230973255, "max_value": 1.9306044925411172, "min_value": -2.0860295398865527}, "max_forward_velocity": 1.3457992272517918, "turning_speed_ratio": 0.006195040561544782, "sharp_turn_forward_velocity": 1.7545986805925167, "sharp_turn_angular_velocity": 2.3953605160627123}