{"pid_speed_parameters": {"proportional_gain": 1.0428970592109448, "integral_gain": 0.0907251339081108, "derivative_gain": 0.09716239258148095, "max_value": 102.0425062917336, "min_value": 0.27169118536134795}, "pid_steer_parameters": {"proportional_gain": 2.6156604701827004, "integral_gain": 0.010838253422413565, "derivative_gain": 0.014273262469908524, "max_value": 1.9100448147102018, "min_value": -2.095457779374068}, "max_forward_velocity": 0.7455297584074048, "turning_speed_ratio": 0.01912095060387565, "sharp_turn_forward_velocity": 1.9740481708795694, "sharp_turn_angular_velocity": 2.0656207356550165}