{"pid_speed_parameters": {"proportional_gain": 1.8636695813143989, "integral_gain": 0.0869890486755685, "derivative_gain": 0.07260854190587457, "max_value": 101.83020196163764, "min_value": 0.1414494648021284}, "pid_steer_parameters": {"proportional_gain": 2.0194834435571893, "integral_gain": 0.023471967518052025, "derivative_gain": 0.0037618402479299208, "max_value": 1.9916131921920857, "min_value": -2.0995022466855215}, "max_forward_velocity": 1.0110661052598293, "turning_speed_ratio": 0.4913018036046002, "sharp_turn_forward_velocity": 1.8301441537977738, "sharp_turn_angular_velocity": 2.1644446478305768}