{"pid_speed_parameters": {"proportional_gain": 1.9814518093680036, "integral_gain": 0.09996039623162212, "derivative_gain": 0.07998470527448043, "max_value": 101.76162061509311, "min_value": 0.25374966509708546}, "pid_steer_parameters": {"proportional_gain": 2.4344278268299315, "integral_gain": 0.03552411772434453, "derivative_gain": 0.0017362286650128567, "max_value": 1.9355464518210876, "min_value": -2.0953626617569614}, "max_forward_velocity": 0.9456562287641872, "turning_speed_ratio": 0.11821372150654107, "sharp_turn_forward_velocity": 1.7836000071196092, "sharp_turn_angular_velocity": 2.6030358855520213}