{"pid_speed_parameters": {"proportional_gain": 2.2989762899569923, "integral_gain": 0.09840875168690524, "derivative_gain": 0.08490470609553806, "max_value": 101.32920856986732, "min_value": 0.011917470788245217}, "pid_steer_parameters": {"proportional_gain": 1.9108416515833013, "integral_gain": 0.005311231732398043, "derivative_gain": 0.01111099911682728, "max_value": 2.017350543731023, "min_value": -2.0995937797487283}, "max_forward_velocity": 0.9914753870545576, "turning_speed_ratio": 0.7451899027385717, "sharp_turn_forward_velocity": 1.8954593554536412, "sharp_turn_angular_velocity": 2.2655138245850654}