{"pid_speed_parameters": {"proportional_gain": 2.5134857989727424, "integral_gain": 0.09633816320564252, "derivative_gain": 0.08048371434467748, "max_value": 101.20613761902416, "min_value": 0.09875420563040174}, "pid_steer_parameters": {"proportional_gain": 2.2595344072764836, "integral_gain": 0.008223421471743502, "derivative_gain": 0.018059870009259796, "max_value": 1.9849193600447852, "min_value": -2.096046206961935}, "max_forward_velocity": 0.7140208402772519, "turning_speed_ratio": 0.5506108561114745, "sharp_turn_forward_velocity": 1.937945459831625, "sharp_turn_angular_velocity": 2.2172876104505144}