{"pid_speed_parameters": {"proportional_gain": 1.8656637097871414, "integral_gain": 0.07664314455465543, "derivative_gain": 0.0767259295361981, "max_value": 101.64859483531475, "min_value": 0.17634602645249564}, "pid_steer_parameters": {"proportional_gain": 2.017347939231723, "integral_gain": 0.028259842677756403, "derivative_gain": 0.0015849529279768767, "max_value": 2.0072095011242945, "min_value": -2.080452429838662}, "max_forward_velocity": 1.0534887525197822, "turning_speed_ratio": 0.4250029230196535, "sharp_turn_forward_velocity": 1.7549463954422453, "sharp_turn_angular_velocity": 1.9670990383004205}