{"pid_speed_parameters": {"proportional_gain": 1.6248884033488338, "integral_gain": 0.09658905833209938, "derivative_gain": 0.08840952843362178, "max_value": 101.77539551339136, "min_value": 0.22956179798605203}, "pid_steer_parameters": {"proportional_gain": 2.2761325503421723, "integral_gain": 0.05025445848745256, "derivative_gain": 0.006924156890388461, "max_value": 1.9397473011882325, "min_value": -2.089970006660634}, "max_forward_velocity": 1.1878413640328922, "turning_speed_ratio": 0.1989123695778728, "sharp_turn_forward_velocity": 1.9161423117258738, "sharp_turn_angular_velocity": 2.3980289579292418}