{"pid_speed_parameters": {"proportional_gain": 1.9315392013487624, "integral_gain": 0.09625808340994674, "derivative_gain": 0.07970844017095191, "max_value": 101.45886849151434, "min_value": 0.013623015049800047}, "pid_steer_parameters": {"proportional_gain": 2.343412241408813, "integral_gain": 3.312049724878296e-05, "derivative_gain": 0.011505735175089184, "max_value": 1.9990592411709849, "min_value": -2.0959809623598713}, "max_forward_velocity": 1.0408844175194503, "turning_speed_ratio": 0.46328114503651796, "sharp_turn_forward_velocity": 1.793477222197685, "sharp_turn_angular_velocity": 2.3231609520235987}