{"pid_speed_parameters": {"proportional_gain": 1.782543784355225, "integral_gain": 0.09998078731546371, "derivative_gain": 0.0685392071022201, "max_value": 101.3675695300699, "min_value": 0.26200029977875816}, "pid_steer_parameters": {"proportional_gain": 2.5828791028525107, "integral_gain": 0.010173485548691984, "derivative_gain": 0.0017445665642148982, "max_value": 1.952412768953655, "min_value": -2.0380125805289664}, "max_forward_velocity": 1.023020886895265, "turning_speed_ratio": 0.12544477203496285, "sharp_turn_forward_velocity": 1.3991026428823605, "sharp_turn_angular_velocity": 1.7068761003347683}