{"pid_speed_parameters": {"proportional_gain": 1.5511836159231194, "integral_gain": 0.09034292912839274, "derivative_gain": 0.05455931786546822, "max_value": 101.1861945484562, "min_value": 0.21049812671888268}, "pid_steer_parameters": {"proportional_gain": 2.967079745883283, "integral_gain": 0.00026696550342570973, "derivative_gain": 0.0098199033938702, "max_value": 2.007637475608248, "min_value": -2.0357668382751406}, "max_forward_velocity": 1.2238928440128343, "turning_speed_ratio": 0.0004053127563299558, "sharp_turn_forward_velocity": 1.8324680538373483, "sharp_turn_angular_velocity": 2.5554556322024347}