{"pid_speed_parameters": {"proportional_gain": 1.430213106351824, "integral_gain": 0.03902721193653274, "derivative_gain": 0.04670206537132477, "max_value": 99.50981617309922, "min_value": 0.3600608096386332}, "pid_steer_parameters": {"proportional_gain": 1.9260747055880116, "integral_gain": 0.00264077194204203, "derivative_gain": 0.0002564795829858444, "max_value": 1.9178722936658619, "min_value": -1.9431922824579697}, "max_forward_velocity": 1.3184346144825987, "turning_speed_ratio": 0.7563478465515663, "sharp_turn_forward_velocity": 0.3932808452147091, "sharp_turn_angular_velocity": 2.0173756457942655}