{"pid_speed_parameters": {"proportional_gain": 1.8260090573196741, "integral_gain": 0.04457666979229075, "derivative_gain": 0.07828152686888153, "max_value": 101.56394238054841, "min_value": 0.4115403967607494}, "pid_steer_parameters": {"proportional_gain": 2.4063323030192727, "integral_gain": 0.00851558964950672, "derivative_gain": 0.00020510371637494398, "max_value": 2.0325180689608704, "min_value": -2.098917161669849}, "max_forward_velocity": 0.9141667118216525, "turning_speed_ratio": 0.13585019194766723, "sharp_turn_forward_velocity": 1.63864300026923, "sharp_turn_angular_velocity": 2.010162270812909}