{"pid_speed_parameters": {"proportional_gain": 2.1365258677218657, "integral_gain": 0.08811532314553779, "derivative_gain": 0.07791134566387693, "max_value": 101.29651292344951, "min_value": 0.06320096340203493}, "pid_steer_parameters": {"proportional_gain": 1.9167227055285372, "integral_gain": 0.02397881424275814, "derivative_gain": 0.008573977320275488, "max_value": 1.944345506918465, "min_value": -2.098035293037411}, "max_forward_velocity": 1.1663225015433796, "turning_speed_ratio": 0.6287445930584376, "sharp_turn_forward_velocity": 1.9663028931747506, "sharp_turn_angular_velocity": 1.8923002215936626}