{"pid_speed_parameters": {"proportional_gain": 1.1932905076790656, "integral_gain": 0.04026209094539106, "derivative_gain": 0.0029993835678201637, "max_value": 101.22930520884265, "min_value": 0.0292055781678044}, "pid_steer_parameters": {"proportional_gain": 2.946528846276221, "integral_gain": 0.0014201758335583585, "derivative_gain": 0.054664382801072525, "max_value": 1.9635774820681409, "min_value": -1.9785987125877957}, "max_forward_velocity": 1.8563559772137672, "turning_speed_ratio": 0.29298048097154616, "sharp_turn_forward_velocity": 1.8584460435107226, "sharp_turn_angular_velocity": 2.730366677045494}