{"pid_speed_parameters": {"proportional_gain": 1.9131723878762779, "integral_gain": 0.09603669152281791, "derivative_gain": 0.08924482917344212, "max_value": 101.78434480130113, "min_value": 0.2927999390129047}, "pid_steer_parameters": {"proportional_gain": 2.5964346046145024, "integral_gain": 0.021327247088279943, "derivative_gain": 0.026907248678413792, "max_value": 1.9290332841122482, "min_value": -2.0996541060873044}, "max_forward_velocity": 0.844015119582672, "turning_speed_ratio": 0.20878558389460727, "sharp_turn_forward_velocity": 1.898179646628843, "sharp_turn_angular_velocity": 1.9857515612042358}