{"pid_speed_parameters": {"proportional_gain": 1.7701614061221393, "integral_gain": 0.09130786823189763, "derivative_gain": 0.08357186469141648, "max_value": 101.87908280998175, "min_value": 0.1155019807954879}, "pid_steer_parameters": {"proportional_gain": 2.2022234585292044, "integral_gain": 0.02142090664172833, "derivative_gain": 0.0005333866328954949, "max_value": 1.988725544749979, "min_value": -2.09829778433823}, "max_forward_velocity": 0.8614989440117089, "turning_speed_ratio": 0.4746875958603851, "sharp_turn_forward_velocity": 1.6371647229106014, "sharp_turn_angular_velocity": 2.070345307448853}