{"pid_speed_parameters": {"proportional_gain": 1.928436941681496, "integral_gain": 0.03827221359645973, "derivative_gain": 0.09112722450956508, "max_value": 100.25346781069976, "min_value": 0.9421010506475933}, "pid_steer_parameters": {"proportional_gain": 2.651554235862906, "integral_gain": 0.009043567306484769, "derivative_gain": 0.04149032990979643, "max_value": 2.03488240787002, "min_value": -1.970610048644657}, "max_forward_velocity": 1.5545663243918295, "turning_speed_ratio": 0.9269940144861983, "sharp_turn_forward_velocity": 0.9833203324698705, "sharp_turn_angular_velocity": 2.248213079343177}