{"pid_speed_parameters": {"proportional_gain": 1.662660023420841, "integral_gain": 0.08638547993836694, "derivative_gain": 0.05460094084032746, "max_value": 101.32995034995021, "min_value": 0.3973867061391416}, "pid_steer_parameters": {"proportional_gain": 2.3190790827467374, "integral_gain": 0.0006398749390563282, "derivative_gain": 0.004623921574807206, "max_value": 2.029494042501822, "min_value": -2.09340067329321}, "max_forward_velocity": 1.069240046024238, "turning_speed_ratio": 0.21789387786661174, "sharp_turn_forward_velocity": 1.95473528877762, "sharp_turn_angular_velocity": 2.4669179521164684}