{"pid_speed_parameters": {"proportional_gain": 2.1715206275643943, "integral_gain": 0.08825061561645928, "derivative_gain": 0.09311140004502962, "max_value": 100.59051858975907, "min_value": 0.0979662060097061}, "pid_steer_parameters": {"proportional_gain": 2.9977998733523217, "integral_gain": 0.0001104565679577787, "derivative_gain": 2.071719949334017e-05, "max_value": 1.9994227959475446, "min_value": -1.90919365722772}, "max_forward_velocity": 1.4247652431934152, "turning_speed_ratio": 0.05868438158654515, "sharp_turn_forward_velocity": 1.8878666826264479, "sharp_turn_angular_velocity": 1.8891926855895493}