{"pid_speed_parameters": {"proportional_gain": 1.7287850419858346, "integral_gain": 0.0838294381095841, "derivative_gain": 0.07042127946762228, "max_value": 101.7940447174798, "min_value": 0.03944365683806795}, "pid_steer_parameters": {"proportional_gain": 2.1515556479992415, "integral_gain": 0.027291045415936802, "derivative_gain": 0.007804027130262657, "max_value": 1.9467753377797266, "min_value": -2.089686995016244}, "max_forward_velocity": 0.8789443100109673, "turning_speed_ratio": 0.46491178393940125, "sharp_turn_forward_velocity": 1.7683193873641732, "sharp_turn_angular_velocity": 1.9576431866030253}