{"pid_speed_parameters": {"proportional_gain": 2.056059711151133, "integral_gain": 0.08000154801059572, "derivative_gain": 0.0760880732496591, "max_value": 101.29591434258566, "min_value": 0.005713933712477504}, "pid_steer_parameters": {"proportional_gain": 2.0427065698639564, "integral_gain": 0.02522995424398359, "derivative_gain": 0.010625243098599716, "max_value": 1.9468650236614709, "min_value": -2.099365709567839}, "max_forward_velocity": 1.1866002979745758, "turning_speed_ratio": 0.5803394399224929, "sharp_turn_forward_velocity": 1.6735153524358246, "sharp_turn_angular_velocity": 1.8371128425496033}