{"pid_speed_parameters": {"proportional_gain": 1.8196394523818267, "integral_gain": 0.0828930182488399, "derivative_gain": 0.08016552882314804, "max_value": 101.79017325467396, "min_value": 0.1674279362469399}, "pid_steer_parameters": {"proportional_gain": 1.8809043433041537, "integral_gain": 0.03529199210096848, "derivative_gain": 0.0019740365077251525, "max_value": 1.9912986018930023, "min_value": -2.0924025964229807}, "max_forward_velocity": 1.1860782646659247, "turning_speed_ratio": 0.4577501185988294, "sharp_turn_forward_velocity": 1.6082327260878166, "sharp_turn_angular_velocity": 1.9810595267776347}