{"pid_speed_parameters": {"proportional_gain": 2.104733367153396, "integral_gain": 0.09768098651477852, "derivative_gain": 0.08157807517508506, "max_value": 101.68960482591925, "min_value": 0.1649324382262523}, "pid_steer_parameters": {"proportional_gain": 2.3845326121320602, "integral_gain": 0.0077062140627616816, "derivative_gain": 0.0034048401464554625, "max_value": 2.0279837893335766, "min_value": -2.099061222183262}, "max_forward_velocity": 0.8375027998204083, "turning_speed_ratio": 0.5798864384906349, "sharp_turn_forward_velocity": 1.9228721276226861, "sharp_turn_angular_velocity": 2.3702292290983187}