{"pid_speed_parameters": {"proportional_gain": 1.0807345053034338, "integral_gain": 0.09977029218673555, "derivative_gain": 0.07270971524052172, "max_value": 101.38380273556243, "min_value": 0.002956448767694967}, "pid_steer_parameters": {"proportional_gain": 1.724134438328632, "integral_gain": 0.008963000764558486, "derivative_gain": 0.0012059984227236972, "max_value": 1.976411283572309, "min_value": -2.0968210008120933}, "max_forward_velocity": 0.8837428301835994, "turning_speed_ratio": 0.49443683915561987, "sharp_turn_forward_velocity": 1.6760794509914658, "sharp_turn_angular_velocity": 2.9068680015085437}