{"pid_speed_parameters": {"proportional_gain": 1.9679904395514938, "integral_gain": 0.07875621082589951, "derivative_gain": 0.08515767195948985, "max_value": 101.89739529388943, "min_value": 0.18187366115949777}, "pid_steer_parameters": {"proportional_gain": 2.28909772893959, "integral_gain": 0.0547674569685134, "derivative_gain": 0.007138413219737437, "max_value": 1.9423824711531237, "min_value": -2.0922094545867744}, "max_forward_velocity": 1.1710407675786325, "turning_speed_ratio": 0.5538589183983237, "sharp_turn_forward_velocity": 1.5318747026759159, "sharp_turn_angular_velocity": 1.5868655622734358}