{"pid_speed_parameters": {"proportional_gain": 1.7969958697481878, "integral_gain": 0.07652867320785699, "derivative_gain": 0.07352520010714385, "max_value": 101.79337515673329, "min_value": 0.11784545487022713}, "pid_steer_parameters": {"proportional_gain": 2.219930435281293, "integral_gain": 0.035120455922003066, "derivative_gain": 0.010061569849816184, "max_value": 1.9901525758744847, "min_value": -2.089625326090588}, "max_forward_velocity": 1.2165305128315833, "turning_speed_ratio": 0.44372441425708975, "sharp_turn_forward_velocity": 1.8687934496727328, "sharp_turn_angular_velocity": 1.8804445856149774}