{"pid_speed_parameters": {"proportional_gain": 1.7711346850809315, "integral_gain": 0.09039845706152141, "derivative_gain": 0.07652462570499435, "max_value": 101.95441034895217, "min_value": 0.21776534364526035}, "pid_steer_parameters": {"proportional_gain": 2.323325642659043, "integral_gain": 0.015596522508568104, "derivative_gain": 0.001761739519958667, "max_value": 1.9939700912525842, "min_value": -2.099982650002664}, "max_forward_velocity": 0.5576572616932838, "turning_speed_ratio": 0.5618949550860525, "sharp_turn_forward_velocity": 1.6688390676505473, "sharp_turn_angular_velocity": 2.0204851026206634}