{"pid_speed_parameters": {"proportional_gain": 2.404721541021119, "integral_gain": 0.099999952851164, "derivative_gain": 0.08684292337884919, "max_value": 101.57082666936647, "min_value": 0.17875861964192624}, "pid_steer_parameters": {"proportional_gain": 1.9370300962678597, "integral_gain": 0.0036247583735654586, "derivative_gain": 0.009486550548314996, "max_value": 2.022675106795925, "min_value": -2.0968055763519415}, "max_forward_velocity": 0.9911351762552756, "turning_speed_ratio": 0.5830349755646002, "sharp_turn_forward_velocity": 1.8471521104654522, "sharp_turn_angular_velocity": 2.6617132455610504}