{"pid_speed_parameters": {"proportional_gain": 1.666693301112029, "integral_gain": 0.07077717966097757, "derivative_gain": 0.0689281266351584, "max_value": 101.72930874478428, "min_value": 0.07469882448217025}, "pid_steer_parameters": {"proportional_gain": 2.3873381909401132, "integral_gain": 0.03774507500055902, "derivative_gain": 0.002737024975095387, "max_value": 1.9524878490001574, "min_value": -2.0915068404009722}, "max_forward_velocity": 1.1384655840083815, "turning_speed_ratio": 0.4301440430598864, "sharp_turn_forward_velocity": 1.6452754129126594, "sharp_turn_angular_velocity": 1.7299627876862238}