{"pid_speed_parameters": {"proportional_gain": 1.9277538625433082, "integral_gain": 0.08226176945625255, "derivative_gain": 0.08370025828746647, "max_value": 101.62458246257651, "min_value": 0.08321884676420144}, "pid_steer_parameters": {"proportional_gain": 2.0081158310291842, "integral_gain": 0.026732401430664604, "derivative_gain": 0.0064825228775571096, "max_value": 1.9984212080756145, "min_value": -2.096046265112389}, "max_forward_velocity": 0.9049829659015303, "turning_speed_ratio": 0.4160469766189281, "sharp_turn_forward_velocity": 1.96092896635147, "sharp_turn_angular_velocity": 1.9543539494883035}