{"pid_speed_parameters": {"proportional_gain": 2.6651753128964915, "integral_gain": 0.09896537441444671, "derivative_gain": 0.08255496426619811, "max_value": 101.29572470368105, "min_value": 5.081252697444044e-05}, "pid_steer_parameters": {"proportional_gain": 2.0168868638672377, "integral_gain": 0.002301045900312478, "derivative_gain": 0.011655588265124707, "max_value": 2.0108434199897505, "min_value": -2.099991012650202}, "max_forward_velocity": 0.7584999485958335, "turning_speed_ratio": 0.6191938563903457, "sharp_turn_forward_velocity": 1.8834309487403798, "sharp_turn_angular_velocity": 2.4085696271067465}