{"pid_speed_parameters": {"proportional_gain": 1.112724408891852, "integral_gain": 0.088486928247379, "derivative_gain": 0.07413268207543643, "max_value": 101.38800158045768, "min_value": 0.19448243132925958}, "pid_steer_parameters": {"proportional_gain": 2.9997748432252003, "integral_gain": 0.004677980374675531, "derivative_gain": 0.009482645113927555, "max_value": 1.9714551743757802, "min_value": -2.061008133389531}, "max_forward_velocity": 0.8879917852255841, "turning_speed_ratio": 0.00528509958729572, "sharp_turn_forward_velocity": 1.8540620696242647, "sharp_turn_angular_velocity": 2.7087402659716986}