{"pid_speed_parameters": {"proportional_gain": 1.7830630792289395, "integral_gain": 0.06796138422815809, "derivative_gain": 0.0746201716764201, "max_value": 101.97223932749449, "min_value": 0.07394063412575524}, "pid_steer_parameters": {"proportional_gain": 2.232024815848874, "integral_gain": 0.040087423585762935, "derivative_gain": 0.005283350048854051, "max_value": 1.9715155858056492, "min_value": -2.0947564964980843}, "max_forward_velocity": 1.1117548702065962, "turning_speed_ratio": 0.4087544486861754, "sharp_turn_forward_velocity": 1.904729723701536, "sharp_turn_angular_velocity": 1.9724062386962886}