{"pid_speed_parameters": {"proportional_gain": 2.154484029277058, "integral_gain": 0.09935005764942904, "derivative_gain": 0.08562291332694696, "max_value": 101.40963063417318, "min_value": 0.13624865425678456}, "pid_steer_parameters": {"proportional_gain": 2.239563005937852, "integral_gain": 0.005562899847148235, "derivative_gain": 0.003496942698124824, "max_value": 2.025113481428613, "min_value": -2.092544418068455}, "max_forward_velocity": 0.8178438175075087, "turning_speed_ratio": 0.4105940532621727, "sharp_turn_forward_velocity": 1.9272947606260507, "sharp_turn_angular_velocity": 2.313870938298938}