{"pid_speed_parameters": {"proportional_gain": 2.073078147740601, "integral_gain": 0.09476388275336724, "derivative_gain": 0.08716397382871924, "max_value": 101.14101807932973, "min_value": 0.006513432357767245}, "pid_steer_parameters": {"proportional_gain": 2.0053984998442056, "integral_gain": 0.004679875013653156, "derivative_gain": 0.006633846091565106, "max_value": 2.002045194415196, "min_value": -2.0995079283244205}, "max_forward_velocity": 0.9315343344199305, "turning_speed_ratio": 0.4203423497178943, "sharp_turn_forward_velocity": 1.9191122632283204, "sharp_turn_angular_velocity": 2.39658753992877}