{"pid_speed_parameters": {"proportional_gain": 1.7524374653701371, "integral_gain": 0.06706761368430963, "derivative_gain": 0.07372337940007832, "max_value": 101.60201573458909, "min_value": 0.06979822315307474}, "pid_steer_parameters": {"proportional_gain": 2.1728170327789647, "integral_gain": 0.04275003942235994, "derivative_gain": 0.005353596322765324, "max_value": 1.9399107996657878, "min_value": -2.0938108699093307}, "max_forward_velocity": 1.4660351704731769, "turning_speed_ratio": 0.641787230157849, "sharp_turn_forward_velocity": 1.7445739388924124, "sharp_turn_angular_velocity": 1.8854821965828459}