{"pid_speed_parameters": {"proportional_gain": 1.82987832388616, "integral_gain": 0.07113418236109866, "derivative_gain": 0.0749428407163374, "max_value": 102.08909562784335, "min_value": 0.08093182054822307}, "pid_steer_parameters": {"proportional_gain": 2.3223788399857748, "integral_gain": 0.03200029471055657, "derivative_gain": 0.005593723346039065, "max_value": 1.9638683203595377, "min_value": -2.099673768194223}, "max_forward_velocity": 1.2180614871664843, "turning_speed_ratio": 0.5321634656819452, "sharp_turn_forward_velocity": 1.6142260317496762, "sharp_turn_angular_velocity": 1.7190041836281993}