{"pid_speed_parameters": {"proportional_gain": 1.6731359049238115, "integral_gain": 0.08355825671773062, "derivative_gain": 0.06993945887745806, "max_value": 101.92206886454993, "min_value": 0.11162152795098146}, "pid_steer_parameters": {"proportional_gain": 2.3155112743244035, "integral_gain": 0.027434294465580662, "derivative_gain": 0.002315158774909903, "max_value": 2.006433507530236, "min_value": -2.0993993729365537}, "max_forward_velocity": 1.0974126900584453, "turning_speed_ratio": 0.47195773337136326, "sharp_turn_forward_velocity": 1.8396728519685364, "sharp_turn_angular_velocity": 2.1564196102535345}