{"pid_speed_parameters": {"proportional_gain": 1.4637644088551443, "integral_gain": 0.03957305893434516, "derivative_gain": 0.018848558917713826, "max_value": 99.67321558924421, "min_value": 0.44756449397874115}, "pid_steer_parameters": {"proportional_gain": 2.2631415889965423, "integral_gain": 1.7188979003297723e-08, "derivative_gain": 0.00015544522820302135, "max_value": 2.0241367809428175, "min_value": -1.9919705016121476}, "max_forward_velocity": 1.473414971943862, "turning_speed_ratio": 0.03168831392186927, "sharp_turn_forward_velocity": 1.0938405597933112, "sharp_turn_angular_velocity": 2.071761015941527}