{"pid_speed_parameters": {"proportional_gain": 2.389770815979263, "integral_gain": 0.09936960468037581, "derivative_gain": 0.07620379972165925, "max_value": 101.39004841363693, "min_value": 0.11282686766290337}, "pid_steer_parameters": {"proportional_gain": 1.9114608902455608, "integral_gain": 0.0020422849993847287, "derivative_gain": 0.007630917864153913, "max_value": 2.0498142035761875, "min_value": -2.098970291565371}, "max_forward_velocity": 0.8575110925334055, "turning_speed_ratio": 0.6020107438997827, "sharp_turn_forward_velocity": 1.964133880611722, "sharp_turn_angular_velocity": 2.3551337782741033}