{"pid_speed_parameters": {"proportional_gain": 1.8443736409530431, "integral_gain": 0.09965893965438798, "derivative_gain": 0.09068097756077373, "max_value": 101.28008464392354, "min_value": 0.015202546469821793}, "pid_steer_parameters": {"proportional_gain": 2.362836171702415, "integral_gain": 0.014346804535766415, "derivative_gain": 0.0043021642413214045, "max_value": 1.9708510074436816, "min_value": -2.0999254451608675}, "max_forward_velocity": 0.9207858343929272, "turning_speed_ratio": 0.5134034274807114, "sharp_turn_forward_velocity": 1.9334447556718126, "sharp_turn_angular_velocity": 2.5700257340831505}