{"pid_speed_parameters": {"proportional_gain": 2.448415811818702, "integral_gain": 0.08149612754357756, "derivative_gain": 0.0830984250762685, "max_value": 101.49267477991935, "min_value": 0.0833765353310642}, "pid_steer_parameters": {"proportional_gain": 1.9277933394990976, "integral_gain": 0.04876402390392217, "derivative_gain": 0.021964536147177232, "max_value": 1.9493744808328843, "min_value": -2.070976525616022}, "max_forward_velocity": 1.3038395474380515, "turning_speed_ratio": 0.37292356566572926, "sharp_turn_forward_velocity": 1.975174965139866, "sharp_turn_angular_velocity": 1.6072978462437204}