{"pid_speed_parameters": {"proportional_gain": 2.2548540784090516, "integral_gain": 0.07958728300618839, "derivative_gain": 0.07500938864205249, "max_value": 101.50210788258765, "min_value": 0.0900578406334232}, "pid_steer_parameters": {"proportional_gain": 1.8990547976170875, "integral_gain": 0.036490938466611854, "derivative_gain": 0.008303995603035077, "max_value": 1.967516615780064, "min_value": -2.0902878123471873}, "max_forward_velocity": 1.208807775585034, "turning_speed_ratio": 0.5211172223483178, "sharp_turn_forward_velocity": 1.7473841099082255, "sharp_turn_angular_velocity": 1.768566416507798}