{"pid_speed_parameters": {"proportional_gain": 1.9340801509324992, "integral_gain": 0.06977162582978207, "derivative_gain": 0.07242378671478336, "max_value": 101.63460446998366, "min_value": 0.20111380023649655}, "pid_steer_parameters": {"proportional_gain": 2.408045999943331, "integral_gain": 0.05069804983531136, "derivative_gain": 0.010672049452487889, "max_value": 1.9400160351985696, "min_value": -2.089708335790352}, "max_forward_velocity": 1.2894332728011773, "turning_speed_ratio": 0.4352001779510276, "sharp_turn_forward_velocity": 1.4642868421649418, "sharp_turn_angular_velocity": 1.655581866412357}