{"pid_speed_parameters": {"proportional_gain": 1.6593948101405593, "integral_gain": 0.09285720108464778, "derivative_gain": 0.09477804171858206, "max_value": 101.56980848649566, "min_value": 0.336668311610281}, "pid_steer_parameters": {"proportional_gain": 2.2528489453266687, "integral_gain": 0.014518402732957677, "derivative_gain": 0.004597683864744598, "max_value": 1.9565469520478833, "min_value": -2.0962130202443645}, "max_forward_velocity": 1.2805214929249342, "turning_speed_ratio": 0.18154023553696624, "sharp_turn_forward_velocity": 1.842065598842505, "sharp_turn_angular_velocity": 2.1822420797516013}