{"pid_speed_parameters": {"proportional_gain": 1.8452566961482506, "integral_gain": 0.056675393923308004, "derivative_gain": 0.07475218124384851, "max_value": 101.92255054848906, "min_value": 0.020134963018795284}, "pid_steer_parameters": {"proportional_gain": 2.0648472963271542, "integral_gain": 0.04186464689212246, "derivative_gain": 0.008134903577199568, "max_value": 1.96859290279528, "min_value": -2.0931090580557266}, "max_forward_velocity": 1.0623479430105118, "turning_speed_ratio": 0.4340726489553679, "sharp_turn_forward_velocity": 1.8800099804727002, "sharp_turn_angular_velocity": 1.7924211424488485}