{"pid_speed_parameters": {"proportional_gain": 2.326551942180914, "integral_gain": 0.09569543001889577, "derivative_gain": 0.08853188009960306, "max_value": 101.4229819756006, "min_value": 0.06599403052060318}, "pid_steer_parameters": {"proportional_gain": 2.062346148588386, "integral_gain": 0.0030980833128632333, "derivative_gain": 0.002356257279565204, "max_value": 2.0330754052305746, "min_value": -2.0987808974204976}, "max_forward_velocity": 0.8811686413254582, "turning_speed_ratio": 0.32422153667439657, "sharp_turn_forward_velocity": 1.916337472835692, "sharp_turn_angular_velocity": 2.253117613693086}