{"pid_speed_parameters": {"proportional_gain": 2.3487530714748814, "integral_gain": 0.09996003799610534, "derivative_gain": 0.08136312575448164, "max_value": 101.60939294883352, "min_value": 0.15929243654915998}, "pid_steer_parameters": {"proportional_gain": 1.965596848425487, "integral_gain": 0.004625707345966692, "derivative_gain": 0.002600083144545184, "max_value": 1.9650255468881253, "min_value": -2.0927567405267165}, "max_forward_velocity": 0.36854525648259306, "turning_speed_ratio": 0.3480973415094359, "sharp_turn_forward_velocity": 1.4487233959427988, "sharp_turn_angular_velocity": 2.886662474745955}