{"pid_speed_parameters": {"proportional_gain": 1.7118107813847776, "integral_gain": 0.09051858801210166, "derivative_gain": 0.06762673001581873, "max_value": 101.699901935297, "min_value": 0.037511072531822544}, "pid_steer_parameters": {"proportional_gain": 2.2880351734630184, "integral_gain": 0.01322182009538354, "derivative_gain": 0.0010652329604361017, "max_value": 1.977562922129077, "min_value": -2.0995460060912854}, "max_forward_velocity": 0.9622773716401185, "turning_speed_ratio": 0.4165328397035585, "sharp_turn_forward_velocity": 1.8023760503360473, "sharp_turn_angular_velocity": 2.091465778632273}