{"pid_speed_parameters": {"proportional_gain": 2.537404926646478, "integral_gain": 0.09995346035282268, "derivative_gain": 0.08550147320257809, "max_value": 101.29085802061523, "min_value": 0.0023203788803269807}, "pid_steer_parameters": {"proportional_gain": 2.1792909701501557, "integral_gain": 0.011704665853481339, "derivative_gain": 0.008327472108612559, "max_value": 2.0127799187334214, "min_value": -2.099765253039276}, "max_forward_velocity": 0.9359577929120948, "turning_speed_ratio": 0.46145171127830986, "sharp_turn_forward_velocity": 1.8855178215389168, "sharp_turn_angular_velocity": 2.4392188789191795}