{"pid_speed_parameters": {"proportional_gain": 1.9194632349684237, "integral_gain": 0.07986338353979665, "derivative_gain": 0.0784661141972133, "max_value": 101.7428620490298, "min_value": 0.18956178961108783}, "pid_steer_parameters": {"proportional_gain": 2.1397771024765864, "integral_gain": 0.037427160685415996, "derivative_gain": 0.01215880919630626, "max_value": 1.927487696116965, "min_value": -2.0924064656273886}, "max_forward_velocity": 1.264488694987578, "turning_speed_ratio": 0.6011394531496194, "sharp_turn_forward_velocity": 1.914701276290789, "sharp_turn_angular_velocity": 1.7824267312897946}