{"pid_speed_parameters": {"proportional_gain": 2.138013436761236, "integral_gain": 0.06311965773377143, "derivative_gain": 0.07347541495298394, "max_value": 101.78806726859898, "min_value": 0.05739091641849664}, "pid_steer_parameters": {"proportional_gain": 2.3610737710100493, "integral_gain": 0.02906806071521818, "derivative_gain": 0.011468595383666657, "max_value": 1.9481040018405207, "min_value": -2.095027015386354}, "max_forward_velocity": 1.1500930770817386, "turning_speed_ratio": 0.6942778497618797, "sharp_turn_forward_velocity": 1.6618964175780258, "sharp_turn_angular_velocity": 1.793094423702474}