{"pid_speed_parameters": {"proportional_gain": 1.6759600781212218, "integral_gain": 0.0999629651894908, "derivative_gain": 0.07016216507211374, "max_value": 101.49423155872138, "min_value": 0.17781672552668132}, "pid_steer_parameters": {"proportional_gain": 2.044380758258082, "integral_gain": 0.031959591596106667, "derivative_gain": 0.0028011222621599063, "max_value": 1.9354079421400339, "min_value": -2.0849166752251858}, "max_forward_velocity": 0.8650190530929232, "turning_speed_ratio": 0.5197285870956438, "sharp_turn_forward_velocity": 1.5031559092445637, "sharp_turn_angular_velocity": 2.311304959067315}