{"pid_speed_parameters": {"proportional_gain": 2.234102789870283, "integral_gain": 0.0999762454165586, "derivative_gain": 0.07867783936162936, "max_value": 101.53781328587289, "min_value": 0.026232307370944348}, "pid_steer_parameters": {"proportional_gain": 2.1450442209267684, "integral_gain": 0.011540925083205873, "derivative_gain": 0.005740304261576783, "max_value": 1.9753313232983352, "min_value": -2.0983490903801973}, "max_forward_velocity": 0.8570226436599899, "turning_speed_ratio": 0.23437855263825635, "sharp_turn_forward_velocity": 1.8881312566186867, "sharp_turn_angular_velocity": 2.4813877350093114}