{"pid_speed_parameters": {"proportional_gain": 1.5607466684193552, "integral_gain": 0.0976552688256131, "derivative_gain": 0.06525647274836655, "max_value": 101.89271874224934, "min_value": 0.24317669862998254}, "pid_steer_parameters": {"proportional_gain": 1.7338386742530576, "integral_gain": 0.008385446118499713, "derivative_gain": 0.0022446276577554164, "max_value": 1.937300127812494, "min_value": -2.099727826747723}, "max_forward_velocity": 1.1398847719393455, "turning_speed_ratio": 0.3233149760442941, "sharp_turn_forward_velocity": 1.2863240405256386, "sharp_turn_angular_velocity": 1.4635093959758774}