{"pid_speed_parameters": {"proportional_gain": 1.6781758989424116, "integral_gain": 0.09109552417333902, "derivative_gain": 0.09355874696852291, "max_value": 101.93609178018927, "min_value": 0.3281078771383767}, "pid_steer_parameters": {"proportional_gain": 2.29902810387986, "integral_gain": 0.03985211011563185, "derivative_gain": 0.005588358080413569, "max_value": 1.9691882765319524, "min_value": -2.054448353344551}, "max_forward_velocity": 1.0270475049932415, "turning_speed_ratio": 0.024081092525827304, "sharp_turn_forward_velocity": 1.9908175354759536, "sharp_turn_angular_velocity": 2.1781318529856706}