{"pid_speed_parameters": {"proportional_gain": 2.249301880797148, "integral_gain": 0.09594808158978885, "derivative_gain": 0.07973263163095869, "max_value": 101.20758519126244, "min_value": 0.004165571607338109}, "pid_steer_parameters": {"proportional_gain": 2.286847854962164, "integral_gain": 0.008470995255301851, "derivative_gain": 0.0021343773896487913, "max_value": 2.026977561605233, "min_value": -2.0932378843843455}, "max_forward_velocity": 0.8347353301705671, "turning_speed_ratio": 0.2811264372040811, "sharp_turn_forward_velocity": 1.8227189844994662, "sharp_turn_angular_velocity": 2.1405355697775224}