{"pid_speed_parameters": {"proportional_gain": 1.6658810374077113, "integral_gain": 0.09878121839678061, "derivative_gain": 0.06876410802856717, "max_value": 101.57186597826643, "min_value": 0.02650799609408761}, "pid_steer_parameters": {"proportional_gain": 2.169469390178278, "integral_gain": 0.003550933991570693, "derivative_gain": 0.010177136752523326, "max_value": 1.962358895231835, "min_value": -2.0999986626600804}, "max_forward_velocity": 1.3202271971998496, "turning_speed_ratio": 0.3862315365884488, "sharp_turn_forward_velocity": 1.952760316954426, "sharp_turn_angular_velocity": 2.444851674329157}