{"pid_speed_parameters": {"proportional_gain": 2.1219675544211, "integral_gain": 0.017877359933434374, "derivative_gain": 0.0012853780352625084, "max_value": 100.40389235416727, "min_value": 0.18878264732554473}, "pid_steer_parameters": {"proportional_gain": 1.8803376594822405, "integral_gain": 0.004173570522365254, "derivative_gain": 0.03079711878767765, "max_value": 2.0555168003880917, "min_value": -1.9986175471888328}, "max_forward_velocity": 1.4124957012309274, "turning_speed_ratio": 0.412785833570106, "sharp_turn_forward_velocity": 0.6105454029459605, "sharp_turn_angular_velocity": 2.4782435187098804}