{"pid_speed_parameters": {"proportional_gain": 1.6909926054692284, "integral_gain": 0.09949008698256293, "derivative_gain": 0.09760721792903015, "max_value": 101.61618913402926, "min_value": 0.15530916314181825}, "pid_steer_parameters": {"proportional_gain": 2.807639554462024, "integral_gain": 0.004054402695414383, "derivative_gain": 0.0011759074817452027, "max_value": 2.0693320680737255, "min_value": -2.070345805893401}, "max_forward_velocity": 0.41207096013802014, "turning_speed_ratio": 0.4188414703659351, "sharp_turn_forward_velocity": 1.3924901859864696, "sharp_turn_angular_velocity": 1.9004510654323281}