{"pid_speed_parameters": {"proportional_gain": 1.6224350613664018, "integral_gain": 0.09838927388745305, "derivative_gain": 0.06927895057065413, "max_value": 101.35134569145335, "min_value": 0.1314439798281518}, "pid_steer_parameters": {"proportional_gain": 1.9858188582862848, "integral_gain": 0.0059078709187158325, "derivative_gain": 0.018895957339273253, "max_value": 1.9582389204972153, "min_value": -2.099375815906844}, "max_forward_velocity": 1.4948293993821362, "turning_speed_ratio": 0.2850857914665541, "sharp_turn_forward_velocity": 1.998291313302477, "sharp_turn_angular_velocity": 2.704722783223819}