{"pid_speed_parameters": {"proportional_gain": 1.8439935172864004, "integral_gain": 0.07445348997353213, "derivative_gain": 0.07214071707426309, "max_value": 101.70963723383673, "min_value": 0.07938922135112098}, "pid_steer_parameters": {"proportional_gain": 2.219228842218269, "integral_gain": 0.024651830788202087, "derivative_gain": 0.003405979919026789, "max_value": 1.9787356481614822, "min_value": -2.0999474850348223}, "max_forward_velocity": 1.0156896818078267, "turning_speed_ratio": 0.45592169195367094, "sharp_turn_forward_velocity": 1.6833997561713645, "sharp_turn_angular_velocity": 2.1353758901808426}