{"pid_speed_parameters": {"proportional_gain": 1.6428578315724667, "integral_gain": 0.09492398557889059, "derivative_gain": 0.0809961353989045, "max_value": 101.69198321157046, "min_value": 0.10164939721507005}, "pid_steer_parameters": {"proportional_gain": 2.587937499491437, "integral_gain": 0.017736070312429325, "derivative_gain": 0.003002690297714362, "max_value": 2.002170567175886, "min_value": -2.0968369000797438}, "max_forward_velocity": 0.9739502785060172, "turning_speed_ratio": 0.4291873679954179, "sharp_turn_forward_velocity": 1.7222616116260006, "sharp_turn_angular_velocity": 2.178094125153233}