{"pid_speed_parameters": {"proportional_gain": 2.1121395129040685, "integral_gain": 0.08054823160747196, "derivative_gain": 0.07889874020562467, "max_value": 101.68058443409437, "min_value": 0.08881962095847773}, "pid_steer_parameters": {"proportional_gain": 2.065461968493433, "integral_gain": 0.027674156340397205, "derivative_gain": 0.005846861474255258, "max_value": 1.957333606176307, "min_value": -2.072228930680821}, "max_forward_velocity": 1.2802910468691284, "turning_speed_ratio": 0.5433567320042607, "sharp_turn_forward_velocity": 1.9111352917540383, "sharp_turn_angular_velocity": 1.7177368240847832}