{"pid_speed_parameters": {"proportional_gain": 1.8148241543255064, "integral_gain": 0.06895474097865358, "derivative_gain": 0.07303322896713538, "max_value": 101.94645189230259, "min_value": 0.11277420936357044}, "pid_steer_parameters": {"proportional_gain": 2.345447894990795, "integral_gain": 0.026171377234713127, "derivative_gain": 0.0059328303402096366, "max_value": 1.9408797331229244, "min_value": -2.0999886610700993}, "max_forward_velocity": 1.080681181498917, "turning_speed_ratio": 0.5015089222727545, "sharp_turn_forward_velocity": 1.3903649892657097, "sharp_turn_angular_velocity": 1.7397179313986684}