{"pid_speed_parameters": {"proportional_gain": 2.3505926680793348, "integral_gain": 0.09914626731651999, "derivative_gain": 0.08531767875135518, "max_value": 101.29399747113091, "min_value": 0.1821749506697904}, "pid_steer_parameters": {"proportional_gain": 1.8521635102638232, "integral_gain": 0.0018467567500627792, "derivative_gain": 0.011038541405263882, "max_value": 2.009653713402477, "min_value": -2.0999991653978287}, "max_forward_velocity": 0.8630690924357434, "turning_speed_ratio": 0.5428825468547669, "sharp_turn_forward_velocity": 1.9671854501395054, "sharp_turn_angular_velocity": 2.181528019807014}