{"pid_speed_parameters": {"proportional_gain": 2.1331235401273947, "integral_gain": 0.0996534575799757, "derivative_gain": 0.08460433918385499, "max_value": 101.46830226969212, "min_value": 0.002413938913372422}, "pid_steer_parameters": {"proportional_gain": 2.172693976916093, "integral_gain": 0.011359209371866885, "derivative_gain": 0.008528787375768832, "max_value": 2.008560150688791, "min_value": -2.098292445395685}, "max_forward_velocity": 0.8704562662170061, "turning_speed_ratio": 0.4430074397498369, "sharp_turn_forward_velocity": 1.9310590625713209, "sharp_turn_angular_velocity": 2.656002220509386}