{"pid_speed_parameters": {"proportional_gain": 2.2189587725411295, "integral_gain": 0.07422300843754912, "derivative_gain": 0.07733173790798731, "max_value": 101.48528069792452, "min_value": 0.002085541513067937}, "pid_steer_parameters": {"proportional_gain": 1.9191889664348838, "integral_gain": 0.030906743026218087, "derivative_gain": 0.010432571795233164, "max_value": 1.94146108792778, "min_value": -2.085534518361403}, "max_forward_velocity": 1.0538091109205845, "turning_speed_ratio": 0.5249226103628806, "sharp_turn_forward_velocity": 1.8506320306703048, "sharp_turn_angular_velocity": 1.9597678841485908}