{"pid_speed_parameters": {"proportional_gain": 2.0605505725542574, "integral_gain": 0.08094684975160585, "derivative_gain": 0.07682350419948498, "max_value": 101.58358209268012, "min_value": 0.09247832964451064}, "pid_steer_parameters": {"proportional_gain": 2.17069470495725, "integral_gain": 0.03680716167821504, "derivative_gain": 0.008854707967940485, "max_value": 1.9502588750816454, "min_value": -2.0845856338973148}, "max_forward_velocity": 1.150214553525671, "turning_speed_ratio": 0.6644698094591049, "sharp_turn_forward_velocity": 1.7928527105539638, "sharp_turn_angular_velocity": 1.9358897255404626}