{"pid_speed_parameters": {"proportional_gain": 1.683618703523608, "integral_gain": 0.08893648760906753, "derivative_gain": 0.06776049729662212, "max_value": 101.76578094175238, "min_value": 0.05481739141222297}, "pid_steer_parameters": {"proportional_gain": 2.38494618335903, "integral_gain": 0.019496320241104, "derivative_gain": 0.0034169152252022683, "max_value": 2.006579195307219, "min_value": -2.098986559572676}, "max_forward_velocity": 1.0389056704910575, "turning_speed_ratio": 0.41346955031575083, "sharp_turn_forward_velocity": 1.8435490288347436, "sharp_turn_angular_velocity": 2.2164759166892005}