{"pid_speed_parameters": {"proportional_gain": 2.003922285390142, "integral_gain": 0.053390344587882166, "derivative_gain": 0.07163235460385342, "max_value": 101.5233021628467, "min_value": 0.0987606287297347}, "pid_steer_parameters": {"proportional_gain": 2.101979536549756, "integral_gain": 0.03795901434865014, "derivative_gain": 0.005346671620438534, "max_value": 1.95234134523722, "min_value": -2.097634921276913}, "max_forward_velocity": 1.2633884683687444, "turning_speed_ratio": 0.4643747560687409, "sharp_turn_forward_velocity": 1.5106320083814162, "sharp_turn_angular_velocity": 1.6716938884334982}