{"pid_speed_parameters": {"proportional_gain": 2.158776520400412, "integral_gain": 0.0954752824491486, "derivative_gain": 0.08122417118791629, "max_value": 101.55247607860711, "min_value": 0.0023459477927011314}, "pid_steer_parameters": {"proportional_gain": 2.2614669444098974, "integral_gain": 0.010257580537886805, "derivative_gain": 0.007277304525385014, "max_value": 2.0143427270005314, "min_value": -2.0987480097915485}, "max_forward_velocity": 0.7938823716700587, "turning_speed_ratio": 0.6164521796796957, "sharp_turn_forward_velocity": 1.835171045380797, "sharp_turn_angular_velocity": 2.106074645018728}