{"pid_speed_parameters": {"proportional_gain": 1.2587258139238693, "integral_gain": 0.08613895141198531, "derivative_gain": 0.09403409452301431, "max_value": 101.23557822950517, "min_value": 0.10047494923972884}, "pid_steer_parameters": {"proportional_gain": 2.9612770556003816, "integral_gain": 0.006280308565775144, "derivative_gain": 0.01138270505876653, "max_value": 2.0854423664922934, "min_value": -1.9811444715875692}, "max_forward_velocity": 1.7968008653930523, "turning_speed_ratio": 0.4021331973364647, "sharp_turn_forward_velocity": 1.7384250356313966, "sharp_turn_angular_velocity": 1.9535300699909484}