{"pid_speed_parameters": {"proportional_gain": 1.879092573729081, "integral_gain": 0.0760463554858741, "derivative_gain": 0.05718783823282063, "max_value": 101.54082595404627, "min_value": 0.05436734983046443}, "pid_steer_parameters": {"proportional_gain": 2.095824671025175, "integral_gain": 0.03310742231723786, "derivative_gain": 0.011955938673902032, "max_value": 1.957836836982332, "min_value": -2.096255523542143}, "max_forward_velocity": 1.3662920367668032, "turning_speed_ratio": 0.4487653041853822, "sharp_turn_forward_velocity": 1.6155203581557926, "sharp_turn_angular_velocity": 1.812709937181662}