{"pid_speed_parameters": {"proportional_gain": 2.4694052038293126, "integral_gain": 0.09718725834018502, "derivative_gain": 0.0793198940160943, "max_value": 101.41419602786351, "min_value": 0.02238866403401865}, "pid_steer_parameters": {"proportional_gain": 1.8916106128471224, "integral_gain": 0.004204793834136576, "derivative_gain": 0.011259487075619815, "max_value": 1.9772715292622982, "min_value": -2.0999768928689386}, "max_forward_velocity": 1.0967363238740977, "turning_speed_ratio": 0.3847753449609548, "sharp_turn_forward_velocity": 1.722945384856295, "sharp_turn_angular_velocity": 2.487062493929696}