{"pid_speed_parameters": {"proportional_gain": 1.7564268128673042, "integral_gain": 0.09639252036706031, "derivative_gain": 0.07697676057720051, "max_value": 101.53787291650481, "min_value": 0.05291862104794623}, "pid_steer_parameters": {"proportional_gain": 2.378061826540563, "integral_gain": 0.015978707624930245, "derivative_gain": 0.003392700441891167, "max_value": 2.016747397469229, "min_value": -2.095828258070323}, "max_forward_velocity": 0.9526056647469172, "turning_speed_ratio": 0.5001426409718326, "sharp_turn_forward_velocity": 1.9539536641071882, "sharp_turn_angular_velocity": 2.1918816966961603}