{"pid_speed_parameters": {"proportional_gain": 1.477328555179756, "integral_gain": 0.09532413472759194, "derivative_gain": 0.08067309999566363, "max_value": 101.78917416598387, "min_value": 0.0982197719073141}, "pid_steer_parameters": {"proportional_gain": 2.097625192073966, "integral_gain": 0.0014415332514961243, "derivative_gain": 3.0129660351701955e-05, "max_value": 1.9779178477585588, "min_value": -2.078429455898478}, "max_forward_velocity": 0.9453074063022378, "turning_speed_ratio": 0.5586480244617936, "sharp_turn_forward_velocity": 1.5170391520656528, "sharp_turn_angular_velocity": 1.948249178076908}