{"pid_speed_parameters": {"proportional_gain": 1.432357612011464, "integral_gain": 0.020403915007788327, "derivative_gain": 0.06142276301556023, "max_value": 100.05378485020582, "min_value": 0.5346993074513786}, "pid_steer_parameters": {"proportional_gain": 2.0999494983011804, "integral_gain": 0.0020064520857760227, "derivative_gain": 0.00010527601682944, "max_value": 1.938181220987666, "min_value": -2.0585345585882253}, "max_forward_velocity": 1.5517430772749927, "turning_speed_ratio": 0.49436025420300916, "sharp_turn_forward_velocity": 1.4294581427787014, "sharp_turn_angular_velocity": 2.590482779019652}