{"pid_speed_parameters": {"proportional_gain": 2.352806277454137, "integral_gain": 0.0990154079618346, "derivative_gain": 0.0814278313661441, "max_value": 101.27859510502834, "min_value": 0.004780801787708574}, "pid_steer_parameters": {"proportional_gain": 2.0243487611197355, "integral_gain": 0.0031807279226067635, "derivative_gain": 0.010673729752750091, "max_value": 2.0257139976864234, "min_value": -2.0996439830088023}, "max_forward_velocity": 1.0510394627674113, "turning_speed_ratio": 0.38069379067495446, "sharp_turn_forward_velocity": 1.723719853991512, "sharp_turn_angular_velocity": 2.2105784662139656}