{"pid_speed_parameters": {"proportional_gain": 1.9087294359807134, "integral_gain": 0.0768527534918099, "derivative_gain": 0.07843699719196733, "max_value": 101.71052157858078, "min_value": 0.15799894937806314}, "pid_steer_parameters": {"proportional_gain": 2.260103598837334, "integral_gain": 0.05131784357149737, "derivative_gain": 0.01013665523999366, "max_value": 1.9490208049910285, "min_value": -2.0833727056269593}, "max_forward_velocity": 1.2727457257947263, "turning_speed_ratio": 0.39152359762751004, "sharp_turn_forward_velocity": 1.50639987329729, "sharp_turn_angular_velocity": 1.618436972398844}