{"pid_speed_parameters": {"proportional_gain": 2.1012448867463087, "integral_gain": 0.09998737659870016, "derivative_gain": 0.08487662751069094, "max_value": 101.22891914492074, "min_value": 0.00659382971997949}, "pid_steer_parameters": {"proportional_gain": 1.773982481822647, "integral_gain": 0.0003447621106352198, "derivative_gain": 0.008219286493672283, "max_value": 2.0040487203644086, "min_value": -2.0991614012880557}, "max_forward_velocity": 1.262565427648916, "turning_speed_ratio": 0.2085582517305946, "sharp_turn_forward_velocity": 1.9992948220774236, "sharp_turn_angular_velocity": 1.9953547870896642}