{"pid_speed_parameters": {"proportional_gain": 1.831977709605836, "integral_gain": 0.07802249647746452, "derivative_gain": 0.06681936754677206, "max_value": 101.55447229179379, "min_value": 0.004252507639085102}, "pid_steer_parameters": {"proportional_gain": 2.101723857719409, "integral_gain": 0.02959542771022558, "derivative_gain": 0.007853753395459075, "max_value": 1.9816267860085333, "min_value": -2.099720080205921}, "max_forward_velocity": 1.0985507050710313, "turning_speed_ratio": 0.4177390234840287, "sharp_turn_forward_velocity": 1.8625526860713288, "sharp_turn_angular_velocity": 1.9812464628100894}