{"pid_speed_parameters": {"proportional_gain": 1.833536827593521, "integral_gain": 0.07291106612661054, "derivative_gain": 0.06742437553422723, "max_value": 101.65604359363931, "min_value": 0.08588241430595278}, "pid_steer_parameters": {"proportional_gain": 2.1388071531865114, "integral_gain": 0.043191339254076075, "derivative_gain": 0.008592963105134629, "max_value": 1.9357763156358203, "min_value": -2.0926581491936305}, "max_forward_velocity": 1.1654831358488156, "turning_speed_ratio": 0.661295364140888, "sharp_turn_forward_velocity": 1.6901924588815085, "sharp_turn_angular_velocity": 1.653706141243266}