{"pid_speed_parameters": {"proportional_gain": 2.3315745789931555, "integral_gain": 0.09771389671426212, "derivative_gain": 0.08638683621312494, "max_value": 101.17815786089888, "min_value": 0.06236934468498215}, "pid_steer_parameters": {"proportional_gain": 2.1771279202391076, "integral_gain": 0.005958744694573755, "derivative_gain": 0.007343074157321086, "max_value": 2.013055076025225, "min_value": -2.0998594017220173}, "max_forward_velocity": 0.7628572770746866, "turning_speed_ratio": 0.44057138446860045, "sharp_turn_forward_velocity": 1.9214022927261065, "sharp_turn_angular_velocity": 2.591553693091166}