{"pid_speed_parameters": {"proportional_gain": 2.06620987391275, "integral_gain": 0.08646614211384952, "derivative_gain": 0.08334419329407847, "max_value": 101.77368689121302, "min_value": 0.03851998943262148}, "pid_steer_parameters": {"proportional_gain": 2.1918140344074972, "integral_gain": 0.013396229020898497, "derivative_gain": 0.006906558288913876, "max_value": 1.9824190190526016, "min_value": -2.0995760748924033}, "max_forward_velocity": 0.852514014596875, "turning_speed_ratio": 0.4377849668946787, "sharp_turn_forward_velocity": 1.6983712242789724, "sharp_turn_angular_velocity": 1.9902961336502327}