{"pid_speed_parameters": {"proportional_gain": 1.7533744748671631, "integral_gain": 0.08486424237256344, "derivative_gain": 0.06521683129076916, "max_value": 99.94818948574947, "min_value": 0.8418420244469373}, "pid_steer_parameters": {"proportional_gain": 1.142707049977089, "integral_gain": 0.03759451193853675, "derivative_gain": 0.009268387818901228, "max_value": 1.9771198878583125, "min_value": -1.9726384207791716}, "max_forward_velocity": 1.0018693890861403, "turning_speed_ratio": 0.0879667438746127, "sharp_turn_forward_velocity": 0.9915099702533641, "sharp_turn_angular_velocity": 2.897314004548583}