{"pid_speed_parameters": {"proportional_gain": 1.202311198496774, "integral_gain": 0.08065488523115551, "derivative_gain": 0.07710894406994417, "max_value": 101.40920454457557, "min_value": 0.14567308378282398}, "pid_steer_parameters": {"proportional_gain": 2.9928475669518195, "integral_gain": 0.0008482560006125756, "derivative_gain": 0.0007572900083268962, "max_value": 2.0624163733064513, "min_value": -2.09182586282714}, "max_forward_velocity": 1.7614632241084796, "turning_speed_ratio": 0.2269975926067434, "sharp_turn_forward_velocity": 1.2543358167873984, "sharp_turn_angular_velocity": 1.9972583711980323}