{"pid_speed_parameters": {"proportional_gain": 2.16488698137523, "integral_gain": 0.09934599649847399, "derivative_gain": 0.07732573473419291, "max_value": 100.5980986285564, "min_value": 0.10458340858245213}, "pid_steer_parameters": {"proportional_gain": 2.2470867318327135, "integral_gain": 0.006503520228561046, "derivative_gain": 0.01050674022467907, "max_value": 1.9957204886746907, "min_value": -2.0989122620627274}, "max_forward_velocity": 0.708770408693757, "turning_speed_ratio": 0.26066317554824836, "sharp_turn_forward_velocity": 1.8399163478621954, "sharp_turn_angular_velocity": 2.344197955133843}