{"pid_speed_parameters": {"proportional_gain": 1.5024462985278042, "integral_gain": 0.08424552427350557, "derivative_gain": 0.07582085450333151, "max_value": 101.80582185402322, "min_value": 0.13692024028782657}, "pid_steer_parameters": {"proportional_gain": 1.944269169767019, "integral_gain": 0.024661914095850754, "derivative_gain": 0.0005611228444684661, "max_value": 1.9750676931190125, "min_value": -2.0889276071553096}, "max_forward_velocity": 1.158736031107045, "turning_speed_ratio": 0.31952946140979593, "sharp_turn_forward_velocity": 1.740512262190458, "sharp_turn_angular_velocity": 1.9519050334817725}