{"pid_speed_parameters": {"proportional_gain": 2.025301317577007, "integral_gain": 0.09155957829086417, "derivative_gain": 0.06514789142996394, "max_value": 101.3211234494972, "min_value": 0.011766943915592935}, "pid_steer_parameters": {"proportional_gain": 2.2348160050247143, "integral_gain": 0.000524053975231307, "derivative_gain": 0.021322176251694275, "max_value": 2.010887472709263, "min_value": -2.094581445686972}, "max_forward_velocity": 1.0956659250190213, "turning_speed_ratio": 0.5847724653430376, "sharp_turn_forward_velocity": 1.9650857728477986, "sharp_turn_angular_velocity": 2.222667190222907}