{"pid_speed_parameters": {"proportional_gain": 2.1306327673289847, "integral_gain": 0.06399955936708884, "derivative_gain": 0.0749420146967178, "max_value": 101.51452492088302, "min_value": 0.09985192124132872}, "pid_steer_parameters": {"proportional_gain": 2.0624025416383356, "integral_gain": 0.042166121649251896, "derivative_gain": 0.014020845686305369, "max_value": 1.9535592961531285, "min_value": -2.0947508397006023}, "max_forward_velocity": 1.2472559928136817, "turning_speed_ratio": 0.45233292227993926, "sharp_turn_forward_velocity": 1.7724979440221298, "sharp_turn_angular_velocity": 1.7044829640255987}