{"pid_speed_parameters": {"proportional_gain": 1.8459302632928727, "integral_gain": 0.0947154896088368, "derivative_gain": 0.08171971624967188, "max_value": 101.6850632410704, "min_value": 0.04465558038918637}, "pid_steer_parameters": {"proportional_gain": 2.237893737174447, "integral_gain": 0.018027714622652336, "derivative_gain": 0.0036534412669413435, "max_value": 1.9904799773427175, "min_value": -2.099259301951345}, "max_forward_velocity": 0.9137865857456768, "turning_speed_ratio": 0.4653912676921026, "sharp_turn_forward_velocity": 1.825741755535708, "sharp_turn_angular_velocity": 2.296416057452454}