{"pid_speed_parameters": {"proportional_gain": 1.3569778582660328, "integral_gain": 0.010711602748295915, "derivative_gain": 0.03844743739951832, "max_value": 99.81038689179364, "min_value": 0.9427589120706362}, "pid_steer_parameters": {"proportional_gain": 1.9449420803818898, "integral_gain": 0.01925312460519247, "derivative_gain": 0.02357120509159826, "max_value": 2.0456377389599183, "min_value": -2.0351200931970745}, "max_forward_velocity": 0.86412277731344, "turning_speed_ratio": 0.276233899167067, "sharp_turn_forward_velocity": 1.1057918447317956, "sharp_turn_angular_velocity": 2.126787065780326}