{"pid_speed_parameters": {"proportional_gain": 1.072831297226501, "integral_gain": 0.0998709829234862, "derivative_gain": 0.0732941870802999, "max_value": 101.90911954511334, "min_value": 0.5904717542106358}, "pid_steer_parameters": {"proportional_gain": 2.5229575697758695, "integral_gain": 0.011455885809338361, "derivative_gain": 0.0022486270084079107, "max_value": 2.0472110778994574, "min_value": -2.095820879872328}, "max_forward_velocity": 0.6797434979398429, "turning_speed_ratio": 0.0030829350238872973, "sharp_turn_forward_velocity": 1.5803929153022698, "sharp_turn_angular_velocity": 2.300770751382582}