{"pid_speed_parameters": {"proportional_gain": 1.7088386035920904, "integral_gain": 0.0908110958178185, "derivative_gain": 0.08193446452332886, "max_value": 101.84881050719889, "min_value": 0.08053161946455387}, "pid_steer_parameters": {"proportional_gain": 2.2466103341626917, "integral_gain": 0.022292491824570458, "derivative_gain": 0.002574248816838744, "max_value": 1.999131860123377, "min_value": -2.0923722427904687}, "max_forward_velocity": 1.0256882462730568, "turning_speed_ratio": 0.31084534031764055, "sharp_turn_forward_velocity": 1.5517615490301517, "sharp_turn_angular_velocity": 2.0667042048178237}