{"pid_speed_parameters": {"proportional_gain": 2.266601241806117, "integral_gain": 0.0753295605801127, "derivative_gain": 0.07490080610383612, "max_value": 101.42917981852325, "min_value": 0.14190413303990324}, "pid_steer_parameters": {"proportional_gain": 1.9456682976588882, "integral_gain": 0.04185229191686566, "derivative_gain": 0.012406606936425871, "max_value": 1.959679295015339, "min_value": -2.070320038594983}, "max_forward_velocity": 1.345715161348554, "turning_speed_ratio": 0.37272940714134056, "sharp_turn_forward_velocity": 1.7971831026038818, "sharp_turn_angular_velocity": 1.665922518075833}