{"pid_speed_parameters": {"proportional_gain": 1.3989004475865525, "integral_gain": 0.09289989257076992, "derivative_gain": 0.09260927673518772, "max_value": 101.82797552930683, "min_value": 0.39019073799580145}, "pid_steer_parameters": {"proportional_gain": 2.5278273513032707, "integral_gain": 0.016924629721935276, "derivative_gain": 0.0026507615503892144, "max_value": 1.924733519900952, "min_value": -2.0670517073938246}, "max_forward_velocity": 1.3087706855748384, "turning_speed_ratio": 0.4502656522621358, "sharp_turn_forward_velocity": 1.8779871690991, "sharp_turn_angular_velocity": 2.080879170166236}