{"pid_speed_parameters": {"proportional_gain": 1.975358787469116, "integral_gain": 0.09872329535616385, "derivative_gain": 0.08142442786315453, "max_value": 101.1850651686143, "min_value": 0.09834194218857403}, "pid_steer_parameters": {"proportional_gain": 2.227968549221009, "integral_gain": 0.012098474593707133, "derivative_gain": 0.015251083974911034, "max_value": 1.9648373532406322, "min_value": -2.0989689273726655}, "max_forward_velocity": 1.4552200496485035, "turning_speed_ratio": 0.23382442100562528, "sharp_turn_forward_velocity": 1.8631271082603453, "sharp_turn_angular_velocity": 2.7682565844309655}