{"pid_speed_parameters": {"proportional_gain": 1.1612411423585827, "integral_gain": 0.03091042831006991, "derivative_gain": 0.01402532865625122, "max_value": 99.415559768663, "min_value": 0.2992250002377583}, "pid_steer_parameters": {"proportional_gain": 2.0459259104952627, "integral_gain": 0.053886104265559294, "derivative_gain": 0.03492083540049251, "max_value": 1.9946255400736388, "min_value": -1.9190323707617942}, "max_forward_velocity": 0.8523276246121225, "turning_speed_ratio": 0.30902359053942074, "sharp_turn_forward_velocity": 1.2842267861022862, "sharp_turn_angular_velocity": 1.8682655947296385}