{"pid_speed_parameters": {"proportional_gain": 1.4270388616670697, "integral_gain": 0.060257892515148244, "derivative_gain": 0.07912811039240074, "max_value": 99.14745062979136, "min_value": 0.9684029722498744}, "pid_steer_parameters": {"proportional_gain": 1.0753061722642163, "integral_gain": 0.022927364916159047, "derivative_gain": 0.08360194374964683, "max_value": 1.9607423329975981, "min_value": -2.0064224832024067}, "max_forward_velocity": 1.4481925414265429, "turning_speed_ratio": 0.26321847432876694, "sharp_turn_forward_velocity": 0.5352023265142527, "sharp_turn_angular_velocity": 1.7182596279728295}