{"pid_speed_parameters": {"proportional_gain": 1.3360155202952049, "integral_gain": 0.09999379360492022, "derivative_gain": 0.0848302433189608, "max_value": 101.66219437301008, "min_value": 0.2664201383503404}, "pid_steer_parameters": {"proportional_gain": 2.837096883678341, "integral_gain": 0.003070119508920401, "derivative_gain": 0.005830608274694722, "max_value": 2.07183449457703, "min_value": -1.9450450486478215}, "max_forward_velocity": 1.4268495594481039, "turning_speed_ratio": 0.006133074501633856, "sharp_turn_forward_velocity": 1.9176183515675935, "sharp_turn_angular_velocity": 2.282016315992539}