{"pid_speed_parameters": {"proportional_gain": 1.424968538311674, "integral_gain": 0.09999896114923652, "derivative_gain": 0.07993406900328562, "max_value": 101.4270430395242, "min_value": 0.3298855018337914}, "pid_steer_parameters": {"proportional_gain": 2.521903603792403, "integral_gain": 0.025167692229166497, "derivative_gain": 0.0034735239952828683, "max_value": 1.9584091153222882, "min_value": -2.0966638771155064}, "max_forward_velocity": 0.512945106190767, "turning_speed_ratio": 0.17423906448139798, "sharp_turn_forward_velocity": 1.9996298157551105, "sharp_turn_angular_velocity": 2.0054977094037847}