{"pid_speed_parameters": {"proportional_gain": 1.7910633989322733, "integral_gain": 0.09244324568821219, "derivative_gain": 0.07263709271156926, "max_value": 101.63231650692781, "min_value": 0.023904819415482774}, "pid_steer_parameters": {"proportional_gain": 2.276010437446586, "integral_gain": 0.030767975730880658, "derivative_gain": 0.002961034133492802, "max_value": 1.9769414964015373, "min_value": -2.09891024145636}, "max_forward_velocity": 0.9892700373711079, "turning_speed_ratio": 0.3665376700923414, "sharp_turn_forward_velocity": 1.6905327725774548, "sharp_turn_angular_velocity": 1.9470886551565176}