{"pid_speed_parameters": {"proportional_gain": 1.224305082710417, "integral_gain": 0.0626659843247535, "derivative_gain": 0.020816300167425677, "max_value": 99.96199986131198, "min_value": 0.9927680444266349}, "pid_steer_parameters": {"proportional_gain": 1.0000082807174484, "integral_gain": 0.03679101325080373, "derivative_gain": 0.027767526751115802, "max_value": 1.954513205598511, "min_value": -2.004954525369764}, "max_forward_velocity": 1.078940230683841, "turning_speed_ratio": 0.17539197210643664, "sharp_turn_forward_velocity": 1.2333817435908339, "sharp_turn_angular_velocity": 2.01886061549098}