{"pid_speed_parameters": {"proportional_gain": 1.587419827509414, "integral_gain": 0.08288817456986494, "derivative_gain": 0.07366967804736085, "max_value": 101.49612000166735, "min_value": 0.2031732385061516}, "pid_steer_parameters": {"proportional_gain": 2.2407443292313705, "integral_gain": 0.02623243653309634, "derivative_gain": 0.004112313086028855, "max_value": 1.9849114882743553, "min_value": -2.0969092133440115}, "max_forward_velocity": 1.1252758476610472, "turning_speed_ratio": 0.4208982497813677, "sharp_turn_forward_velocity": 1.6595629156344829, "sharp_turn_angular_velocity": 2.0849076144274803}