{"pid_speed_parameters": {"proportional_gain": 1.9777832377173037, "integral_gain": 0.09218286945176228, "derivative_gain": 0.07668267680211614, "max_value": 101.64152304135817, "min_value": 0.02150162981457168}, "pid_steer_parameters": {"proportional_gain": 2.1039790143737607, "integral_gain": 0.021234735175090835, "derivative_gain": 0.002051849645267587, "max_value": 1.994702323979164, "min_value": -2.0999100292355077}, "max_forward_velocity": 1.1699164427711362, "turning_speed_ratio": 0.3728452498896505, "sharp_turn_forward_velocity": 1.7084583561150317, "sharp_turn_angular_velocity": 2.163869881989555}