{"pid_speed_parameters": {"proportional_gain": 2.233577829846711, "integral_gain": 0.09680620718616997, "derivative_gain": 0.07634613928910956, "max_value": 101.27559387833509, "min_value": 0.10231311915157046}, "pid_steer_parameters": {"proportional_gain": 2.246380049247681, "integral_gain": 0.0024146401099044736, "derivative_gain": 0.0028645086191322, "max_value": 2.0223206871244424, "min_value": -2.095747711247111}, "max_forward_velocity": 0.7336853287789871, "turning_speed_ratio": 0.3948143059333567, "sharp_turn_forward_velocity": 1.576416583620456, "sharp_turn_angular_velocity": 2.2220785358488153}