{"pid_speed_parameters": {"proportional_gain": 2.208583686142867, "integral_gain": 0.09755522471178778, "derivative_gain": 0.08306399338288814, "max_value": 101.32039073324829, "min_value": 0.13163155627623227}, "pid_steer_parameters": {"proportional_gain": 2.2178940664418114, "integral_gain": 0.008873824820703806, "derivative_gain": 0.005201900711450788, "max_value": 1.9984515142396688, "min_value": -2.0993653594558643}, "max_forward_velocity": 0.8778689196775136, "turning_speed_ratio": 0.3854327782908628, "sharp_turn_forward_velocity": 1.999908364298786, "sharp_turn_angular_velocity": 2.434746387228793}