{"pid_speed_parameters": {"proportional_gain": 1.108348805718232, "integral_gain": 0.056656490514386024, "derivative_gain": 0.031203663094839112, "max_value": 99.36842275039142, "min_value": 0.5501852904593859}, "pid_steer_parameters": {"proportional_gain": 2.5497998153291284, "integral_gain": 0.011695830752564314, "derivative_gain": 0.008172588689541321, "max_value": 1.9801470223556807, "min_value": -2.0037554075095776}, "max_forward_velocity": 1.279899907587165, "turning_speed_ratio": 0.06188362464900049, "sharp_turn_forward_velocity": 0.38730061615898614, "sharp_turn_angular_velocity": 2.612228164020282}