{"pid_speed_parameters": {"proportional_gain": 1.7820516262901271, "integral_gain": 0.08820681549037682, "derivative_gain": 0.07969153083487854, "max_value": 102.00905674456092, "min_value": 0.03494686362088203}, "pid_steer_parameters": {"proportional_gain": 2.304663613676785, "integral_gain": 0.025367205854210293, "derivative_gain": 0.002610201129622556, "max_value": 2.008927192633572, "min_value": -2.0998937302734824}, "max_forward_velocity": 0.8900297940414301, "turning_speed_ratio": 0.4691717383759819, "sharp_turn_forward_velocity": 1.8254035725781408, "sharp_turn_angular_velocity": 1.9569478423047233}