{"pid_speed_parameters": {"proportional_gain": 1.8200577318323348, "integral_gain": 0.09954037604573805, "derivative_gain": 0.0779527976752267, "max_value": 101.54492961855227, "min_value": 0.14199685799657918}, "pid_steer_parameters": {"proportional_gain": 2.1386066693289476, "integral_gain": 0.02263250509414946, "derivative_gain": 0.0030373181980948905, "max_value": 1.998558198212177, "min_value": -2.092786607700955}, "max_forward_velocity": 0.7904291924789812, "turning_speed_ratio": 0.33044908805683004, "sharp_turn_forward_velocity": 1.8685158475795498, "sharp_turn_angular_velocity": 2.0646165518679265}