{"pid_speed_parameters": {"proportional_gain": 2.1440295880084026, "integral_gain": 0.09097747037368521, "derivative_gain": 0.07907399064487972, "max_value": 101.14084315339527, "min_value": 0.019141178419138094}, "pid_steer_parameters": {"proportional_gain": 2.1558717486877974, "integral_gain": 0.0004808567251687161, "derivative_gain": 0.0046121555318428395, "max_value": 1.988272276516269, "min_value": -2.0920184678701563}, "max_forward_velocity": 1.2413182144657167, "turning_speed_ratio": 0.4729355840093121, "sharp_turn_forward_velocity": 1.848010209915491, "sharp_turn_angular_velocity": 2.2624747397805804}