{"pid_speed_parameters": {"proportional_gain": 2.275286871532055, "integral_gain": 0.09882905103193228, "derivative_gain": 0.07898409655456687, "max_value": 101.34699817917844, "min_value": 0.07325986471215659}, "pid_steer_parameters": {"proportional_gain": 2.155189683772938, "integral_gain": 0.010951082830668167, "derivative_gain": 0.009262873209994502, "max_value": 1.9927982850281696, "min_value": -2.0993219977817894}, "max_forward_velocity": 0.8348277738324104, "turning_speed_ratio": 0.4171972129048499, "sharp_turn_forward_velocity": 1.8443337320994642, "sharp_turn_angular_velocity": 2.420850453466424}