{"pid_speed_parameters": {"proportional_gain": 1.868787673386601, "integral_gain": 0.06619443779434994, "derivative_gain": 0.0607720264159658, "max_value": 100.43332245981019, "min_value": 0.16742859063918103}, "pid_steer_parameters": {"proportional_gain": 2.8575353763900084, "integral_gain": 0.011387405381256181, "derivative_gain": 0.016690233701622016, "max_value": 2.09881877806458, "min_value": -1.9062065184791492}, "max_forward_velocity": 1.8001569562554571, "turning_speed_ratio": 0.42145570196480076, "sharp_turn_forward_velocity": 1.294954004266319, "sharp_turn_angular_velocity": 1.9472931017816058}