{"pid_speed_parameters": {"proportional_gain": 1.0426264908316605, "integral_gain": 0.053269543899561365, "derivative_gain": 0.008184825819114384, "max_value": 100.01545095175977, "min_value": 0.5426195588029169}, "pid_steer_parameters": {"proportional_gain": 1.7003479147682432, "integral_gain": 0.04271300942182436, "derivative_gain": 0.012274136818419767, "max_value": 2.0517643223462927, "min_value": -2.003258279604273}, "max_forward_velocity": 1.2233483950888804, "turning_speed_ratio": 0.5384187667431075, "sharp_turn_forward_velocity": 1.1584550439719281, "sharp_turn_angular_velocity": 1.7821405490195672}