{"pid_speed_parameters": {"proportional_gain": 1.8617911764190107, "integral_gain": 0.06915039112052354, "derivative_gain": 0.07146713766144902, "max_value": 101.64635863081008, "min_value": 0.09293286311402318}, "pid_steer_parameters": {"proportional_gain": 2.228964462826325, "integral_gain": 0.0444940842083242, "derivative_gain": 0.008979483709125168, "max_value": 1.9399860214795823, "min_value": -2.0598846458132174}, "max_forward_velocity": 1.2410133253644584, "turning_speed_ratio": 0.44194895428257286, "sharp_turn_forward_velocity": 1.9301657265504042, "sharp_turn_angular_velocity": 1.7198788679538701}