{"pid_speed_parameters": {"proportional_gain": 1.901631118717738, "integral_gain": 0.07368643193570139, "derivative_gain": 0.06703474744381119, "max_value": 101.33749562463453, "min_value": 0.04365118315236198}, "pid_steer_parameters": {"proportional_gain": 1.9131113183630037, "integral_gain": 0.038900349415535135, "derivative_gain": 0.014439373579100053, "max_value": 1.941922900243602, "min_value": -2.0878565900172883}, "max_forward_velocity": 1.3665346549470094, "turning_speed_ratio": 0.4761628549750897, "sharp_turn_forward_velocity": 1.9178113232827285, "sharp_turn_angular_velocity": 1.7559562559504032}