{"pid_speed_parameters": {"proportional_gain": 2.174432505435308, "integral_gain": 0.09664816316872019, "derivative_gain": 0.055368506463683624, "max_value": 101.7887056162049, "min_value": 0.24833274287667728}, "pid_steer_parameters": {"proportional_gain": 2.949041776595564, "integral_gain": 0.005722629618306925, "derivative_gain": 0.007069626326193604, "max_value": 1.958200763755981, "min_value": -1.9778004981502812}, "max_forward_velocity": 1.0492586850651788, "turning_speed_ratio": 0.09856397036640113, "sharp_turn_forward_velocity": 1.5118400313552751, "sharp_turn_angular_velocity": 1.8106492724353673}