{"pid_speed_parameters": {"proportional_gain": 1.801146968670897, "integral_gain": 0.09998913976771867, "derivative_gain": 0.08472088770146416, "max_value": 101.52389924960416, "min_value": 0.29683711025165993}, "pid_steer_parameters": {"proportional_gain": 2.359513651995653, "integral_gain": 0.0038858806723105705, "derivative_gain": 0.005198541773345764, "max_value": 1.9494567191025185, "min_value": -2.099910493231704}, "max_forward_velocity": 1.019276796460788, "turning_speed_ratio": 0.07783193610131281, "sharp_turn_forward_velocity": 1.9995163789917951, "sharp_turn_angular_velocity": 2.2198996356113003}