{"pid_speed_parameters": {"proportional_gain": 2.231739715202538, "integral_gain": 0.09425117540378161, "derivative_gain": 0.08472428826388803, "max_value": 101.27782052115313, "min_value": 0.017822442438783524}, "pid_steer_parameters": {"proportional_gain": 2.027503535696362, "integral_gain": 0.006017127698380919, "derivative_gain": 0.011128281004578697, "max_value": 1.99347715100633, "min_value": -2.0993557790491413}, "max_forward_velocity": 1.0681408257561116, "turning_speed_ratio": 0.4097184496940788, "sharp_turn_forward_velocity": 1.7789051667459235, "sharp_turn_angular_velocity": 2.2805308349655404}