{"pid_speed_parameters": {"proportional_gain": 1.5406410211736699, "integral_gain": 0.07229529235244109, "derivative_gain": 0.04727245326748614, "max_value": 100.88810561126608, "min_value": 0.10475320726822468}, "pid_steer_parameters": {"proportional_gain": 1.8107166383241435, "integral_gain": 0.01934579470562775, "derivative_gain": 0.0028181896608725525, "max_value": 1.9894306567940332, "min_value": -2.080408575867196}, "max_forward_velocity": 0.464801949424833, "turning_speed_ratio": 0.1424042905830375, "sharp_turn_forward_velocity": 1.8187003323634572, "sharp_turn_angular_velocity": 2.417343783512801}