{"pid_speed_parameters": {"proportional_gain": 1.5887726846497532, "integral_gain": 0.09946373343029552, "derivative_gain": 0.07715062275701741, "max_value": 101.58532822697971, "min_value": 0.19617422540353674}, "pid_steer_parameters": {"proportional_gain": 2.379297206834741, "integral_gain": 0.008257727760121467, "derivative_gain": 0.00025936548212316665, "max_value": 2.0027834321934823, "min_value": -2.0952049383218787}, "max_forward_velocity": 0.6318008129174428, "turning_speed_ratio": 0.38849095965179475, "sharp_turn_forward_velocity": 1.5072899204628953, "sharp_turn_angular_velocity": 1.945320638955778}