{"pid_speed_parameters": {"proportional_gain": 1.9273943760889471, "integral_gain": 0.0986087753515624, "derivative_gain": 0.07512657023458894, "max_value": 101.61520652024348, "min_value": 0.08806317680491502}, "pid_steer_parameters": {"proportional_gain": 2.2074741670427147, "integral_gain": 0.013403022443493435, "derivative_gain": 0.0036794285204852254, "max_value": 2.0034334503225697, "min_value": -2.090949043306168}, "max_forward_velocity": 0.8988959997531465, "turning_speed_ratio": 0.5062693174348438, "sharp_turn_forward_velocity": 1.7281739817504724, "sharp_turn_angular_velocity": 2.0599461840142212}