{"pid_speed_parameters": {"proportional_gain": 2.270148843470521, "integral_gain": 0.09588090480653468, "derivative_gain": 0.07521675320266971, "max_value": 101.39708372975865, "min_value": 0.04984227496974348}, "pid_steer_parameters": {"proportional_gain": 2.1051711165475684, "integral_gain": 0.0033548776064388675, "derivative_gain": 0.01159164346973776, "max_value": 1.9995421567539846, "min_value": -2.0992574932173778}, "max_forward_velocity": 1.0089350192907918, "turning_speed_ratio": 0.5415540011722473, "sharp_turn_forward_velocity": 1.7164057129223556, "sharp_turn_angular_velocity": 2.322368114077229}