{"pid_speed_parameters": {"proportional_gain": 1.8517513445317662, "integral_gain": 0.09158659700850087, "derivative_gain": 0.06847297886817119, "max_value": 101.68671683998562, "min_value": 0.019082254601207813}, "pid_steer_parameters": {"proportional_gain": 2.250127471725053, "integral_gain": 0.014516751274060501, "derivative_gain": 0.0028758691853627326, "max_value": 1.9882536026046762, "min_value": -2.0983297487743457}, "max_forward_velocity": 0.8214560650477893, "turning_speed_ratio": 0.32518337359971, "sharp_turn_forward_velocity": 1.8357196042883055, "sharp_turn_angular_velocity": 2.116893693271666}