{"pid_speed_parameters": {"proportional_gain": 1.8688736934686982, "integral_gain": 0.07053671353008485, "derivative_gain": 0.0785542175492024, "max_value": 101.79819241825103, "min_value": 0.10197222923515015}, "pid_steer_parameters": {"proportional_gain": 2.2311761661432334, "integral_gain": 0.038188072469354475, "derivative_gain": 0.005797950621603961, "max_value": 1.9436532983089374, "min_value": -2.097428247367608}, "max_forward_velocity": 1.1469056371338742, "turning_speed_ratio": 0.7038145289257599, "sharp_turn_forward_velocity": 1.6232466380681019, "sharp_turn_angular_velocity": 1.7615663276733564}