{"pid_speed_parameters": {"proportional_gain": 1.7387063914035297, "integral_gain": 0.0977639294526776, "derivative_gain": 0.08013296548523183, "max_value": 101.29010706426911, "min_value": 0.15157693568507846}, "pid_steer_parameters": {"proportional_gain": 2.0569782928747884, "integral_gain": 0.006254602310327594, "derivative_gain": 8.665076686677346e-05, "max_value": 1.9918026000913935, "min_value": -2.0965434040022277}, "max_forward_velocity": 0.7650641697016463, "turning_speed_ratio": 0.015575649106190168, "sharp_turn_forward_velocity": 1.6140734149813913, "sharp_turn_angular_velocity": 1.855532857027867}