{"pid_speed_parameters": {"proportional_gain": 1.688640625052094, "integral_gain": 0.09999521950100104, "derivative_gain": 0.08328289016638167, "max_value": 101.71509739072772, "min_value": 0.17987942701900494}, "pid_steer_parameters": {"proportional_gain": 1.7310927850353193, "integral_gain": 0.020454690874127733, "derivative_gain": 0.0027175415630220938, "max_value": 1.9174976970782691, "min_value": -2.097232454231141}, "max_forward_velocity": 1.1017653311545048, "turning_speed_ratio": 0.0024140700782627087, "sharp_turn_forward_velocity": 1.5139419074533798, "sharp_turn_angular_velocity": 2.263724960282882}