{"pid_speed_parameters": {"proportional_gain": 2.1954084555896998, "integral_gain": 0.09794485747162283, "derivative_gain": 0.09056868476108608, "max_value": 101.48725234810507, "min_value": 0.10236304142934527}, "pid_steer_parameters": {"proportional_gain": 2.0667019004125007, "integral_gain": 0.010334543255740744, "derivative_gain": 0.0019253299091779117, "max_value": 2.0143202308447825, "min_value": -2.095887058903014}, "max_forward_velocity": 0.826288524402722, "turning_speed_ratio": 0.5641668140347057, "sharp_turn_forward_velocity": 1.9089783589739202, "sharp_turn_angular_velocity": 2.252530365995831}