{"pid_speed_parameters": {"proportional_gain": 2.242673412447515, "integral_gain": 0.09402025504364873, "derivative_gain": 0.07473844525687366, "max_value": 101.40240840377116, "min_value": 0.021358205170175306}, "pid_steer_parameters": {"proportional_gain": 2.1564862693719276, "integral_gain": 0.0032599394533446542, "derivative_gain": 0.017766074716708633, "max_value": 2.005631991299556, "min_value": -2.0956518084250164}, "max_forward_velocity": 1.2193560620329051, "turning_speed_ratio": 0.6435646108839886, "sharp_turn_forward_velocity": 1.8733432626735211, "sharp_turn_angular_velocity": 2.1705301846887135}