{"pid_speed_parameters": {"proportional_gain": 1.663109126831788, "integral_gain": 0.08565181464038313, "derivative_gain": 0.031877702777196204, "max_value": 100.12116081738962, "min_value": 0.43734115747620994}, "pid_steer_parameters": {"proportional_gain": 2.254428577873665, "integral_gain": 0.0010726456663679917, "derivative_gain": 0.0015375918799299308, "max_value": 1.9214053089466543, "min_value": -2.027346035270267}, "max_forward_velocity": 1.7785902539112357, "turning_speed_ratio": 0.6021333177787518, "sharp_turn_forward_velocity": 1.348401441474702, "sharp_turn_angular_velocity": 2.412490375648503}