{"pid_speed_parameters": {"proportional_gain": 1.5021790044664014, "integral_gain": 0.024486668773246328, "derivative_gain": 0.08455356609266916, "max_value": 100.42366750798196, "min_value": 0.6621549891671802}, "pid_steer_parameters": {"proportional_gain": 1.6176838846017398, "integral_gain": 0.041442430999873096, "derivative_gain": 0.06089312042416379, "max_value": 2.02995650507001, "min_value": -1.9518891380881676}, "max_forward_velocity": 1.9973782648691043, "turning_speed_ratio": 0.4449954670361044, "sharp_turn_forward_velocity": 0.7313308137135949, "sharp_turn_angular_velocity": 2.3758932622184634}