{"pid_speed_parameters": {"proportional_gain": 1.2970244472650605, "integral_gain": 0.09052100770441612, "derivative_gain": 0.07407086529725034, "max_value": 100.88393468907535, "min_value": 0.0007211053159846174}, "pid_steer_parameters": {"proportional_gain": 2.2410460309155953, "integral_gain": 0.00262667931999235, "derivative_gain": 0.001871696561337712, "max_value": 1.920397732344521, "min_value": -2.0997701094892998}, "max_forward_velocity": 1.4046812557348056, "turning_speed_ratio": 0.5688815450418855, "sharp_turn_forward_velocity": 1.944527180345722, "sharp_turn_angular_velocity": 1.9133149353902996}