{"pid_speed_parameters": {"proportional_gain": 1.6402685910865207, "integral_gain": 0.09752040196034908, "derivative_gain": 0.07988448079510553, "max_value": 101.64512509826874, "min_value": 0.08400976926077675}, "pid_steer_parameters": {"proportional_gain": 2.4812852665906133, "integral_gain": 0.018221994617979055, "derivative_gain": 0.004441506772059263, "max_value": 2.0110010213322496, "min_value": -2.0982857920387064}, "max_forward_velocity": 0.8135315090091813, "turning_speed_ratio": 0.4269704918455802, "sharp_turn_forward_velocity": 1.833934641190322, "sharp_turn_angular_velocity": 2.2658017002377644}