{"pid_speed_parameters": {"proportional_gain": 1.8928736357552178, "integral_gain": 0.0939454513706048, "derivative_gain": 0.039178144722881385, "max_value": 99.42720436218922, "min_value": 0.26272151983088077}, "pid_steer_parameters": {"proportional_gain": 2.022757892485732, "integral_gain": 0.008273808279261642, "derivative_gain": 0.05445272593496817, "max_value": 2.0954933669475793, "min_value": -1.9824876390797557}, "max_forward_velocity": 1.7782406149834196, "turning_speed_ratio": 0.8829521643782111, "sharp_turn_forward_velocity": 1.1077426049718377, "sharp_turn_angular_velocity": 1.8792364657851806}