{"pid_speed_parameters": {"proportional_gain": 1.8510642217152373, "integral_gain": 0.0965106433512412, "derivative_gain": 0.06745886435322788, "max_value": 101.6105687687457, "min_value": 0.05922190139655187}, "pid_steer_parameters": {"proportional_gain": 2.359355496925686, "integral_gain": 0.013436483982843193, "derivative_gain": 0.0027257311288534456, "max_value": 2.0185810565641544, "min_value": -2.0901196273570224}, "max_forward_velocity": 0.8426845849227789, "turning_speed_ratio": 0.5584645713659707, "sharp_turn_forward_velocity": 1.7075150241847727, "sharp_turn_angular_velocity": 1.9745241932716724}