{"pid_speed_parameters": {"proportional_gain": 1.9461119999037793, "integral_gain": 0.09993177410761825, "derivative_gain": 0.07738795978353621, "max_value": 101.43892450912547, "min_value": 0.03440661688246091}, "pid_steer_parameters": {"proportional_gain": 2.4313576068654874, "integral_gain": 0.011339016306759243, "derivative_gain": 0.004236646380706385, "max_value": 1.991053935490299, "min_value": -2.099886486781516}, "max_forward_velocity": 0.8587199176332385, "turning_speed_ratio": 0.18703013355681752, "sharp_turn_forward_velocity": 1.8967532027021328, "sharp_turn_angular_velocity": 2.151485919770402}