{"pid_speed_parameters": {"proportional_gain": 2.243272566692056, "integral_gain": 0.09608968242942936, "derivative_gain": 0.07873353499399163, "max_value": 101.31561256765598, "min_value": 0.021462443109419704}, "pid_steer_parameters": {"proportional_gain": 1.9869210148585987, "integral_gain": 0.0032096424388816584, "derivative_gain": 0.006282998595037987, "max_value": 1.9983837481518545, "min_value": -2.0997252629033754}, "max_forward_velocity": 1.176773913555116, "turning_speed_ratio": 0.5031062240390085, "sharp_turn_forward_velocity": 1.774100706555933, "sharp_turn_angular_velocity": 2.4097901818970278}