{"pid_speed_parameters": {"proportional_gain": 2.241271879217937, "integral_gain": 0.09885604818218077, "derivative_gain": 0.08134829096056367, "max_value": 101.62224822139389, "min_value": 0.13036136598656886}, "pid_steer_parameters": {"proportional_gain": 1.8807245259908547, "integral_gain": 0.008794643592441231, "derivative_gain": 0.00968527167978722, "max_value": 2.0227279284927198, "min_value": -2.096754491891704}, "max_forward_velocity": 0.7234232161095084, "turning_speed_ratio": 0.374366180107202, "sharp_turn_forward_velocity": 1.9632953115527032, "sharp_turn_angular_velocity": 2.078695566453103}