{"pid_speed_parameters": {"proportional_gain": 1.5884257936757373, "integral_gain": 0.09715859383700515, "derivative_gain": 0.025379202177304806, "max_value": 100.6678111034064, "min_value": 0.47555039547012434}, "pid_steer_parameters": {"proportional_gain": 2.9802877074943943, "integral_gain": 0.0036527020441901375, "derivative_gain": 0.038412122201632676, "max_value": 2.0428746964626123, "min_value": -1.959621171784508}, "max_forward_velocity": 0.2486910459674574, "turning_speed_ratio": 0.001533850458541966, "sharp_turn_forward_velocity": 1.1955251180797883, "sharp_turn_angular_velocity": 2.4650502743101206}