{"pid_speed_parameters": {"proportional_gain": 2.0498971772646257, "integral_gain": 0.08747289084918161, "derivative_gain": 0.07825913192441823, "max_value": 101.79269608921722, "min_value": 0.1211857412794401}, "pid_steer_parameters": {"proportional_gain": 2.1002281091489454, "integral_gain": 0.022255310556553953, "derivative_gain": 0.009872923081726812, "max_value": 1.9607424496036778, "min_value": -2.092151182829933}, "max_forward_velocity": 0.8355214217416949, "turning_speed_ratio": 0.3970407549804921, "sharp_turn_forward_velocity": 1.7042183184007311, "sharp_turn_angular_velocity": 2.0340922912156203}