{"pid_speed_parameters": {"proportional_gain": 1.6810933568982285, "integral_gain": 0.07434430520337437, "derivative_gain": 0.018060458892507236, "max_value": 100.7580655539512, "min_value": 0.4843074250438939}, "pid_steer_parameters": {"proportional_gain": 2.8061713468529765, "integral_gain": 0.0007903888880805382, "derivative_gain": 0.0067710388141809155, "max_value": 2.0862564474789624, "min_value": -1.9071372649377234}, "max_forward_velocity": 0.8451249321013279, "turning_speed_ratio": 0.2791239608364434, "sharp_turn_forward_velocity": 1.5135069908456418, "sharp_turn_angular_velocity": 1.6037758866103005}