{"pid_speed_parameters": {"proportional_gain": 2.089354985370403, "integral_gain": 0.0997666108699924, "derivative_gain": 0.07124393094765558, "max_value": 101.3144122915503, "min_value": 0.21896866383068692}, "pid_steer_parameters": {"proportional_gain": 2.200953284799995, "integral_gain": 0.007009063075618545, "derivative_gain": 0.004459154597559498, "max_value": 1.9011107047995086, "min_value": -2.0977791876226335}, "max_forward_velocity": 1.1425892392845822, "turning_speed_ratio": 0.08920541086026623, "sharp_turn_forward_velocity": 1.978592229187696, "sharp_turn_angular_velocity": 2.9962890025010736}