{"pid_speed_parameters": {"proportional_gain": 2.1294054442497776, "integral_gain": 0.09577306782633642, "derivative_gain": 0.07737362257113034, "max_value": 101.32673734312701, "min_value": 0.004150117641242815}, "pid_steer_parameters": {"proportional_gain": 2.3387250418563625, "integral_gain": 0.0017142367479193294, "derivative_gain": 0.009053499683196763, "max_value": 2.0071851047001816, "min_value": -2.098823370565714}, "max_forward_velocity": 0.7355140332071359, "turning_speed_ratio": 0.24617706300365233, "sharp_turn_forward_velocity": 1.837972109948091, "sharp_turn_angular_velocity": 1.941924370744364}