{"pid_speed_parameters": {"proportional_gain": 2.2518056288247985, "integral_gain": 0.08457248068756636, "derivative_gain": 0.03680138168120992, "max_value": 100.32026296934504, "min_value": 0.3449765047712271}, "pid_steer_parameters": {"proportional_gain": 2.3825492380370896, "integral_gain": 0.0062857140831755, "derivative_gain": 0.059352111995746595, "max_value": 2.0280224346553024, "min_value": -1.9731651297767363}, "max_forward_velocity": 1.5585463910953234, "turning_speed_ratio": 0.6367645845990677, "sharp_turn_forward_velocity": 0.8161770181320276, "sharp_turn_angular_velocity": 1.5473175919194797}