{"pid_speed_parameters": {"proportional_gain": 2.390841375349848, "integral_gain": 0.05811570298171026, "derivative_gain": 0.07638327810012513, "max_value": 101.44722081504118, "min_value": 0.01623198352659324}, "pid_steer_parameters": {"proportional_gain": 1.7426735198761891, "integral_gain": 0.026339621265365508, "derivative_gain": 0.013755980397284756, "max_value": 1.9492408787976498, "min_value": -2.038015533111522}, "max_forward_velocity": 1.4732075274401202, "turning_speed_ratio": 0.4671699993454358, "sharp_turn_forward_velocity": 1.9999850116173028, "sharp_turn_angular_velocity": 1.8603581008225847}