{"pid_speed_parameters": {"proportional_gain": 2.189735281359839, "integral_gain": 0.08672894775908935, "derivative_gain": 0.07231456806285624, "max_value": 102.15461936264104, "min_value": 0.3487055583656269}, "pid_steer_parameters": {"proportional_gain": 2.2757334479955613, "integral_gain": 0.000275642953782807, "derivative_gain": 0.0030038575773800435, "max_value": 1.9797816825213754, "min_value": -2.0936124757874786}, "max_forward_velocity": 1.3626526721243184, "turning_speed_ratio": 0.6260145425615055, "sharp_turn_forward_velocity": 1.626677958385989, "sharp_turn_angular_velocity": 2.562241156256608}