{"pid_speed_parameters": {"proportional_gain": 1.8135286923147038, "integral_gain": 0.06718932301229068, "derivative_gain": 0.07306274231376123, "max_value": 101.62036249142497, "min_value": 0.05512640210261607}, "pid_steer_parameters": {"proportional_gain": 2.3471185953223017, "integral_gain": 0.035922205195510655, "derivative_gain": 0.004757462503430757, "max_value": 1.9577101086276654, "min_value": -2.0997478129796305}, "max_forward_velocity": 1.1206418921100691, "turning_speed_ratio": 0.5564656792771171, "sharp_turn_forward_velocity": 1.455050987920078, "sharp_turn_angular_velocity": 1.8586431767399456}