{"pid_speed_parameters": {"proportional_gain": 2.0410560972454643, "integral_gain": 0.09927751545940708, "derivative_gain": 0.08069154019268618, "max_value": 101.82973976008496, "min_value": 0.011960401086067995}, "pid_steer_parameters": {"proportional_gain": 2.2489711431064845, "integral_gain": 0.004086675790511556, "derivative_gain": 0.013509930952225234, "max_value": 1.9684459474210767, "min_value": -2.099927335183796}, "max_forward_velocity": 1.092150721113851, "turning_speed_ratio": 0.4881458486470891, "sharp_turn_forward_velocity": 1.9934184429401534, "sharp_turn_angular_velocity": 2.55883128359301}