{"pid_speed_parameters": {"proportional_gain": 2.092132656028233, "integral_gain": 0.0987770579206439, "derivative_gain": 0.08006972128918137, "max_value": 101.4277739559551, "min_value": 0.041898750643952876}, "pid_steer_parameters": {"proportional_gain": 2.386629762063735, "integral_gain": 0.011656166315027812, "derivative_gain": 0.005983446079069101, "max_value": 2.010138244657009, "min_value": -2.0950420965883647}, "max_forward_velocity": 0.7668926921569059, "turning_speed_ratio": 0.30986375629409696, "sharp_turn_forward_velocity": 1.7370516072364581, "sharp_turn_angular_velocity": 2.2598632595067993}