{"pid_speed_parameters": {"proportional_gain": 1.9293337952473437, "integral_gain": 0.09928699500228141, "derivative_gain": 0.08635062949871551, "max_value": 101.10861447105601, "min_value": 0.14591066466612532}, "pid_steer_parameters": {"proportional_gain": 2.4748843218563223, "integral_gain": 0.006618995924355185, "derivative_gain": 0.010998838366285835, "max_value": 1.9536650042410946, "min_value": -2.0982858269133744}, "max_forward_velocity": 0.971412796806252, "turning_speed_ratio": 0.022616804302789683, "sharp_turn_forward_velocity": 1.9845294896138794, "sharp_turn_angular_velocity": 2.2746357133313118}