{"pid_speed_parameters": {"proportional_gain": 1.732813863079554, "integral_gain": 0.09992575748474007, "derivative_gain": 0.08218217737670581, "max_value": 101.32813816499224, "min_value": 0.08545451806072626}, "pid_steer_parameters": {"proportional_gain": 2.2796422046051394, "integral_gain": 0.004619494074220528, "derivative_gain": 0.0022570539314960606, "max_value": 1.9848337961503204, "min_value": -2.0998228797940413}, "max_forward_velocity": 0.893113941868219, "turning_speed_ratio": 0.13446064478442252, "sharp_turn_forward_velocity": 1.931809129185104, "sharp_turn_angular_velocity": 2.786823863258432}