{"pid_speed_parameters": {"proportional_gain": 2.211572229730643, "integral_gain": 0.08570419188542232, "derivative_gain": 0.07952340157457603, "max_value": 101.25501068290679, "min_value": 0.13672614382125778}, "pid_steer_parameters": {"proportional_gain": 2.455541569645581, "integral_gain": 5.0835526169408984e-05, "derivative_gain": 0.010394822143519961, "max_value": 2.0322385699055334, "min_value": -2.099478410850697}, "max_forward_velocity": 0.9893391495072081, "turning_speed_ratio": 0.4324562378406308, "sharp_turn_forward_velocity": 1.9878130764074642, "sharp_turn_angular_velocity": 2.269415263133902}