{"pid_speed_parameters": {"proportional_gain": 2.0045716482793585, "integral_gain": 0.08225986547992913, "derivative_gain": 0.0758434299039897, "max_value": 101.58389474790049, "min_value": 0.13323989718413595}, "pid_steer_parameters": {"proportional_gain": 2.019170622995416, "integral_gain": 0.027264952080437922, "derivative_gain": 0.006989041535635002, "max_value": 1.972105366334043, "min_value": -2.090890091462327}, "max_forward_velocity": 1.1688574070594362, "turning_speed_ratio": 0.4113358902819523, "sharp_turn_forward_velocity": 1.8868909824892366, "sharp_turn_angular_velocity": 1.965856195446388}