{"pid_speed_parameters": {"proportional_gain": 1.8473561245998689, "integral_gain": 0.09087113094643666, "derivative_gain": 0.07249782090012018, "max_value": 101.82582172926564, "min_value": 0.05447191790975481}, "pid_steer_parameters": {"proportional_gain": 1.8597961195097086, "integral_gain": 0.027652712869819854, "derivative_gain": 0.004237937961484244, "max_value": 1.9582470698520607, "min_value": -2.0999956371592923}, "max_forward_velocity": 1.0813076382413849, "turning_speed_ratio": 0.46341731259434615, "sharp_turn_forward_velocity": 1.7504276006163249, "sharp_turn_angular_velocity": 2.038244598700512}