{"pid_speed_parameters": {"proportional_gain": 2.0959546546834646, "integral_gain": 0.06822930672339765, "derivative_gain": 0.07905833618885832, "max_value": 101.78171467309107, "min_value": 0.10199871961160784}, "pid_steer_parameters": {"proportional_gain": 2.241497460232176, "integral_gain": 0.035337691248945334, "derivative_gain": 0.004994230666976344, "max_value": 1.9420285085225315, "min_value": -2.0964851170262695}, "max_forward_velocity": 1.2625747161300833, "turning_speed_ratio": 0.6230872914105335, "sharp_turn_forward_velocity": 1.6956126420456294, "sharp_turn_angular_velocity": 1.9241855151240634}