{"pid_speed_parameters": {"proportional_gain": 2.1211394246081605, "integral_gain": 0.09992648214014774, "derivative_gain": 0.08533657322616786, "max_value": 101.57645660669822, "min_value": 0.00034672931388511776}, "pid_steer_parameters": {"proportional_gain": 2.165932498805158, "integral_gain": 0.02487905705006443, "derivative_gain": 0.0012867610275418787, "max_value": 1.9216130492835273, "min_value": -2.09881808267822}, "max_forward_velocity": 1.1888556875239942, "turning_speed_ratio": 0.046612023035028496, "sharp_turn_forward_velocity": 1.6775616397005002, "sharp_turn_angular_velocity": 2.0939216805695096}