{"pid_speed_parameters": {"proportional_gain": 1.740650290220641, "integral_gain": 0.09819931929383346, "derivative_gain": 0.07959112595494656, "max_value": 101.54034550152153, "min_value": 0.07459181077165403}, "pid_steer_parameters": {"proportional_gain": 2.305967814270049, "integral_gain": 0.013961561386982646, "derivative_gain": 0.005905573091664078, "max_value": 2.0097506453437446, "min_value": -2.0985716383722384}, "max_forward_velocity": 0.997025085216313, "turning_speed_ratio": 0.3805567280507907, "sharp_turn_forward_velocity": 1.7878394671270401, "sharp_turn_angular_velocity": 2.0870935552320673}