{"pid_speed_parameters": {"proportional_gain": 2.2430219836225094, "integral_gain": 0.07908666560139205, "derivative_gain": 0.0776961530206903, "max_value": 101.50038190776324, "min_value": 0.07290500281180665}, "pid_steer_parameters": {"proportional_gain": 2.0618737848370894, "integral_gain": 0.028048459454965865, "derivative_gain": 0.009797006518284728, "max_value": 1.9505698829929148, "min_value": -2.0775108318491853}, "max_forward_velocity": 1.2364142509815916, "turning_speed_ratio": 0.4459978202977857, "sharp_turn_forward_velocity": 1.9286215605068977, "sharp_turn_angular_velocity": 1.7597490523762995}