{"pid_speed_parameters": {"proportional_gain": 1.726932154477644, "integral_gain": 0.057696897694569926, "derivative_gain": 0.08319633706510396, "max_value": 100.72028377856545, "min_value": 0.21029497374824957}, "pid_steer_parameters": {"proportional_gain": 1.6244493502091752, "integral_gain": 0.0037574945755185977, "derivative_gain": 0.027232721379163702, "max_value": 2.007620377822178, "min_value": -1.9306555063403865}, "max_forward_velocity": 1.8806768754983318, "turning_speed_ratio": 0.0014469685533216152, "sharp_turn_forward_velocity": 0.3876214920843625, "sharp_turn_angular_velocity": 1.9618807438216295}