{"pid_speed_parameters": {"proportional_gain": 1.6919735555480546, "integral_gain": 0.08964868745791858, "derivative_gain": 0.07514127238681638, "max_value": 101.99590609008375, "min_value": 0.07318231616151508}, "pid_steer_parameters": {"proportional_gain": 2.262306698528854, "integral_gain": 0.02299405464887735, "derivative_gain": 0.005692450655770029, "max_value": 1.984506406149034, "min_value": -2.0989248012156234}, "max_forward_velocity": 0.769115643058023, "turning_speed_ratio": 0.3401666780140399, "sharp_turn_forward_velocity": 1.7609375407354897, "sharp_turn_angular_velocity": 2.0425545656150472}