{"pid_speed_parameters": {"proportional_gain": 1.915534722631857, "integral_gain": 0.09592973526314068, "derivative_gain": 0.07927858467753629, "max_value": 101.52764246940785, "min_value": 1.208495362847288e-06}, "pid_steer_parameters": {"proportional_gain": 2.4246171561157195, "integral_gain": 0.0033505930319003654, "derivative_gain": 0.0012567994344202349, "max_value": 2.0235218736552, "min_value": -2.0944254961338786}, "max_forward_velocity": 0.7578837015860733, "turning_speed_ratio": 0.5645581948856849, "sharp_turn_forward_velocity": 1.6980851728229176, "sharp_turn_angular_velocity": 2.2240128860607418}