{"pid_speed_parameters": {"proportional_gain": 2.3916288037825213, "integral_gain": 0.09924891836763648, "derivative_gain": 0.08750492278050243, "max_value": 101.6043927784677, "min_value": 0.018148291515643074}, "pid_steer_parameters": {"proportional_gain": 1.956111553508764, "integral_gain": 0.0049139816063887365, "derivative_gain": 0.005909497987160603, "max_value": 2.030555090660502, "min_value": -2.0994249527797866}, "max_forward_velocity": 0.944365557205598, "turning_speed_ratio": 0.6084016450068891, "sharp_turn_forward_velocity": 1.9052491303037062, "sharp_turn_angular_velocity": 2.539707038274606}