{"pid_speed_parameters": {"proportional_gain": 2.440928267134078, "integral_gain": 0.09586845886787476, "derivative_gain": 0.08169250685520542, "max_value": 101.10996884129774, "min_value": 0.0054819177149458475}, "pid_steer_parameters": {"proportional_gain": 1.9760579915111933, "integral_gain": 0.0012632000712337655, "derivative_gain": 0.00714296861040916, "max_value": 2.0259235423883024, "min_value": -2.099225600088572}, "max_forward_velocity": 1.001777584157475, "turning_speed_ratio": 0.5427549731500227, "sharp_turn_forward_velocity": 1.7379222652603934, "sharp_turn_angular_velocity": 2.347923460807739}