{"pid_speed_parameters": {"proportional_gain": 1.5855821791286204, "integral_gain": 0.06621816521192911, "derivative_gain": 0.07919408882284348, "max_value": 101.88309552315785, "min_value": 0.09657550892051192}, "pid_steer_parameters": {"proportional_gain": 2.2569278966046373, "integral_gain": 0.023211954446952465, "derivative_gain": 0.004854117771233968, "max_value": 1.9932574165403314, "min_value": -2.0954756682947826}, "max_forward_velocity": 0.9229479361469486, "turning_speed_ratio": 0.3701237052251079, "sharp_turn_forward_velocity": 1.945633543883036, "sharp_turn_angular_velocity": 1.9755639368339701}