{"pid_speed_parameters": {"proportional_gain": 1.0008388749704478, "integral_gain": 0.03691430157132175, "derivative_gain": 0.0003356907089860741, "max_value": 99.59686180336791, "min_value": 0.8009718849017269}, "pid_steer_parameters": {"proportional_gain": 2.7656595891548035, "integral_gain": 0.01622846234953189, "derivative_gain": 0.012210981120168758, "max_value": 1.9466309436163503, "min_value": -1.9464441225562312}, "max_forward_velocity": 1.999889988305519, "turning_speed_ratio": 0.32107832542613907, "sharp_turn_forward_velocity": 1.2979510262041303, "sharp_turn_angular_velocity": 2.9158943094542273}