{"pid_speed_parameters": {"proportional_gain": 1.47029420667534, "integral_gain": 0.09967616456465038, "derivative_gain": 0.07223593927595287, "max_value": 101.59464127118554, "min_value": 0.2869714905659101}, "pid_steer_parameters": {"proportional_gain": 2.3546320351429486, "integral_gain": 0.00420190268693017, "derivative_gain": 0.007099775259687848, "max_value": 1.990984135048571, "min_value": -2.099669962758916}, "max_forward_velocity": 1.1772647631945026, "turning_speed_ratio": 0.43524371686626495, "sharp_turn_forward_velocity": 1.7912368950055995, "sharp_turn_angular_velocity": 2.6401147887777836}