{"pid_speed_parameters": {"proportional_gain": 1.5515573901719517, "integral_gain": 0.09720878793146802, "derivative_gain": 0.07818263972462305, "max_value": 101.28117746572461, "min_value": 0.0837624119569508}, "pid_steer_parameters": {"proportional_gain": 2.2277051927176834, "integral_gain": 0.007380354435312966, "derivative_gain": 0.01336849502824534, "max_value": 1.946576582395436, "min_value": -2.0999855783696284}, "max_forward_velocity": 1.1564868560514456, "turning_speed_ratio": 0.16235989667805606, "sharp_turn_forward_velocity": 1.9619584182503291, "sharp_turn_angular_velocity": 2.6416126043240133}