{"pid_speed_parameters": {"proportional_gain": 1.706132117846383, "integral_gain": 0.09813474820057583, "derivative_gain": 0.08310028053661145, "max_value": 101.14649297437533, "min_value": 0.09289000965037456}, "pid_steer_parameters": {"proportional_gain": 2.3617304466675137, "integral_gain": 0.01333627673814843, "derivative_gain": 0.010292824436383307, "max_value": 1.9745240607803296, "min_value": -2.0976445122340173}, "max_forward_velocity": 0.9376869402714436, "turning_speed_ratio": 0.047441035993630004, "sharp_turn_forward_velocity": 1.9748756742840858, "sharp_turn_angular_velocity": 1.9546629460340268}