{"pid_speed_parameters": {"proportional_gain": 2.2020794032946354, "integral_gain": 0.09926728643419769, "derivative_gain": 0.0927961319398702, "max_value": 100.8676051391972, "min_value": 0.23669345055789162}, "pid_steer_parameters": {"proportional_gain": 1.9758109893056492, "integral_gain": 0.009123146837774576, "derivative_gain": 0.0006036849137959507, "max_value": 1.9790222985841963, "min_value": -2.0995809735251107}, "max_forward_velocity": 0.6941168653881933, "turning_speed_ratio": 0.30304645404347597, "sharp_turn_forward_velocity": 1.9397226072742286, "sharp_turn_angular_velocity": 2.2486465535463003}