{"pid_speed_parameters": {"proportional_gain": 2.1528384179107105, "integral_gain": 0.06850871493453586, "derivative_gain": 0.0747299824627299, "max_value": 101.64081942651532, "min_value": 0.1032791622931225}, "pid_steer_parameters": {"proportional_gain": 2.2660962101782554, "integral_gain": 0.0396526628584608, "derivative_gain": 0.0058531741719050545, "max_value": 1.9399784999811165, "min_value": -2.0978176876375048}, "max_forward_velocity": 1.090633388555076, "turning_speed_ratio": 0.5985203507157649, "sharp_turn_forward_velocity": 1.64736690214329, "sharp_turn_angular_velocity": 1.5525840718973047}