{"pid_speed_parameters": {"proportional_gain": 1.5397845461419375, "integral_gain": 0.06294490294021587, "derivative_gain": 0.03716075265379264, "max_value": 100.73448618295646, "min_value": 0.3420905985651676}, "pid_steer_parameters": {"proportional_gain": 2.5892561549646924, "integral_gain": 1.3322002369366622e-05, "derivative_gain": 0.027368983731152506, "max_value": 2.0350424883462193, "min_value": -1.9972473486225784}, "max_forward_velocity": 0.9858770755515471, "turning_speed_ratio": 0.7633437703479801, "sharp_turn_forward_velocity": 1.4977075891655587, "sharp_turn_angular_velocity": 2.39652375360983}