{"pid_speed_parameters": {"proportional_gain": 1.934511016138066, "integral_gain": 0.09848971677381253, "derivative_gain": 0.09401201246615437, "max_value": 101.74736773078403, "min_value": 0.20183242366409782}, "pid_steer_parameters": {"proportional_gain": 2.695791280193699, "integral_gain": 0.019619346654173468, "derivative_gain": 0.0013857475017508693, "max_value": 1.9454854354804088, "min_value": -2.0909855261130783}, "max_forward_velocity": 0.9211739206103013, "turning_speed_ratio": 0.12461565552188404, "sharp_turn_forward_velocity": 1.9826714667200538, "sharp_turn_angular_velocity": 2.4088923014539008}