{"pid_speed_parameters": {"proportional_gain": 1.9556106990968076, "integral_gain": 0.09951709530723349, "derivative_gain": 0.07470112070754922, "max_value": 101.39402323709571, "min_value": 0.020299215625989683}, "pid_steer_parameters": {"proportional_gain": 2.028525095159882, "integral_gain": 0.0014422474878727138, "derivative_gain": 0.009742828248652304, "max_value": 1.970607126982789, "min_value": -2.096593738482448}, "max_forward_velocity": 1.1180527886559803, "turning_speed_ratio": 0.3454968333016995, "sharp_turn_forward_velocity": 1.961240640989715, "sharp_turn_angular_velocity": 2.486910541597242}