{"pid_speed_parameters": {"proportional_gain": 1.6429806435898329, "integral_gain": 0.08643080489811229, "derivative_gain": 0.08244886654186734, "max_value": 101.28011193549868, "min_value": 0.31129035729634036}, "pid_steer_parameters": {"proportional_gain": 2.5256162979222596, "integral_gain": 0.037109458743223175, "derivative_gain": 0.029329068678320525, "max_value": 1.939108250489471, "min_value": -2.0661787804530096}, "max_forward_velocity": 1.2897756654020653, "turning_speed_ratio": 0.09963928183568842, "sharp_turn_forward_velocity": 1.9687157886218878, "sharp_turn_angular_velocity": 2.0693725520139226}