{"pid_speed_parameters": {"proportional_gain": 2.0435587089005214, "integral_gain": 0.09738651388482146, "derivative_gain": 0.07516064045498559, "max_value": 101.25524824423658, "min_value": 0.0050362884018941316}, "pid_steer_parameters": {"proportional_gain": 2.3310232808769986, "integral_gain": 0.007935613290818324, "derivative_gain": 0.00701725049840857, "max_value": 2.029322947806604, "min_value": -2.0886682162991876}, "max_forward_velocity": 0.8271987792704487, "turning_speed_ratio": 0.3241621455935057, "sharp_turn_forward_velocity": 1.676184324000996, "sharp_turn_angular_velocity": 2.221825392475882}