{"pid_speed_parameters": {"proportional_gain": 2.0361000137971095, "integral_gain": 0.06474189979967404, "derivative_gain": 0.07786304825819959, "max_value": 101.93342239177987, "min_value": 0.05081690108442091}, "pid_steer_parameters": {"proportional_gain": 1.999499078375099, "integral_gain": 0.018200658352491458, "derivative_gain": 0.002686683645157168, "max_value": 2.0136343408745354, "min_value": -2.0884640681939954}, "max_forward_velocity": 1.2874655311827496, "turning_speed_ratio": 0.6019141858470692, "sharp_turn_forward_velocity": 1.8510873221553403, "sharp_turn_angular_velocity": 2.1477452198841176}