{"pid_speed_parameters": {"proportional_gain": 1.7899510095738511, "integral_gain": 0.09305012366947005, "derivative_gain": 0.07097442673896295, "max_value": 101.88483200918976, "min_value": 0.0013826183775978713}, "pid_steer_parameters": {"proportional_gain": 2.1091971395256275, "integral_gain": 0.00067956982757936, "derivative_gain": 0.01344244798903652, "max_value": 1.9539193014368377, "min_value": -2.099773415090279}, "max_forward_velocity": 1.265904010003304, "turning_speed_ratio": 0.24706082789484146, "sharp_turn_forward_velocity": 1.989035161534593, "sharp_turn_angular_velocity": 2.4756792405189514}