{"pid_speed_parameters": {"proportional_gain": 1.6483504039389698, "integral_gain": 0.08155708051463244, "derivative_gain": 0.07983588209913506, "max_value": 101.93685812205968, "min_value": 0.16520902647160712}, "pid_steer_parameters": {"proportional_gain": 2.228675613200553, "integral_gain": 0.03823911376056427, "derivative_gain": 0.0018699807286326761, "max_value": 1.9775925768602165, "min_value": -2.0875554119579665}, "max_forward_velocity": 1.0991053784276872, "turning_speed_ratio": 0.5557706533294738, "sharp_turn_forward_velocity": 1.7986195447073343, "sharp_turn_angular_velocity": 1.8544157560525303}