{"pid_speed_parameters": {"proportional_gain": 2.1840721155646623, "integral_gain": 0.09952098749773257, "derivative_gain": 0.07772311987922761, "max_value": 101.49521086769221, "min_value": 0.11929505087277886}, "pid_steer_parameters": {"proportional_gain": 2.2283886318149877, "integral_gain": 0.023273897500220374, "derivative_gain": 0.009878871968119523, "max_value": 2.007049091659122, "min_value": -2.0960558968392697}, "max_forward_velocity": 0.631046185436424, "turning_speed_ratio": 0.2509867134712642, "sharp_turn_forward_velocity": 1.8919462675002696, "sharp_turn_angular_velocity": 2.1043340766622847}