{"pid_speed_parameters": {"proportional_gain": 1.762148773355547, "integral_gain": 0.09872967359916157, "derivative_gain": 0.0474546111162097, "max_value": 100.81486789344066, "min_value": 0.020179432444666252}, "pid_steer_parameters": {"proportional_gain": 1.9281048777438365, "integral_gain": 0.008790742441014755, "derivative_gain": 0.0025835703186425658, "max_value": 1.9892744081415454, "min_value": -2.0980305374109114}, "max_forward_velocity": 1.1021316980208542, "turning_speed_ratio": 0.16669063942667373, "sharp_turn_forward_velocity": 1.9772649887200222, "sharp_turn_angular_velocity": 2.4623820167204062}