{"pid_speed_parameters": {"proportional_gain": 1.9365112394046538, "integral_gain": 0.09987565331090818, "derivative_gain": 0.08058000364283219, "max_value": 101.81386642206508, "min_value": 0.090339731847907}, "pid_steer_parameters": {"proportional_gain": 2.3467084497552597, "integral_gain": 0.016075008738198886, "derivative_gain": 0.003171690389463338, "max_value": 1.9926757688281482, "min_value": -2.097037921460536}, "max_forward_velocity": 0.5583569335702707, "turning_speed_ratio": 0.3192096148816831, "sharp_turn_forward_velocity": 1.7536845217360104, "sharp_turn_angular_velocity": 2.238969910988422}