{"pid_speed_parameters": {"proportional_gain": 1.850677090217343, "integral_gain": 0.06174743830109165, "derivative_gain": 0.07465713842434513, "max_value": 101.77531348884446, "min_value": 0.16138987315414122}, "pid_steer_parameters": {"proportional_gain": 2.4114647154809514, "integral_gain": 0.035549160301506066, "derivative_gain": 0.0050007527556219155, "max_value": 1.9475474418218754, "min_value": -2.097277234812949}, "max_forward_velocity": 1.165847651557918, "turning_speed_ratio": 0.5370280357534778, "sharp_turn_forward_velocity": 1.6164108926400846, "sharp_turn_angular_velocity": 1.7101875857562698}