{"pid_speed_parameters": {"proportional_gain": 1.8995604249670233, "integral_gain": 0.09701067182081052, "derivative_gain": 0.06216272259075228, "max_value": 101.3074624546439, "min_value": 0.14711564967540947}, "pid_steer_parameters": {"proportional_gain": 2.4007049529866995, "integral_gain": 9.393581160536794e-05, "derivative_gain": 0.014039314582591644, "max_value": 2.0119576911441195, "min_value": -1.9979980222136549}, "max_forward_velocity": 0.9859368632536949, "turning_speed_ratio": 0.01134143109836146, "sharp_turn_forward_velocity": 1.986159163253281, "sharp_turn_angular_velocity": 2.339085281819941}