{"pid_speed_parameters": {"proportional_gain": 2.501983174636236, "integral_gain": 0.09881702083038726, "derivative_gain": 0.07553450155274385, "max_value": 101.22805892203371, "min_value": 0.04770985654488061}, "pid_steer_parameters": {"proportional_gain": 2.0071664149199444, "integral_gain": 0.0006173656362005273, "derivative_gain": 0.012882116266250214, "max_value": 2.032915034061661, "min_value": -2.0974319316905645}, "max_forward_velocity": 0.8986129428875858, "turning_speed_ratio": 0.3452787808472615, "sharp_turn_forward_velocity": 1.6795797971919502, "sharp_turn_angular_velocity": 2.2799932147728184}