{"pid_speed_parameters": {"proportional_gain": 2.056516110235953, "integral_gain": 0.07988619387067492, "derivative_gain": 0.08064177853797878, "max_value": 101.49965330375714, "min_value": 0.016526698524218546}, "pid_steer_parameters": {"proportional_gain": 2.3333248560387725, "integral_gain": 0.002583760631390699, "derivative_gain": 0.008623031485766295, "max_value": 2.01577394313323, "min_value": -2.097161622154652}, "max_forward_velocity": 1.1172690894747077, "turning_speed_ratio": 0.528640919442569, "sharp_turn_forward_velocity": 1.96408742645714, "sharp_turn_angular_velocity": 2.2888898410435305}