{"pid_speed_parameters": {"proportional_gain": 1.8827451033373408, "integral_gain": 0.09429861280764106, "derivative_gain": 0.07231927962793028, "max_value": 101.63636526735544, "min_value": 0.003462345943741188}, "pid_steer_parameters": {"proportional_gain": 1.860171927757108, "integral_gain": 0.002330810880732363, "derivative_gain": 0.019853056686310728, "max_value": 1.9440573605000186, "min_value": -2.099690601746471}, "max_forward_velocity": 0.8612325057240167, "turning_speed_ratio": 0.3143610791447564, "sharp_turn_forward_velocity": 1.7918017167450924, "sharp_turn_angular_velocity": 2.4718206750616445}