{"pid_speed_parameters": {"proportional_gain": 1.804034831351109, "integral_gain": 0.0788480774635879, "derivative_gain": 0.08096045918404937, "max_value": 101.57976350088914, "min_value": 0.11542940637032775}, "pid_steer_parameters": {"proportional_gain": 1.8607325952188423, "integral_gain": 0.026606343205000715, "derivative_gain": 0.003564834717483471, "max_value": 1.9872752652401269, "min_value": -2.083155117002507}, "max_forward_velocity": 1.15620714723871, "turning_speed_ratio": 0.5097229044278182, "sharp_turn_forward_velocity": 1.7858618448261738, "sharp_turn_angular_velocity": 2.0489629559407136}