{"pid_speed_parameters": {"proportional_gain": 2.029602348809769, "integral_gain": 0.09913213971426153, "derivative_gain": 0.03064600467170487, "max_value": 101.18040464275583, "min_value": 0.5814524436136145}, "pid_steer_parameters": {"proportional_gain": 2.790405222312508, "integral_gain": 0.00792724087162649, "derivative_gain": 0.0016491730278034174, "max_value": 2.0788078514807062, "min_value": -1.9271538131529984}, "max_forward_velocity": 1.2314076439148163, "turning_speed_ratio": 0.832486533553808, "sharp_turn_forward_velocity": 1.5630825739937146, "sharp_turn_angular_velocity": 2.9791495507188723}