{"pid_speed_parameters": {"proportional_gain": 1.8129912468726648, "integral_gain": 0.09960050325647507, "derivative_gain": 0.08252272199312638, "max_value": 101.60325152174029, "min_value": 0.45639582163105175}, "pid_steer_parameters": {"proportional_gain": 2.275602511145741, "integral_gain": 0.02314621689216508, "derivative_gain": 0.0038497384695683275, "max_value": 1.942637187155597, "min_value": -2.0965877381116833}, "max_forward_velocity": 0.992399473077958, "turning_speed_ratio": 0.15658704042726643, "sharp_turn_forward_velocity": 1.9803212285689313, "sharp_turn_angular_velocity": 1.84383865871431}