{"pid_speed_parameters": {"proportional_gain": 1.638210135816697, "integral_gain": 0.0996680733732461, "derivative_gain": 0.08528501076132736, "max_value": 101.53439243652072, "min_value": 0.33529024578212335}, "pid_steer_parameters": {"proportional_gain": 2.2571266151194784, "integral_gain": 0.01856954356199901, "derivative_gain": 0.0034341567419539348, "max_value": 2.0081081451768097, "min_value": -2.095471282583847}, "max_forward_velocity": 0.7749317517252927, "turning_speed_ratio": 0.24783212789226905, "sharp_turn_forward_velocity": 1.9477998897908895, "sharp_turn_angular_velocity": 2.479295960621501}