{"pid_speed_parameters": {"proportional_gain": 2.3152205677032525, "integral_gain": 0.0687985083950178, "derivative_gain": 0.07769737669893226, "max_value": 101.6462703862595, "min_value": 0.12611664205371118}, "pid_steer_parameters": {"proportional_gain": 2.0238344223536195, "integral_gain": 0.028622337456455166, "derivative_gain": 0.014775196847391401, "max_value": 1.9558777364130486, "min_value": -2.077813733797652}, "max_forward_velocity": 1.3587522280609734, "turning_speed_ratio": 0.5692410803535625, "sharp_turn_forward_velocity": 1.7386035757292428, "sharp_turn_angular_velocity": 1.6446339547510327}