{"pid_speed_parameters": {"proportional_gain": 1.0426686566634698, "integral_gain": 0.04085625123555433, "derivative_gain": 0.0275795636282269, "max_value": 98.49126483202289, "min_value": 0.5322597519622196}, "pid_steer_parameters": {"proportional_gain": 2.742429882368504, "integral_gain": 0.0028549160052505334, "derivative_gain": 0.010129009229524573, "max_value": 2.0095028250928353, "min_value": -1.9487658498039324}, "max_forward_velocity": 0.8218925986374028, "turning_speed_ratio": 0.5803555430744689, "sharp_turn_forward_velocity": 0.8660685921814385, "sharp_turn_angular_velocity": 1.856020156382913}