{"pid_speed_parameters": {"proportional_gain": 1.7130908686883561, "integral_gain": 0.08580451578590113, "derivative_gain": 0.07014611832972398, "max_value": 101.66895461052889, "min_value": 0.1667383044890811}, "pid_steer_parameters": {"proportional_gain": 2.1325339467792697, "integral_gain": 0.015330905284640803, "derivative_gain": 0.0005325254606812986, "max_value": 2.0003442668887046, "min_value": -2.0999986011285237}, "max_forward_velocity": 1.3319236579392275, "turning_speed_ratio": 0.2644250437108593, "sharp_turn_forward_velocity": 1.7609929535942275, "sharp_turn_angular_velocity": 2.0996254246854766}