{"pid_speed_parameters": {"proportional_gain": 1.624570057573193, "integral_gain": 0.09997772223542675, "derivative_gain": 0.08719543016369097, "max_value": 101.56926523616856, "min_value": 0.3322252365721666}, "pid_steer_parameters": {"proportional_gain": 2.594578412384461, "integral_gain": 0.016004360652319444, "derivative_gain": 0.0020572056021660517, "max_value": 1.9331002127033226, "min_value": -2.0760254338660933}, "max_forward_velocity": 1.295416080381221, "turning_speed_ratio": 0.1794252514242768, "sharp_turn_forward_velocity": 1.5753633148467403, "sharp_turn_angular_velocity": 2.6438788581612123}