{"pid_speed_parameters": {"proportional_gain": 2.457829498841093, "integral_gain": 0.08957040358741487, "derivative_gain": 0.08281309047914659, "max_value": 101.39427447202237, "min_value": 0.010385193476495629}, "pid_steer_parameters": {"proportional_gain": 1.9823528825754373, "integral_gain": 0.00024309755574797643, "derivative_gain": 0.004824733474886252, "max_value": 2.0144505740778573, "min_value": -2.0904529813472497}, "max_forward_velocity": 1.0985632661382634, "turning_speed_ratio": 0.7012614427893572, "sharp_turn_forward_velocity": 1.6370302474264662, "sharp_turn_angular_velocity": 2.0257317245114943}