{"pid_speed_parameters": {"proportional_gain": 1.9820714046628043, "integral_gain": 0.09246581679464055, "derivative_gain": 0.08550081508019326, "max_value": 101.63403783505676, "min_value": 0.16902401920904386}, "pid_steer_parameters": {"proportional_gain": 2.5452125320626497, "integral_gain": 0.0009876473473643115, "derivative_gain": 0.01734567291115309, "max_value": 1.9937761661089097, "min_value": -2.0999993965638253}, "max_forward_velocity": 1.0526058066058135, "turning_speed_ratio": 0.20114149721003471, "sharp_turn_forward_velocity": 1.999999984107264, "sharp_turn_angular_velocity": 2.263179506828268}