{"pid_speed_parameters": {"proportional_gain": 2.47965189553545, "integral_gain": 0.09609326172939375, "derivative_gain": 0.07694786088801513, "max_value": 101.32327662794671, "min_value": 0.032546578481668184}, "pid_steer_parameters": {"proportional_gain": 2.114205071363168, "integral_gain": 0.0012078271252127112, "derivative_gain": 0.009790085714665591, "max_value": 1.9868959187783073, "min_value": -2.0993181357364965}, "max_forward_velocity": 0.8502722480282316, "turning_speed_ratio": 0.550772156773517, "sharp_turn_forward_velocity": 1.9873656680223057, "sharp_turn_angular_velocity": 2.2114523199819027}