{"pid_speed_parameters": {"proportional_gain": 1.953782926411749, "integral_gain": 0.090510922628844, "derivative_gain": 0.07548571913301247, "max_value": 101.91980047762598, "min_value": 0.0018672025907725725}, "pid_steer_parameters": {"proportional_gain": 1.998026553765409, "integral_gain": 0.020352760343581057, "derivative_gain": 0.008103227103347354, "max_value": 1.9681179849265467, "min_value": -2.0951226740108555}, "max_forward_velocity": 1.0938343832717692, "turning_speed_ratio": 0.5427344347154568, "sharp_turn_forward_velocity": 1.9077013561131604, "sharp_turn_angular_velocity": 1.9979336874064055}