{"pid_speed_parameters": {"proportional_gain": 1.64332593581415, "integral_gain": 0.08492605797862753, "derivative_gain": 0.07532306699539759, "max_value": 101.98031770131479, "min_value": 0.10136081741669606}, "pid_steer_parameters": {"proportional_gain": 2.2193809558487216, "integral_gain": 0.01842114746398579, "derivative_gain": 0.0010601189547234584, "max_value": 2.0093190415920543, "min_value": -2.0999983066433394}, "max_forward_velocity": 0.9745088636983779, "turning_speed_ratio": 0.5449338930475234, "sharp_turn_forward_velocity": 1.7111975992736375, "sharp_turn_angular_velocity": 2.0595419730879594}