{"pid_speed_parameters": {"proportional_gain": 1.6685241679793834, "integral_gain": 0.09821860555628906, "derivative_gain": 0.06835985104122685, "max_value": 101.42803746917983, "min_value": 0.06501079125751641}, "pid_steer_parameters": {"proportional_gain": 2.2903675459866304, "integral_gain": 0.011119702788182272, "derivative_gain": 0.0061218994394375455, "max_value": 2.0201402944129883, "min_value": -2.096321698904959}, "max_forward_velocity": 0.812065413701502, "turning_speed_ratio": 0.3526562617272213, "sharp_turn_forward_velocity": 1.8104008975998032, "sharp_turn_angular_velocity": 2.028772251264212}