{"pid_speed_parameters": {"proportional_gain": 1.7677922758398812, "integral_gain": 0.0726505938085194, "derivative_gain": 0.07682646766601658, "max_value": 101.97526802846154, "min_value": 0.1923299515921051}, "pid_steer_parameters": {"proportional_gain": 2.393389962611495, "integral_gain": 0.02421474754272112, "derivative_gain": 0.0038109703076693343, "max_value": 1.9819893606369312, "min_value": -2.0884556382721406}, "max_forward_velocity": 1.2229815588139574, "turning_speed_ratio": 0.5085432995709085, "sharp_turn_forward_velocity": 1.63146939755254, "sharp_turn_angular_velocity": 2.0145393198923216}