{"pid_speed_parameters": {"proportional_gain": 2.0811095635980186, "integral_gain": 0.07087379062476803, "derivative_gain": 0.05646269266583571, "max_value": 100.31011797959837, "min_value": 0.3112369189605896}, "pid_steer_parameters": {"proportional_gain": 2.8684951135564685, "integral_gain": 0.00023382588932290685, "derivative_gain": 0.013334315814089363, "max_value": 1.9355929329170964, "min_value": -1.9456614101575833}, "max_forward_velocity": 1.8833389698098428, "turning_speed_ratio": 0.05894003803538304, "sharp_turn_forward_velocity": 1.5803622135134712, "sharp_turn_angular_velocity": 2.990047740392712}