{"pid_speed_parameters": {"proportional_gain": 1.6652948104488503, "integral_gain": 0.09904345643482008, "derivative_gain": 0.06277711576178299, "max_value": 101.52157517623931, "min_value": 0.041834468069212816}, "pid_steer_parameters": {"proportional_gain": 2.2571400535383876, "integral_gain": 0.00271135280493572, "derivative_gain": 0.005422651383466213, "max_value": 2.000368551293528, "min_value": -2.0984129141455754}, "max_forward_velocity": 1.3638617290951018, "turning_speed_ratio": 0.4115672870277308, "sharp_turn_forward_velocity": 1.9933629494987848, "sharp_turn_angular_velocity": 2.5410518091527736}