{"pid_speed_parameters": {"proportional_gain": 2.6215454451620976, "integral_gain": 0.0962255367711513, "derivative_gain": 0.0840415525902262, "max_value": 101.41893187964526, "min_value": 0.11085655797807492}, "pid_steer_parameters": {"proportional_gain": 1.963493101403764, "integral_gain": 0.0007280300851528665, "derivative_gain": 0.00563393883151262, "max_value": 2.0543308222614134, "min_value": -2.096186321093448}, "max_forward_velocity": 0.8755840228260152, "turning_speed_ratio": 0.4793511439122281, "sharp_turn_forward_velocity": 1.4739784142959205, "sharp_turn_angular_velocity": 2.582685053239209}