{"pid_speed_parameters": {"proportional_gain": 2.2544900906378196, "integral_gain": 0.08227355744945175, "derivative_gain": 0.07814700642560875, "max_value": 99.36141630110296, "min_value": 0.970431727928422}, "pid_steer_parameters": {"proportional_gain": 1.8902585635268783, "integral_gain": 0.010563298153985257, "derivative_gain": 7.181806965172858e-05, "max_value": 1.996010686556476, "min_value": -1.975651239230789}, "max_forward_velocity": 1.356105449973541, "turning_speed_ratio": 0.005566474288815256, "sharp_turn_forward_velocity": 0.2768015640336816, "sharp_turn_angular_velocity": 2.650833857838597}