{"pid_speed_parameters": {"proportional_gain": 1.7966089421990636, "integral_gain": 0.05050169863480622, "derivative_gain": 0.01384337257209062, "max_value": 99.48645650672444, "min_value": 0.5686776417912903}, "pid_steer_parameters": {"proportional_gain": 2.725283251794611, "integral_gain": 0.017421447165344727, "derivative_gain": 0.04436695366629236, "max_value": 1.93399233652453, "min_value": -1.9654141364965136}, "max_forward_velocity": 1.08834003859923, "turning_speed_ratio": 0.7459280758086022, "sharp_turn_forward_velocity": 0.42467905735664646, "sharp_turn_angular_velocity": 2.090279093826032}