{"pid_speed_parameters": {"proportional_gain": 2.042907088028552, "integral_gain": 0.07594169524240188, "derivative_gain": 0.07697368258142687, "max_value": 101.60257351990735, "min_value": 0.05751073603004678}, "pid_steer_parameters": {"proportional_gain": 2.2307534278123278, "integral_gain": 0.04614945817831687, "derivative_gain": 0.007133171182838112, "max_value": 1.9395543697862814, "min_value": -2.095528599417045}, "max_forward_velocity": 1.1405590107634904, "turning_speed_ratio": 0.538299508681662, "sharp_turn_forward_velocity": 1.6512434315176394, "sharp_turn_angular_velocity": 1.7599293332183765}