{"pid_speed_parameters": {"proportional_gain": 1.3110585140270672, "integral_gain": 0.09759141813665383, "derivative_gain": 0.06255726921696661, "max_value": 100.89455971255205, "min_value": 0.02834856006769993}, "pid_steer_parameters": {"proportional_gain": 2.9434112330133995, "integral_gain": 0.00046413357605476296, "derivative_gain": 7.970146283212643e-05, "max_value": 1.9989750127061752, "min_value": -2.0777535733336907}, "max_forward_velocity": 0.7575662408297581, "turning_speed_ratio": 0.007864938873522171, "sharp_turn_forward_velocity": 1.6725806264239127, "sharp_turn_angular_velocity": 2.9054219979181224}