{"pid_speed_parameters": {"proportional_gain": 1.677556789370424, "integral_gain": 0.09501654736984186, "derivative_gain": 0.07144758663072888, "max_value": 101.38965379304454, "min_value": 0.049453174142467304}, "pid_steer_parameters": {"proportional_gain": 2.270729138694829, "integral_gain": 0.002242201058581999, "derivative_gain": 0.0032394597222740644, "max_value": 1.942503103723979, "min_value": -2.0999811888556805}, "max_forward_velocity": 0.9781027596727436, "turning_speed_ratio": 0.6095134908163683, "sharp_turn_forward_velocity": 1.9997077171419506, "sharp_turn_angular_velocity": 2.5552525846413983}