{"pid_speed_parameters": {"proportional_gain": 1.0700130170088715, "integral_gain": 0.09364110688528417, "derivative_gain": 0.00912112183459986, "max_value": 101.37990399636156, "min_value": 0.9589763364660635}, "pid_steer_parameters": {"proportional_gain": 2.647088480887487, "integral_gain": 0.00799935255506838, "derivative_gain": 0.004174864738538721, "max_value": 2.0357555335882918, "min_value": -1.9020412708154337}, "max_forward_velocity": 1.3190217712416519, "turning_speed_ratio": 0.001205941732120603, "sharp_turn_forward_velocity": 1.774963582911525, "sharp_turn_angular_velocity": 1.6698475828986292}