{"pid_speed_parameters": {"proportional_gain": 2.2959363023969184, "integral_gain": 0.0965772800039323, "derivative_gain": 0.0839311824168406, "max_value": 101.27998128839448, "min_value": 0.07816280312090479}, "pid_steer_parameters": {"proportional_gain": 2.1414319189181206, "integral_gain": 0.003926124549092238, "derivative_gain": 0.006213248413029215, "max_value": 2.002008246812006, "min_value": -2.097746926314466}, "max_forward_velocity": 0.8293000329534048, "turning_speed_ratio": 0.6309459567444334, "sharp_turn_forward_velocity": 1.5416205037516622, "sharp_turn_angular_velocity": 2.2871010526573397}