{"pid_speed_parameters": {"proportional_gain": 1.743148354040385, "integral_gain": 0.059198620418313634, "derivative_gain": 0.0633423113834704, "max_value": 101.8050081740359, "min_value": 0.10812099909765949}, "pid_steer_parameters": {"proportional_gain": 2.081783637108954, "integral_gain": 0.026438151064133643, "derivative_gain": 0.003665258662777176, "max_value": 1.9858147612195431, "min_value": -2.077259199708595}, "max_forward_velocity": 1.2976884674615914, "turning_speed_ratio": 0.3768994152290399, "sharp_turn_forward_velocity": 1.8740098633602769, "sharp_turn_angular_velocity": 1.950981086354575}