{"pid_speed_parameters": {"proportional_gain": 1.5824229914588899, "integral_gain": 0.08990812263178569, "derivative_gain": 0.07573586187311432, "max_value": 101.89370854390766, "min_value": 0.09333436955826924}, "pid_steer_parameters": {"proportional_gain": 2.3857635745901558, "integral_gain": 0.02864023562844558, "derivative_gain": 0.0003099924116435369, "max_value": 2.006518364453301, "min_value": -2.0993411024303015}, "max_forward_velocity": 1.028826624012515, "turning_speed_ratio": 0.5241795259383211, "sharp_turn_forward_velocity": 1.6762185402695733, "sharp_turn_angular_velocity": 2.041444470708054}