{"pid_speed_parameters": {"proportional_gain": 1.8612506627071541, "integral_gain": 0.07026028445076156, "derivative_gain": 0.08349133449654647, "max_value": 101.87357136307165, "min_value": 0.2449680161266239}, "pid_steer_parameters": {"proportional_gain": 2.317869095555033, "integral_gain": 0.030381769976692275, "derivative_gain": 0.0016553589014008546, "max_value": 1.9935397222595588, "min_value": -2.083667154719791}, "max_forward_velocity": 1.3262122013492414, "turning_speed_ratio": 0.5517936294406453, "sharp_turn_forward_velocity": 1.7739636742953908, "sharp_turn_angular_velocity": 1.9937662262235174}