{"pid_speed_parameters": {"proportional_gain": 1.9621349247472613, "integral_gain": 0.09918742825398756, "derivative_gain": 0.07360741747693474, "max_value": 101.60908707008772, "min_value": 0.01905684527506748}, "pid_steer_parameters": {"proportional_gain": 2.228303387682521, "integral_gain": 0.007688528833974318, "derivative_gain": 0.010774353660480001, "max_value": 1.9701462076437664, "min_value": -2.099323587597637}, "max_forward_velocity": 1.0629462890774848, "turning_speed_ratio": 0.4527986575920825, "sharp_turn_forward_velocity": 1.863032019862327, "sharp_turn_angular_velocity": 2.2888249430408467}