{"pid_speed_parameters": {"proportional_gain": 1.7590599612068933, "integral_gain": 0.08121203028836749, "derivative_gain": 0.07027048163187612, "max_value": 100.64159003788525, "min_value": 0.7753560053031827}, "pid_steer_parameters": {"proportional_gain": 2.336571714049116, "integral_gain": 0.0012620707195140463, "derivative_gain": 0.016709769524707638, "max_value": 2.0651076926227416, "min_value": -1.9000382209604123}, "max_forward_velocity": 1.563510313367525, "turning_speed_ratio": 0.02176307159949789, "sharp_turn_forward_velocity": 1.6848920947476518, "sharp_turn_angular_velocity": 2.1389833509051437}