{"pid_speed_parameters": {"proportional_gain": 2.1462539915173844, "integral_gain": 0.07698790695571266, "derivative_gain": 0.08209544347417656, "max_value": 101.83498677225865, "min_value": 0.1349529193274971}, "pid_steer_parameters": {"proportional_gain": 2.076198604616098, "integral_gain": 0.025797220119819827, "derivative_gain": 0.0045938824099259834, "max_value": 1.9604384945844633, "min_value": -2.081480106610621}, "max_forward_velocity": 1.1386821396888596, "turning_speed_ratio": 0.6068114367549718, "sharp_turn_forward_velocity": 1.9035545343269926, "sharp_turn_angular_velocity": 1.8977812450714784}