{"pid_speed_parameters": {"proportional_gain": 2.2160951563034574, "integral_gain": 0.09578877159640943, "derivative_gain": 0.07632047298491743, "max_value": 101.33640208251379, "min_value": 0.0770728932959795}, "pid_steer_parameters": {"proportional_gain": 2.1181679500548345, "integral_gain": 2.0212091959082275e-05, "derivative_gain": 0.011520777709973255, "max_value": 2.0108498512986666, "min_value": -2.0999990450366517}, "max_forward_velocity": 0.8596212517285688, "turning_speed_ratio": 0.5750684177320383, "sharp_turn_forward_velocity": 1.9815665264753515, "sharp_turn_angular_velocity": 2.477324578206088}