{"pid_speed_parameters": {"proportional_gain": 1.1518008662102357, "integral_gain": 0.04430392687091006, "derivative_gain": 0.03839853530843781, "max_value": 99.80362985229385, "min_value": 0.013429975206590415}, "pid_steer_parameters": {"proportional_gain": 1.8235288173718525, "integral_gain": 0.00637173002593183, "derivative_gain": 0.06701392030179282, "max_value": 2.014880501027709, "min_value": -1.9721558711793268}, "max_forward_velocity": 1.4724084817955931, "turning_speed_ratio": 0.08649177276127767, "sharp_turn_forward_velocity": 1.8086188486087362, "sharp_turn_angular_velocity": 2.9620224583968326}