{"pid_speed_parameters": {"proportional_gain": 1.4431677030936527, "integral_gain": 0.08222420963662015, "derivative_gain": 0.07735252433786316, "max_value": 101.76216846602821, "min_value": 0.0035424280077530315}, "pid_steer_parameters": {"proportional_gain": 2.7202990322067304, "integral_gain": 0.0006486204083141045, "derivative_gain": 0.0019465411289514862, "max_value": 2.0872468273935145, "min_value": -2.0419802007356154}, "max_forward_velocity": 1.3187001754017256, "turning_speed_ratio": 0.5216472459972841, "sharp_turn_forward_velocity": 1.6672955941383936, "sharp_turn_angular_velocity": 2.3586416220989803}