{"pid_speed_parameters": {"proportional_gain": 1.209831251631185, "integral_gain": 0.09743857348156858, "derivative_gain": 0.08456783694335142, "max_value": 101.76884579734596, "min_value": 0.33277527529947293}, "pid_steer_parameters": {"proportional_gain": 2.9121925459385745, "integral_gain": 0.0031890345363364174, "derivative_gain": 0.0026052056270486038, "max_value": 2.026752938918942, "min_value": -2.096925470270292}, "max_forward_velocity": 0.7883755945917645, "turning_speed_ratio": 0.23695354730883433, "sharp_turn_forward_velocity": 1.9874137782768642, "sharp_turn_angular_velocity": 2.3970387283946506}