{"pid_speed_parameters": {"proportional_gain": 1.5597678289200467, "integral_gain": 0.09664999412126958, "derivative_gain": 0.04609402817508173, "max_value": 101.76583715713909, "min_value": 0.08962103996367538}, "pid_steer_parameters": {"proportional_gain": 2.340546514212984, "integral_gain": 0.0034158223674144407, "derivative_gain": 0.0026747206222119116, "max_value": 1.9688352092406671, "min_value": -2.099084188789543}, "max_forward_velocity": 1.0900382669117095, "turning_speed_ratio": 0.35021607289321677, "sharp_turn_forward_velocity": 1.9892862549571013, "sharp_turn_angular_velocity": 2.1915222087912856}