{"pid_speed_parameters": {"proportional_gain": 1.3838978268778226, "integral_gain": 0.0999349377717605, "derivative_gain": 0.0725997512305398, "max_value": 101.07178589635468, "min_value": 0.047366131760864516}, "pid_steer_parameters": {"proportional_gain": 2.899804853735877, "integral_gain": 0.0007899355921105738, "derivative_gain": 0.006253988013919821, "max_value": 2.0929010697196198, "min_value": -1.9906196461823553}, "max_forward_velocity": 0.9511185820155954, "turning_speed_ratio": 0.32213735305519603, "sharp_turn_forward_velocity": 1.503888953374606, "sharp_turn_angular_velocity": 2.322906907682809}