{"pid_speed_parameters": {"proportional_gain": 2.408295884341798, "integral_gain": 0.09826937008286674, "derivative_gain": 0.08872158984350681, "max_value": 101.50318478099015, "min_value": 0.04799651256457245}, "pid_steer_parameters": {"proportional_gain": 2.167592135863645, "integral_gain": 0.009244415281521376, "derivative_gain": 0.0031834489806888038, "max_value": 2.030535510428804, "min_value": -2.0995677884227377}, "max_forward_velocity": 0.9678506943613825, "turning_speed_ratio": 0.1901681091544568, "sharp_turn_forward_velocity": 1.9271213001986942, "sharp_turn_angular_velocity": 2.1881294339194537}