{"pid_speed_parameters": {"proportional_gain": 2.204860044087847, "integral_gain": 0.09829826029199513, "derivative_gain": 0.07172949334468699, "max_value": 101.5646530433931, "min_value": 0.05649549244875132}, "pid_steer_parameters": {"proportional_gain": 2.3116276929464736, "integral_gain": 0.008799181262870454, "derivative_gain": 0.006035551640586496, "max_value": 1.9917225960056257, "min_value": -2.0987381660117066}, "max_forward_velocity": 0.6831430634420297, "turning_speed_ratio": 0.43729780649674244, "sharp_turn_forward_velocity": 1.8545662988886653, "sharp_turn_angular_velocity": 2.449770676418253}