{"pid_speed_parameters": {"proportional_gain": 1.603363281616072, "integral_gain": 0.09903474467682916, "derivative_gain": 0.08966940026298516, "max_value": 101.53418665880238, "min_value": 0.10634144721225197}, "pid_steer_parameters": {"proportional_gain": 1.8616261701712689, "integral_gain": 0.03431202421718369, "derivative_gain": 0.0012074838252032756, "max_value": 2.0084898975731282, "min_value": -2.099863666406933}, "max_forward_velocity": 0.6591317560190131, "turning_speed_ratio": 0.37667817860223207, "sharp_turn_forward_velocity": 1.9998159649291294, "sharp_turn_angular_velocity": 1.9405885369011102}