{"pid_speed_parameters": {"proportional_gain": 2.3136375485207523, "integral_gain": 0.0905916683749587, "derivative_gain": 0.08100380947243153, "max_value": 101.64061265748505, "min_value": 0.045640929675152}, "pid_steer_parameters": {"proportional_gain": 2.0414128305799046, "integral_gain": 0.00018050005938303316, "derivative_gain": 0.010911400326194387, "max_value": 2.0148048639934633, "min_value": -2.0849840617748026}, "max_forward_velocity": 1.1728767191899057, "turning_speed_ratio": 0.018262821836400073, "sharp_turn_forward_velocity": 1.1790765365149802, "sharp_turn_angular_velocity": 2.0696388708420503}