{"pid_speed_parameters": {"proportional_gain": 1.608046986642702, "integral_gain": 0.08963262404986339, "derivative_gain": 0.031235183468628802, "max_value": 100.94859526124938, "min_value": 0.01751574221818918}, "pid_steer_parameters": {"proportional_gain": 2.9941282048513487, "integral_gain": 0.0024942014061100815, "derivative_gain": 7.175108851887276e-06, "max_value": 2.0392681504406074, "min_value": -1.9566757103476986}, "max_forward_velocity": 0.7179046104350704, "turning_speed_ratio": 0.0010181247675064209, "sharp_turn_forward_velocity": 1.390898428643573, "sharp_turn_angular_velocity": 2.1815915677846216}