{"pid_speed_parameters": {"proportional_gain": 2.0608844025102737, "integral_gain": 0.06679600173312408, "derivative_gain": 0.07905284932756558, "max_value": 101.8282147045258, "min_value": 0.036995046563028725}, "pid_steer_parameters": {"proportional_gain": 2.4154132481058475, "integral_gain": 0.042934667644109574, "derivative_gain": 0.005135765602124885, "max_value": 1.9545921232488848, "min_value": -2.092911705792869}, "max_forward_velocity": 1.0538544322222076, "turning_speed_ratio": 0.5189653505500824, "sharp_turn_forward_velocity": 1.4512620376361227, "sharp_turn_angular_velocity": 1.366948060719931}