{"pid_speed_parameters": {"proportional_gain": 2.378878749960296, "integral_gain": 0.09376955201250833, "derivative_gain": 0.08542514780607127, "max_value": 101.31954706399358, "min_value": 0.12923944676047763}, "pid_steer_parameters": {"proportional_gain": 2.012099099304942, "integral_gain": 0.01054786085035805, "derivative_gain": 0.008795087490418053, "max_value": 2.0115260961103876, "min_value": -2.099027878272222}, "max_forward_velocity": 0.9429590047396559, "turning_speed_ratio": 0.3807748012235463, "sharp_turn_forward_velocity": 1.696299438115331, "sharp_turn_angular_velocity": 2.30451924921877}