{"pid_speed_parameters": {"proportional_gain": 2.0289806688908456, "integral_gain": 0.07773033637464556, "derivative_gain": 0.08405740920981185, "max_value": 101.58944752025333, "min_value": 0.06340941054421059}, "pid_steer_parameters": {"proportional_gain": 1.9414698816643208, "integral_gain": 0.030719890397360512, "derivative_gain": 0.00835302889744521, "max_value": 1.9517085453160021, "min_value": -2.0878948413106957}, "max_forward_velocity": 0.9725730416507532, "turning_speed_ratio": 0.5029657708856148, "sharp_turn_forward_velocity": 1.9741251410722607, "sharp_turn_angular_velocity": 1.96267850652328}