{"pid_speed_parameters": {"proportional_gain": 2.7487961841068618, "integral_gain": 0.09999936232733174, "derivative_gain": 0.07876871305172083, "max_value": 100.30350089573095, "min_value": 0.14068443788563217}, "pid_steer_parameters": {"proportional_gain": 1.3376148348327788, "integral_gain": 0.009275567516938938, "derivative_gain": 0.006679831817739354, "max_value": 2.0034438808649053, "min_value": -2.069322981047961}, "max_forward_velocity": 0.36524356118481016, "turning_speed_ratio": 0.15421468461833443, "sharp_turn_forward_velocity": 1.6234580954335553, "sharp_turn_angular_velocity": 2.2800608170762175}