{"pid_speed_parameters": {"proportional_gain": 1.9541787604405256, "integral_gain": 0.07444866845001494, "derivative_gain": 0.0694344732259215, "max_value": 101.93551437080544, "min_value": 0.014970941461498695}, "pid_steer_parameters": {"proportional_gain": 2.1265849311756573, "integral_gain": 0.028493664257126017, "derivative_gain": 0.003111029569701114, "max_value": 1.9670377031311694, "min_value": -2.096944641607683}, "max_forward_velocity": 1.1428173146045133, "turning_speed_ratio": 0.45479013013420977, "sharp_turn_forward_velocity": 1.6352804288977238, "sharp_turn_angular_velocity": 1.6845550634006918}