{"pid_speed_parameters": {"proportional_gain": 1.8411597529861958, "integral_gain": 0.09176367155638697, "derivative_gain": 0.07529720856544372, "max_value": 101.72619909306752, "min_value": 0.044061788124552595}, "pid_steer_parameters": {"proportional_gain": 2.3547141877152353, "integral_gain": 0.01502066724147645, "derivative_gain": 0.003931495685213518, "max_value": 2.021853421792395, "min_value": -2.09983879611107}, "max_forward_velocity": 1.0188760607501712, "turning_speed_ratio": 0.483910041203799, "sharp_turn_forward_velocity": 1.7305115591907303, "sharp_turn_angular_velocity": 2.268285968365051}