{"pid_speed_parameters": {"proportional_gain": 2.1036173635240054, "integral_gain": 0.09746556973735859, "derivative_gain": 0.07581624398631966, "max_value": 101.21125524990963, "min_value": 0.0013977209556050574}, "pid_steer_parameters": {"proportional_gain": 2.2828018183941756, "integral_gain": 0.006367243315065754, "derivative_gain": 0.01222844256762043, "max_value": 1.9677986990760181, "min_value": -2.0992439535979375}, "max_forward_velocity": 1.415457921785045, "turning_speed_ratio": 0.23773508610569094, "sharp_turn_forward_velocity": 1.9884842865207926, "sharp_turn_angular_velocity": 2.5697788878304775}