{"pid_speed_parameters": {"proportional_gain": 2.121210414327617, "integral_gain": 0.09722938423248384, "derivative_gain": 0.08118407251759789, "max_value": 101.37152504457181, "min_value": 0.019748394561130873}, "pid_steer_parameters": {"proportional_gain": 1.6936664361339646, "integral_gain": 0.008912469922161083, "derivative_gain": 0.005718704597307081, "max_value": 2.0118355667740704, "min_value": -2.0978910892695266}, "max_forward_velocity": 0.8405016545997577, "turning_speed_ratio": 0.5356721824040187, "sharp_turn_forward_velocity": 1.9962450166565628, "sharp_turn_angular_velocity": 2.3688865073344636}