{"pid_speed_parameters": {"proportional_gain": 1.9364675883428006, "integral_gain": 0.06810719806538573, "derivative_gain": 0.06638859721687038, "max_value": 101.77074922220537, "min_value": 0.0013042133005780447}, "pid_steer_parameters": {"proportional_gain": 2.0132966238858248, "integral_gain": 0.03198025962996614, "derivative_gain": 0.005811748261578573, "max_value": 1.9587133725354149, "min_value": -2.0784907499670764}, "max_forward_velocity": 1.0830633236630072, "turning_speed_ratio": 0.42817807490690196, "sharp_turn_forward_velocity": 1.9992915914756395, "sharp_turn_angular_velocity": 1.8960045659934104}