{"pid_speed_parameters": {"proportional_gain": 2.253850383104413, "integral_gain": 0.0892845203171185, "derivative_gain": 0.0835487886564586, "max_value": 101.4832800621951, "min_value": 0.031104133148104153}, "pid_steer_parameters": {"proportional_gain": 2.2359168846663646, "integral_gain": 0.00024857509305612624, "derivative_gain": 0.00935488894903806, "max_value": 2.0061335339428004, "min_value": -2.099966817068811}, "max_forward_velocity": 0.6237394172859263, "turning_speed_ratio": 0.4624684419984143, "sharp_turn_forward_velocity": 1.9736791601313326, "sharp_turn_angular_velocity": 2.3631095035525256}