{"pid_speed_parameters": {"proportional_gain": 1.4743088266480515, "integral_gain": 0.0985540608523663, "derivative_gain": 0.08756683718477544, "max_value": 101.49935284060994, "min_value": 0.2809776705953443}, "pid_steer_parameters": {"proportional_gain": 2.4873672752124203, "integral_gain": 0.007785177742511049, "derivative_gain": 0.0012217535673418691, "max_value": 1.9743566269298436, "min_value": -2.0992421657073255}, "max_forward_velocity": 0.8455148930126901, "turning_speed_ratio": 0.307550091277325, "sharp_turn_forward_velocity": 1.9900909801446696, "sharp_turn_angular_velocity": 2.604099062693678}