{"pid_speed_parameters": {"proportional_gain": 2.1595698980106226, "integral_gain": 0.085180524407103, "derivative_gain": 0.07506414775992158, "max_value": 101.86819381144478, "min_value": 0.5149651126203638}, "pid_steer_parameters": {"proportional_gain": 2.0833744685273836, "integral_gain": 0.03877196152997623, "derivative_gain": 0.010765952202327584, "max_value": 1.9576144362800618, "min_value": -2.089695496477546}, "max_forward_velocity": 0.8249963263478439, "turning_speed_ratio": 0.5758806126149796, "sharp_turn_forward_velocity": 1.7882494201248806, "sharp_turn_angular_velocity": 2.231600121423591}