{"pid_speed_parameters": {"proportional_gain": 1.5941056678577226, "integral_gain": 0.09709880267254788, "derivative_gain": 0.08218482976403699, "max_value": 101.07095731199772, "min_value": 0.17247295591165157}, "pid_steer_parameters": {"proportional_gain": 2.693441589975682, "integral_gain": 0.0007842175762874385, "derivative_gain": 0.0013085763533681354, "max_value": 1.9709184383008231, "min_value": -2.0470585386523874}, "max_forward_velocity": 1.750322793626019, "turning_speed_ratio": 0.11866547029693983, "sharp_turn_forward_velocity": 1.4713385852581295, "sharp_turn_angular_velocity": 2.645071511254492}