{"pid_speed_parameters": {"proportional_gain": 1.830006454123895, "integral_gain": 0.07267933626479894, "derivative_gain": 0.005919517286645857, "max_value": 99.97477418855618, "min_value": 0.40694601978440753}, "pid_steer_parameters": {"proportional_gain": 1.8938080291294326, "integral_gain": 0.00014992254780691708, "derivative_gain": 0.001881410506918846, "max_value": 2.092112606856582, "min_value": -1.9604276334234925}, "max_forward_velocity": 1.267101959350158, "turning_speed_ratio": 0.5849805198799184, "sharp_turn_forward_velocity": 1.9846814438047018, "sharp_turn_angular_velocity": 2.5452165938809515}