{"pid_speed_parameters": {"proportional_gain": 2.201492497406581, "integral_gain": 0.0991167316756625, "derivative_gain": 0.07354372347014534, "max_value": 101.41144901508468, "min_value": 0.0173180549023444}, "pid_steer_parameters": {"proportional_gain": 2.336836849662152, "integral_gain": 0.01451490639587992, "derivative_gain": 0.004084082419439577, "max_value": 2.012842078465892, "min_value": -2.0989763216658424}, "max_forward_velocity": 1.0063224385767686, "turning_speed_ratio": 0.28539024968699733, "sharp_turn_forward_velocity": 1.673476607125329, "sharp_turn_angular_velocity": 2.126006391420572}