{"pid_speed_parameters": {"proportional_gain": 1.9250094922508498, "integral_gain": 0.07075294333945717, "derivative_gain": 0.07340038524386062, "max_value": 101.616270428061, "min_value": 0.10122090712845558}, "pid_steer_parameters": {"proportional_gain": 2.3149166870815034, "integral_gain": 0.03418413182651448, "derivative_gain": 0.009731062189619315, "max_value": 1.9414833641449785, "min_value": -2.0900642159731313}, "max_forward_velocity": 1.3230323602196423, "turning_speed_ratio": 0.6630563935429293, "sharp_turn_forward_velocity": 1.680482130281075, "sharp_turn_angular_velocity": 1.828668073414924}