{"pid_speed_parameters": {"proportional_gain": 2.0664505167357428, "integral_gain": 0.09995962249709442, "derivative_gain": 0.08779228705836446, "max_value": 101.62799697418626, "min_value": 0.37542831072997573}, "pid_steer_parameters": {"proportional_gain": 2.137331541904554, "integral_gain": 0.00798874908606965, "derivative_gain": 0.005295361844203408, "max_value": 2.0208969268701553, "min_value": -2.0883130111046335}, "max_forward_velocity": 0.8436494336216978, "turning_speed_ratio": 0.003089295784541517, "sharp_turn_forward_velocity": 1.5337040437587222, "sharp_turn_angular_velocity": 2.414557825676635}