{"pid_speed_parameters": {"proportional_gain": 1.2806756989847985, "integral_gain": 0.09584486661084522, "derivative_gain": 0.0707413855004644, "max_value": 101.74099228329297, "min_value": 0.009636215808409817}, "pid_steer_parameters": {"proportional_gain": 1.8976829803511386, "integral_gain": 0.003919316451444601, "derivative_gain": 0.013162528623465253, "max_value": 1.9419701382627448, "min_value": -2.095561159880762}, "max_forward_velocity": 0.9836741733919112, "turning_speed_ratio": 0.04955600055302437, "sharp_turn_forward_velocity": 1.9637602543287314, "sharp_turn_angular_velocity": 2.2769544908837562}