{"pid_speed_parameters": {"proportional_gain": 1.9837385452580807, "integral_gain": 0.0755216912219461, "derivative_gain": 0.06851480539115377, "max_value": 101.5928993660347, "min_value": 0.09336524181463329}, "pid_steer_parameters": {"proportional_gain": 2.121616842407345, "integral_gain": 0.04792534719607014, "derivative_gain": 0.017366516945005486, "max_value": 1.9368624468653515, "min_value": -2.0835029309613855}, "max_forward_velocity": 1.134449934662778, "turning_speed_ratio": 0.5480718551934021, "sharp_turn_forward_velocity": 1.609519590946749, "sharp_turn_angular_velocity": 1.5411606965909808}