{"pid_speed_parameters": {"proportional_gain": 1.459617038828573, "integral_gain": 0.03970561743275387, "derivative_gain": 0.09562382854682507, "max_value": 99.66605132500763, "min_value": 0.5634449845992061}, "pid_steer_parameters": {"proportional_gain": 2.3253698723286442, "integral_gain": 0.0004694790849451864, "derivative_gain": 0.03259142845799241, "max_value": 2.0935010794664093, "min_value": -1.9213821258727}, "max_forward_velocity": 1.9999991182904366, "turning_speed_ratio": 0.007882288399121369, "sharp_turn_forward_velocity": 1.447479091790024, "sharp_turn_angular_velocity": 2.9310410245334007}