{"pid_speed_parameters": {"proportional_gain": 1.3771889833392863, "integral_gain": 0.062306122039446084, "derivative_gain": 0.0799557174419653, "max_value": 100.69707710033644, "min_value": 0.8080503896208182}, "pid_steer_parameters": {"proportional_gain": 2.915965860519542, "integral_gain": 0.0012586584867395208, "derivative_gain": 0.04054859439371192, "max_value": 1.9638199525029005, "min_value": -1.9811836322368925}, "max_forward_velocity": 1.6085396764805375, "turning_speed_ratio": 0.46233190108314015, "sharp_turn_forward_velocity": 0.39671875200064577, "sharp_turn_angular_velocity": 2.546045497667652}