{"pid_speed_parameters": {"proportional_gain": 2.2407081993363764, "integral_gain": 0.06282842067564592, "derivative_gain": 0.07813856304403996, "max_value": 101.97118689912645, "min_value": 0.1535924503152818}, "pid_steer_parameters": {"proportional_gain": 2.0902328829871197, "integral_gain": 0.036124705614418176, "derivative_gain": 0.006973706931785122, "max_value": 1.9717635555416868, "min_value": -2.09596033275288}, "max_forward_velocity": 1.1719828636050036, "turning_speed_ratio": 0.5520539159607324, "sharp_turn_forward_velocity": 1.6467276979696224, "sharp_turn_angular_velocity": 1.8660198273155701}