{"pid_speed_parameters": {"proportional_gain": 1.726302269891078, "integral_gain": 0.09916974628408588, "derivative_gain": 0.07592412911990616, "max_value": 101.60413558761873, "min_value": 0.1305909516798266}, "pid_steer_parameters": {"proportional_gain": 2.3457499984790515, "integral_gain": 0.010489812820625484, "derivative_gain": 0.0034034117101490835, "max_value": 2.016022352327514, "min_value": -2.088677949354635}, "max_forward_velocity": 0.6985931832446073, "turning_speed_ratio": 0.3826822482992313, "sharp_turn_forward_velocity": 1.681596105967895, "sharp_turn_angular_velocity": 2.1295574382730877}