{"pid_speed_parameters": {"proportional_gain": 2.0525373789900767, "integral_gain": 0.08290350597631156, "derivative_gain": 0.0834215177694334, "max_value": 101.34277064744506, "min_value": 0.16177433635834015}, "pid_steer_parameters": {"proportional_gain": 2.23178718412706, "integral_gain": 0.03867110699831198, "derivative_gain": 0.013941652855306524, "max_value": 1.9434206837313672, "min_value": -2.0987193586906825}, "max_forward_velocity": 1.1271314657630016, "turning_speed_ratio": 0.5341133276425833, "sharp_turn_forward_velocity": 1.276124613407582, "sharp_turn_angular_velocity": 1.483255515298788}