{"pid_speed_parameters": {"proportional_gain": 2.244852529871034, "integral_gain": 0.09953693934765752, "derivative_gain": 0.07496873899404162, "max_value": 101.4543831129695, "min_value": 0.003641003835008017}, "pid_steer_parameters": {"proportional_gain": 2.282475661085466, "integral_gain": 0.011602477978245835, "derivative_gain": 0.005722665553656699, "max_value": 2.0187150004470924, "min_value": -2.0828374841532966}, "max_forward_velocity": 0.750273800020981, "turning_speed_ratio": 0.2515231577502739, "sharp_turn_forward_velocity": 1.685811887893406, "sharp_turn_angular_velocity": 2.0868090733558433}