{"pid_speed_parameters": {"proportional_gain": 2.018869553300239, "integral_gain": 0.09988669534884793, "derivative_gain": 0.0812530959617055, "max_value": 101.1103945779906, "min_value": 0.12602227517115155}, "pid_steer_parameters": {"proportional_gain": 2.0865652572930364, "integral_gain": 0.007692595023301554, "derivative_gain": 0.01467402125875094, "max_value": 1.9337226340618459, "min_value": -2.0996364503111837}, "max_forward_velocity": 1.2251107393258283, "turning_speed_ratio": 0.15038500802057864, "sharp_turn_forward_velocity": 1.9985947346013613, "sharp_turn_angular_velocity": 2.702265941911443}