{"pid_speed_parameters": {"proportional_gain": 2.1746877087254477, "integral_gain": 0.0829226760981715, "derivative_gain": 0.07076966243467031, "max_value": 101.48055754458298, "min_value": 0.19270689363668925}, "pid_steer_parameters": {"proportional_gain": 1.9350945554427634, "integral_gain": 0.026282176345395977, "derivative_gain": 0.009522571048870313, "max_value": 1.9659791481318378, "min_value": -2.0844986120973252}, "max_forward_velocity": 1.2529662077428931, "turning_speed_ratio": 0.45994663031451477, "sharp_turn_forward_velocity": 1.7409418594224293, "sharp_turn_angular_velocity": 1.6420560501236607}