{"pid_speed_parameters": {"proportional_gain": 1.75824535329028, "integral_gain": 0.09954667415001868, "derivative_gain": 0.07581348435055979, "max_value": 101.70287925176218, "min_value": 0.18737024970246896}, "pid_steer_parameters": {"proportional_gain": 2.2218594044393147, "integral_gain": 0.010941435988086938, "derivative_gain": 0.00547610582534424, "max_value": 2.0185077164147596, "min_value": -2.092087901049346}, "max_forward_velocity": 0.7125662770992545, "turning_speed_ratio": 0.5214617808080191, "sharp_turn_forward_velocity": 1.6412345319058923, "sharp_turn_angular_velocity": 2.0171472447705017}