{"pid_speed_parameters": {"proportional_gain": 1.884779493847369, "integral_gain": 0.09026687206838552, "derivative_gain": 0.06879174167911359, "max_value": 101.50516383909924, "min_value": 0.015599068015289796}, "pid_steer_parameters": {"proportional_gain": 2.080130964826119, "integral_gain": 0.016795076116792297, "derivative_gain": 0.0020574056440038836, "max_value": 2.0217180636018623, "min_value": -2.097588688329154}, "max_forward_velocity": 1.057126996396907, "turning_speed_ratio": 0.5559034642801949, "sharp_turn_forward_velocity": 1.9339582114640863, "sharp_turn_angular_velocity": 2.2026155124328577}