{"pid_speed_parameters": {"proportional_gain": 2.051744924711432, "integral_gain": 0.0819880439801437, "derivative_gain": 0.07102969831441454, "max_value": 101.75112086307554, "min_value": 0.12816074128801574}, "pid_steer_parameters": {"proportional_gain": 2.1635106183864155, "integral_gain": 0.02792025268211278, "derivative_gain": 0.005260871584043914, "max_value": 2.0020656204320613, "min_value": -2.082844759396621}, "max_forward_velocity": 1.0872527110177415, "turning_speed_ratio": 0.46984264969985523, "sharp_turn_forward_velocity": 1.802064066661641, "sharp_turn_angular_velocity": 2.1223025806733293}