{"pid_speed_parameters": {"proportional_gain": 2.0741592140303915, "integral_gain": 0.09392876741947116, "derivative_gain": 0.08761489810191819, "max_value": 101.53442303541281, "min_value": 0.14529351091968012}, "pid_steer_parameters": {"proportional_gain": 1.9417016799823241, "integral_gain": 0.00924011808882155, "derivative_gain": 1.221885493017376e-05, "max_value": 1.974443024822078, "min_value": -2.0934032884468308}, "max_forward_velocity": 1.2660797863803903, "turning_speed_ratio": 0.008638995788855254, "sharp_turn_forward_velocity": 1.501144599207352, "sharp_turn_angular_velocity": 2.5712263958168933}