{"pid_speed_parameters": {"proportional_gain": 2.194874618521453, "integral_gain": 0.09685041643967113, "derivative_gain": 0.08032686152134531, "max_value": 101.66478381091254, "min_value": 0.008270623406975436}, "pid_steer_parameters": {"proportional_gain": 2.2944562628260385, "integral_gain": 0.008770308585264248, "derivative_gain": 0.005031302061459876, "max_value": 2.013853926212967, "min_value": -2.0958950702109655}, "max_forward_velocity": 0.9201505601275572, "turning_speed_ratio": 0.5108889405339381, "sharp_turn_forward_velocity": 1.9920848968803617, "sharp_turn_angular_velocity": 2.4641497002422494}