{"pid_speed_parameters": {"proportional_gain": 2.028886796416261, "integral_gain": 0.09431900041186839, "derivative_gain": 0.09441141231544596, "max_value": 101.510784263095, "min_value": 0.14414472283532298}, "pid_steer_parameters": {"proportional_gain": 2.33121899270332, "integral_gain": 0.007935411275749255, "derivative_gain": 0.014406216480346469, "max_value": 1.958448488616743, "min_value": -2.0960193065238952}, "max_forward_velocity": 0.6439366424630659, "turning_speed_ratio": 0.21554558298715665, "sharp_turn_forward_velocity": 1.7324447291735483, "sharp_turn_angular_velocity": 1.8371781853137867}