{"pid_speed_parameters": {"proportional_gain": 1.7143801432248755, "integral_gain": 0.09419477993096265, "derivative_gain": 0.07261393801707143, "max_value": 101.80877876291406, "min_value": 0.006317179837629194}, "pid_steer_parameters": {"proportional_gain": 2.4205518720323393, "integral_gain": 0.025732367775374958, "derivative_gain": 0.0005617173959214047, "max_value": 2.0083330335534963, "min_value": -2.0994977222915874}, "max_forward_velocity": 1.0367665670952344, "turning_speed_ratio": 0.5367680629138407, "sharp_turn_forward_velocity": 1.8298009361254062, "sharp_turn_angular_velocity": 2.193555483797079}