{"pid_speed_parameters": {"proportional_gain": 1.9865274016032468, "integral_gain": 0.0791667060074999, "derivative_gain": 0.06959311111847337, "max_value": 101.39007426103419, "min_value": 0.12713596691753176}, "pid_steer_parameters": {"proportional_gain": 2.3332068510990345, "integral_gain": 0.06384270193339918, "derivative_gain": 0.01313220489678195, "max_value": 1.9220287156289284, "min_value": -2.072824795172645}, "max_forward_velocity": 1.3144137698181477, "turning_speed_ratio": 0.48784760440113595, "sharp_turn_forward_velocity": 1.5310966239851231, "sharp_turn_angular_velocity": 1.5585858748369945}