{"pid_speed_parameters": {"proportional_gain": 1.8017132802362068, "integral_gain": 0.0871950231357975, "derivative_gain": 0.07849145258723549, "max_value": 101.60979058915409, "min_value": 0.02292497358541918}, "pid_steer_parameters": {"proportional_gain": 2.285760764417819, "integral_gain": 0.016760489612156496, "derivative_gain": 0.005214489260306442, "max_value": 1.9989337486778935, "min_value": -2.099311239623041}, "max_forward_velocity": 1.0373004420746592, "turning_speed_ratio": 0.35893121321780125, "sharp_turn_forward_velocity": 1.8562516535298152, "sharp_turn_angular_velocity": 2.2439230435416486}