{"pid_speed_parameters": {"proportional_gain": 1.813844279536006, "integral_gain": 0.09997563379129625, "derivative_gain": 0.08473020448733293, "max_value": 101.33445943423976, "min_value": 0.2445384733423548}, "pid_steer_parameters": {"proportional_gain": 2.6581054033719536, "integral_gain": 0.004225362765911937, "derivative_gain": 0.007830244413180322, "max_value": 1.9696383283008272, "min_value": -2.099916828878458}, "max_forward_velocity": 0.9869042839552589, "turning_speed_ratio": 0.18289908616846995, "sharp_turn_forward_velocity": 1.8663123990620936, "sharp_turn_angular_velocity": 2.465436663689749}