{"pid_speed_parameters": {"proportional_gain": 2.1331792384505093, "integral_gain": 0.0653063167230476, "derivative_gain": 0.07264175333246892, "max_value": 101.72099675514085, "min_value": 0.21687933083974636}, "pid_steer_parameters": {"proportional_gain": 2.1579356215722187, "integral_gain": 0.023285419123538056, "derivative_gain": 0.0051072642833973015, "max_value": 2.0003160996002296, "min_value": -2.0852778583168337}, "max_forward_velocity": 1.1549713247372806, "turning_speed_ratio": 0.4740055064331017, "sharp_turn_forward_velocity": 1.8345757877381665, "sharp_turn_angular_velocity": 1.9827750255149175}