{"pid_speed_parameters": {"proportional_gain": 1.8205694506871082, "integral_gain": 0.09989741018444837, "derivative_gain": 0.0934615359274458, "max_value": 101.73940032168993, "min_value": 0.28701424053656416}, "pid_steer_parameters": {"proportional_gain": 2.5612973716207925, "integral_gain": 0.0228209524433726, "derivative_gain": 0.0007951530201778451, "max_value": 1.9502137271227442, "min_value": -2.0957836922190154}, "max_forward_velocity": 1.054625093839542, "turning_speed_ratio": 0.022755116914485753, "sharp_turn_forward_velocity": 1.9939493670005253, "sharp_turn_angular_velocity": 2.0619837470908147}