{"pid_speed_parameters": {"proportional_gain": 2.103663776893648, "integral_gain": 0.09755314618579747, "derivative_gain": 0.07412931656576684, "max_value": 101.54824735714097, "min_value": 0.11287936318911787}, "pid_steer_parameters": {"proportional_gain": 2.0706509784810834, "integral_gain": 0.007352076775742034, "derivative_gain": 0.00654535564478782, "max_value": 2.01358690366484, "min_value": -2.0995947424296677}, "max_forward_velocity": 0.7956527869294101, "turning_speed_ratio": 0.5104042555538588, "sharp_turn_forward_velocity": 1.970234370193806, "sharp_turn_angular_velocity": 2.2279027077589038}