{"pid_speed_parameters": {"proportional_gain": 1.6231904400987738, "integral_gain": 0.0983256881873613, "derivative_gain": 0.08269964699984705, "max_value": 101.02531698394336, "min_value": 0.17598667950988628}, "pid_steer_parameters": {"proportional_gain": 1.849344332306516, "integral_gain": 0.005321775316863822, "derivative_gain": 0.020790938274543765, "max_value": 1.948854806601093, "min_value": -2.09341032932032}, "max_forward_velocity": 0.8504743153163061, "turning_speed_ratio": 0.06561315224106798, "sharp_turn_forward_velocity": 1.970818509775865, "sharp_turn_angular_velocity": 1.996175869712845}