{"pid_speed_parameters": {"proportional_gain": 2.178888036602048, "integral_gain": 0.09237165533202053, "derivative_gain": 0.07885705165823673, "max_value": 101.32826299320915, "min_value": 0.03906858758463175}, "pid_steer_parameters": {"proportional_gain": 2.013313102416394, "integral_gain": 0.0005341494311548433, "derivative_gain": 0.01053384857474091, "max_value": 2.04260723954018, "min_value": -2.0990904130911723}, "max_forward_velocity": 1.0705822173320154, "turning_speed_ratio": 0.47671334016002553, "sharp_turn_forward_velocity": 1.8071615738580231, "sharp_turn_angular_velocity": 2.5661916795709168}