{"pid_speed_parameters": {"proportional_gain": 1.3537459451540181, "integral_gain": 0.08652482739637211, "derivative_gain": 0.027445477700908393, "max_value": 100.87454370180161, "min_value": 0.37834415195747284}, "pid_steer_parameters": {"proportional_gain": 2.6031722682572527, "integral_gain": 0.005152292238139117, "derivative_gain": 0.020773427564219474, "max_value": 2.0371941478729028, "min_value": -1.9403540318807264}, "max_forward_velocity": 1.7735863364128404, "turning_speed_ratio": 0.020208433345765192, "sharp_turn_forward_velocity": 1.0910747322350267, "sharp_turn_angular_velocity": 2.0934494067566702}