{"pid_speed_parameters": {"proportional_gain": 1.7127030671811478, "integral_gain": 0.08699525285173015, "derivative_gain": 0.06993820083212053, "max_value": 101.72276058281545, "min_value": 0.014911376000749876}, "pid_steer_parameters": {"proportional_gain": 2.121058529663187, "integral_gain": 0.03652143634691995, "derivative_gain": 0.0008133775594487057, "max_value": 1.9883995084032484, "min_value": -2.0998592601994797}, "max_forward_velocity": 1.193774426096742, "turning_speed_ratio": 0.3483692163341642, "sharp_turn_forward_velocity": 1.9070901596408534, "sharp_turn_angular_velocity": 1.8185013971015977}