{"pid_speed_parameters": {"proportional_gain": 1.6370380220377363, "integral_gain": 0.09811119549269871, "derivative_gain": 0.08055600960688844, "max_value": 101.53153438858008, "min_value": 0.09642987304473159}, "pid_steer_parameters": {"proportional_gain": 2.178174293024636, "integral_gain": 0.0018942408926825886, "derivative_gain": 0.0124747804726048, "max_value": 1.93546336881348, "min_value": -2.0738578783009123}, "max_forward_velocity": 1.3083017617655404, "turning_speed_ratio": 0.23043926217851834, "sharp_turn_forward_velocity": 1.9906816426356229, "sharp_turn_angular_velocity": 2.1711154936861567}