{"pid_speed_parameters": {"proportional_gain": 1.191736576612609, "integral_gain": 0.09999509724827359, "derivative_gain": 0.01278701919742985, "max_value": 100.81941559381472, "min_value": 0.5509407744187327}, "pid_steer_parameters": {"proportional_gain": 2.7522240960098387, "integral_gain": 0.0001800995521787477, "derivative_gain": 0.05052407811462221, "max_value": 2.021606324249164, "min_value": -1.9341259600854492}, "max_forward_velocity": 1.6833631407319032, "turning_speed_ratio": 0.006765548240885286, "sharp_turn_forward_velocity": 1.994458986201828, "sharp_turn_angular_velocity": 2.85216857716016}