{"pid_speed_parameters": {"proportional_gain": 1.9337363733260837, "integral_gain": 0.06776294530894764, "derivative_gain": 0.09302090035705303, "max_value": 100.7441473534229, "min_value": 0.34723909236492717}, "pid_steer_parameters": {"proportional_gain": 2.7576037640675186, "integral_gain": 0.001584159243651117, "derivative_gain": 0.012327852206505268, "max_value": 2.017142661337965, "min_value": -1.9815694196926426}, "max_forward_velocity": 1.2525830195527756, "turning_speed_ratio": 0.057507504842787466, "sharp_turn_forward_velocity": 1.0548262413479734, "sharp_turn_angular_velocity": 2.6238928678750337}