{"pid_speed_parameters": {"proportional_gain": 1.7812974663236796, "integral_gain": 0.07321394369448207, "derivative_gain": 0.08044086527556474, "max_value": 101.68846163793815, "min_value": 0.051083567261965085}, "pid_steer_parameters": {"proportional_gain": 2.3321281019844506, "integral_gain": 0.039248004217685026, "derivative_gain": 0.005515501937191888, "max_value": 1.9466686972785987, "min_value": -2.0992439365876234}, "max_forward_velocity": 1.1946670779136317, "turning_speed_ratio": 0.6155423571629454, "sharp_turn_forward_velocity": 1.660133096290243, "sharp_turn_angular_velocity": 1.7513930308222576}