{"pid_speed_parameters": {"proportional_gain": 1.689390095563185, "integral_gain": 0.09957141535436044, "derivative_gain": 0.0812227425877014, "max_value": 101.99876480576158, "min_value": 0.18238641827196167}, "pid_steer_parameters": {"proportional_gain": 2.5154928154541776, "integral_gain": 0.027854309000325494, "derivative_gain": 0.0001536838417832196, "max_value": 1.9538648541303267, "min_value": -2.099135175931671}, "max_forward_velocity": 0.8547671571827284, "turning_speed_ratio": 0.11437064993537546, "sharp_turn_forward_velocity": 1.8579886668526298, "sharp_turn_angular_velocity": 2.016264115162821}