{"pid_speed_parameters": {"proportional_gain": 1.6377296006404356, "integral_gain": 0.0032184402317187843, "derivative_gain": 0.04581202116902357, "max_value": 99.18783294169137, "min_value": 0.91549622032894}, "pid_steer_parameters": {"proportional_gain": 1.7441310986122431, "integral_gain": 0.06275280444698744, "derivative_gain": 0.058763287439593775, "max_value": 2.01098890297882, "min_value": -1.9844887891991125}, "max_forward_velocity": 0.9222864141085818, "turning_speed_ratio": 0.998679036238618, "sharp_turn_forward_velocity": 1.4158514852672914, "sharp_turn_angular_velocity": 2.6008105544640863}