{"pid_speed_parameters": {"proportional_gain": 1.8145377617389273, "integral_gain": 0.09895821307998447, "derivative_gain": 0.06765139657616537, "max_value": 101.93931160799903, "min_value": 0.41787234948588814}, "pid_steer_parameters": {"proportional_gain": 2.5814033728346604, "integral_gain": 0.004699347459503876, "derivative_gain": 1.1761756332033837e-06, "max_value": 2.031766444674896, "min_value": -1.9433516682417764}, "max_forward_velocity": 1.1938712375658647, "turning_speed_ratio": 0.31252512493701645, "sharp_turn_forward_velocity": 1.9954928760602735, "sharp_turn_angular_velocity": 2.5909703607631873}