{"pid_speed_parameters": {"proportional_gain": 1.1760438127683202, "integral_gain": 0.032560140014363435, "derivative_gain": 0.021980150355605074, "max_value": 99.68705581042911, "min_value": 0.7480983649072808}, "pid_steer_parameters": {"proportional_gain": 1.980898734009163, "integral_gain": 0.0009459169414733896, "derivative_gain": 0.03848231605156836, "max_value": 1.988393058211173, "min_value": -2.0468620799138346}, "max_forward_velocity": 1.5721160737545425, "turning_speed_ratio": 0.03933009136534941, "sharp_turn_forward_velocity": 0.9290001350097234, "sharp_turn_angular_velocity": 1.7357148297664444}