{"pid_speed_parameters": {"proportional_gain": 2.012123054069062, "integral_gain": 0.09691966372794221, "derivative_gain": 0.07260765016313928, "max_value": 101.49357611320056, "min_value": 0.025215809673333294}, "pid_steer_parameters": {"proportional_gain": 2.070549032301726, "integral_gain": 0.0025846865521869183, "derivative_gain": 0.016138192329836373, "max_value": 1.9779454365926363, "min_value": -2.0962937698591766}, "max_forward_velocity": 1.0370614359719852, "turning_speed_ratio": 0.23969131367384455, "sharp_turn_forward_velocity": 1.9799274759375207, "sharp_turn_angular_velocity": 2.1661149122249936}