{"pid_speed_parameters": {"proportional_gain": 2.302006506347884, "integral_gain": 0.08055774129879768, "derivative_gain": 0.07421128690452333, "max_value": 101.5173800686519, "min_value": 9.705229056221504e-05}, "pid_steer_parameters": {"proportional_gain": 2.475307217853999, "integral_gain": 9.512247174621631e-05, "derivative_gain": 0.02193898809956698, "max_value": 2.018270863117447, "min_value": -2.0965907631616907}, "max_forward_velocity": 0.680065989652487, "turning_speed_ratio": 0.7152378326782948, "sharp_turn_forward_velocity": 1.9408708651097308, "sharp_turn_angular_velocity": 2.3078873322081543}