{"pid_speed_parameters": {"proportional_gain": 2.108102117583069, "integral_gain": 0.07338663299745021, "derivative_gain": 0.06953509018635279, "max_value": 101.39823336723151, "min_value": 0.011021003802324153}, "pid_steer_parameters": {"proportional_gain": 2.1050127363789417, "integral_gain": 0.025943912449933795, "derivative_gain": 0.010257485633569648, "max_value": 1.9440257529322829, "min_value": -2.09553057807305}, "max_forward_velocity": 1.2293503715141847, "turning_speed_ratio": 0.44006922813846594, "sharp_turn_forward_velocity": 1.5775883739749788, "sharp_turn_angular_velocity": 1.841263294815379}