{"pid_speed_parameters": {"proportional_gain": 1.9214231148953012, "integral_gain": 0.0923777367763314, "derivative_gain": 0.03771145691837916, "max_value": 101.2416418187773, "min_value": 0.08359169100556754}, "pid_steer_parameters": {"proportional_gain": 2.608910147167033, "integral_gain": 0.004071938558812937, "derivative_gain": 8.23956342664724e-06, "max_value": 1.9186681779261208, "min_value": -2.096183535763639}, "max_forward_velocity": 0.6966792749274293, "turning_speed_ratio": 0.2043405824792615, "sharp_turn_forward_velocity": 1.0217331713864723, "sharp_turn_angular_velocity": 2.56505972856159}