{"pid_speed_parameters": {"proportional_gain": 1.9434351075458485, "integral_gain": 0.09934122961771234, "derivative_gain": 0.08747042912631953, "max_value": 101.70990687385317, "min_value": 0.01703616043495816}, "pid_steer_parameters": {"proportional_gain": 2.2165118632632215, "integral_gain": 0.020418441885864756, "derivative_gain": 0.0026825793336611556, "max_value": 2.0158606339946723, "min_value": -2.0930351772593143}, "max_forward_velocity": 0.9228025714301391, "turning_speed_ratio": 0.3796288571821788, "sharp_turn_forward_velocity": 1.9846252454577007, "sharp_turn_angular_velocity": 2.2777259484284738}