{"pid_speed_parameters": {"proportional_gain": 1.936355870872449, "integral_gain": 0.07490357804544376, "derivative_gain": 0.07254324249091652, "max_value": 101.55236349707546, "min_value": 0.1086216106019044}, "pid_steer_parameters": {"proportional_gain": 2.1520129746287093, "integral_gain": 0.04709875721604676, "derivative_gain": 0.012746759296749625, "max_value": 1.9307592908036189, "min_value": -2.089876661994541}, "max_forward_velocity": 1.3211817266613128, "turning_speed_ratio": 0.44806411846300154, "sharp_turn_forward_velocity": 1.6194142674052676, "sharp_turn_angular_velocity": 1.7582350247680893}