{"pid_speed_parameters": {"proportional_gain": 1.8798303843278883, "integral_gain": 0.09888816298626062, "derivative_gain": 0.08817991651231119, "max_value": 101.32339680794583, "min_value": 0.18275750497324444}, "pid_steer_parameters": {"proportional_gain": 2.241768958591171, "integral_gain": 0.004281787191843761, "derivative_gain": 0.009857473672040918, "max_value": 1.9661817833040074, "min_value": -2.099122877473202}, "max_forward_velocity": 1.08081148194558, "turning_speed_ratio": 0.34618177168188335, "sharp_turn_forward_velocity": 1.994078222648836, "sharp_turn_angular_velocity": 2.363093346389227}