{"pid_speed_parameters": {"proportional_gain": 1.900981042007355, "integral_gain": 0.09436804574946467, "derivative_gain": 0.06218972431616571, "max_value": 101.60695291947361, "min_value": 0.0005391235531297228}, "pid_steer_parameters": {"proportional_gain": 2.2292206674081294, "integral_gain": 0.012743824975330267, "derivative_gain": 0.008149085366726646, "max_value": 2.0035661432307683, "min_value": -2.095436332620113}, "max_forward_velocity": 0.9637202065381625, "turning_speed_ratio": 0.3325814305193084, "sharp_turn_forward_velocity": 1.5684637414875735, "sharp_turn_angular_velocity": 1.885451289676717}