{"pid_speed_parameters": {"proportional_gain": 2.0668444321035766, "integral_gain": 0.06361017235515146, "derivative_gain": 0.08013644752997298, "max_value": 101.52172499682568, "min_value": 0.031134609772411462}, "pid_steer_parameters": {"proportional_gain": 1.998955267941615, "integral_gain": 0.0407796363651374, "derivative_gain": 0.0050877172190775845, "max_value": 1.9366325177812937, "min_value": -2.087380556008482}, "max_forward_velocity": 1.2333473101103622, "turning_speed_ratio": 0.6719671982062144, "sharp_turn_forward_velocity": 1.5252317825639945, "sharp_turn_angular_velocity": 1.716838370515251}