{"pid_speed_parameters": {"proportional_gain": 2.188886351425629, "integral_gain": 0.09507870281797225, "derivative_gain": 0.08323286089066288, "max_value": 101.26571255667692, "min_value": 0.03795377243676906}, "pid_steer_parameters": {"proportional_gain": 1.9728142111899838, "integral_gain": 0.0034212047635833885, "derivative_gain": 0.01112223199424194, "max_value": 2.015808371138982, "min_value": -2.0999028620238613}, "max_forward_velocity": 1.1066957952300964, "turning_speed_ratio": 0.483617098294316, "sharp_turn_forward_velocity": 1.5813491765807695, "sharp_turn_angular_velocity": 2.4361177091532653}