{"pid_speed_parameters": {"proportional_gain": 1.200798674553456, "integral_gain": 0.08983166318259937, "derivative_gain": 0.056248524546043725, "max_value": 100.72199624990658, "min_value": 0.009165497147541807}, "pid_steer_parameters": {"proportional_gain": 2.975254785547575, "integral_gain": 0.00029957798368297214, "derivative_gain": 0.007113041111823778, "max_value": 2.0796118103683265, "min_value": -1.9630575384801388}, "max_forward_velocity": 1.2306591658122532, "turning_speed_ratio": 0.01139118326124265, "sharp_turn_forward_velocity": 1.9962187013573571, "sharp_turn_angular_velocity": 2.283628110376261}