{"pid_speed_parameters": {"proportional_gain": 2.936335485396586, "integral_gain": 0.07812528278904593, "derivative_gain": 0.08106273612633155, "max_value": 99.49730195886991, "min_value": 0.9720951278173223}, "pid_steer_parameters": {"proportional_gain": 2.9981777362257818, "integral_gain": 0.001052194791738007, "derivative_gain": 0.001437340615016122, "max_value": 1.9508600996923144, "min_value": -2.0610427954401396}, "max_forward_velocity": 1.9059504852699716, "turning_speed_ratio": 0.005054313255194221, "sharp_turn_forward_velocity": 1.197771231384825, "sharp_turn_angular_velocity": 1.9539966600224803}