{"pid_speed_parameters": {"proportional_gain": 1.8978102599057942, "integral_gain": 0.057567446411414244, "derivative_gain": 0.07978944901063939, "max_value": 101.52165245038648, "min_value": 0.17434776393514917}, "pid_steer_parameters": {"proportional_gain": 1.9742361754845403, "integral_gain": 0.026185448669139223, "derivative_gain": 0.0044626417041566425, "max_value": 1.968844043927532, "min_value": -2.0851474988144676}, "max_forward_velocity": 1.0950575662775823, "turning_speed_ratio": 0.6104099300053413, "sharp_turn_forward_velocity": 1.8052388674328228, "sharp_turn_angular_velocity": 2.157798672139747}