{"pid_speed_parameters": {"proportional_gain": 1.8104243770124009, "integral_gain": 0.09775632437716673, "derivative_gain": 0.07153000670914102, "max_value": 101.75265929996394, "min_value": 0.054440017852540074}, "pid_steer_parameters": {"proportional_gain": 2.3206589770145167, "integral_gain": 0.0147502357186042, "derivative_gain": 0.004310480778676954, "max_value": 1.9916544229268645, "min_value": -2.0983444914076226}, "max_forward_velocity": 0.9640595348872014, "turning_speed_ratio": 0.3359439159856378, "sharp_turn_forward_velocity": 1.9085998441236274, "sharp_turn_angular_velocity": 2.0468952991857896}