{"pid_speed_parameters": {"proportional_gain": 2.0122397263740126, "integral_gain": 0.09993975904516009, "derivative_gain": 0.07991037114314259, "max_value": 101.4845685318593, "min_value": 0.1764004051390593}, "pid_steer_parameters": {"proportional_gain": 2.1303255051001395, "integral_gain": 0.012665433372941126, "derivative_gain": 0.007401777860547477, "max_value": 1.997353252482829, "min_value": -2.0968031412923778}, "max_forward_velocity": 0.8177125531093354, "turning_speed_ratio": 0.48542079503604574, "sharp_turn_forward_velocity": 1.968704724939498, "sharp_turn_angular_velocity": 2.27400178740538}