{"pid_speed_parameters": {"proportional_gain": 1.6872676224918874, "integral_gain": 0.09999896671062283, "derivative_gain": 0.07771326157423336, "max_value": 101.41662895659408, "min_value": 0.31911547667769535}, "pid_steer_parameters": {"proportional_gain": 2.2618396744334968, "integral_gain": 0.0001763034060825, "derivative_gain": 0.006089726505073322, "max_value": 1.9106547148766426, "min_value": -2.09982063855363}, "max_forward_velocity": 0.7992139335582613, "turning_speed_ratio": 0.018753424873088773, "sharp_turn_forward_velocity": 1.5280346391754016, "sharp_turn_angular_velocity": 1.7542866867723208}