{"pid_speed_parameters": {"proportional_gain": 1.842584346316203, "integral_gain": 0.09411352534972042, "derivative_gain": 0.07175378687061114, "max_value": 101.46442881459555, "min_value": 0.009261689112571693}, "pid_steer_parameters": {"proportional_gain": 2.1870724072790813, "integral_gain": 0.013722744470773204, "derivative_gain": 0.002725214222666754, "max_value": 1.9938604818122347, "min_value": -2.0886904221725877}, "max_forward_velocity": 0.9158814795284198, "turning_speed_ratio": 0.4716037741214679, "sharp_turn_forward_velocity": 1.79493803315586, "sharp_turn_angular_velocity": 1.9863762889702614}