{"pid_speed_parameters": {"proportional_gain": 1.8747733193711362, "integral_gain": 0.09837026172265823, "derivative_gain": 0.09274443802347357, "max_value": 101.21660192397334, "min_value": 0.17100347824847462}, "pid_steer_parameters": {"proportional_gain": 1.8590777643161778, "integral_gain": 0.015331307274243705, "derivative_gain": 0.013466286057828408, "max_value": 1.985862035210128, "min_value": -2.097153222122711}, "max_forward_velocity": 0.962208539354855, "turning_speed_ratio": 0.18792735131412325, "sharp_turn_forward_velocity": 1.861387636743353, "sharp_turn_angular_velocity": 2.0701985748734297}