{"pid_speed_parameters": {"proportional_gain": 2.043698204596631, "integral_gain": 0.07456261358094741, "derivative_gain": 0.07614477379833218, "max_value": 101.43896462179715, "min_value": 0.011044377919698076}, "pid_steer_parameters": {"proportional_gain": 2.1251211693862295, "integral_gain": 0.030791333519863892, "derivative_gain": 0.0052794252930345575, "max_value": 1.9382040841748287, "min_value": -2.09976270761566}, "max_forward_velocity": 1.2718126776733973, "turning_speed_ratio": 0.5589208438991969, "sharp_turn_forward_velocity": 1.937055728820001, "sharp_turn_angular_velocity": 2.04010567005359}