{"pid_speed_parameters": {"proportional_gain": 1.9668257414247763, "integral_gain": 0.06965773798056583, "derivative_gain": 0.07542526758102146, "max_value": 101.8127725602369, "min_value": 0.08546078377959432}, "pid_steer_parameters": {"proportional_gain": 2.3714112891382992, "integral_gain": 0.02955921076525591, "derivative_gain": 0.006233339816781891, "max_value": 1.9486848299215045, "min_value": -2.0994680847781124}, "max_forward_velocity": 1.13799165831149, "turning_speed_ratio": 0.5479457935409537, "sharp_turn_forward_velocity": 1.4234512303817348, "sharp_turn_angular_velocity": 1.7202245653399686}