{"pid_speed_parameters": {"proportional_gain": 1.7516537710269207, "integral_gain": 0.09998432877105287, "derivative_gain": 0.08714655466058109, "max_value": 101.34638735295094, "min_value": 0.1772029530741409}, "pid_steer_parameters": {"proportional_gain": 2.5394563969416466, "integral_gain": 0.01678997082834714, "derivative_gain": 0.002933658131018829, "max_value": 2.0006971767669697, "min_value": -2.092931800317784}, "max_forward_velocity": 0.9221295013516437, "turning_speed_ratio": 0.26715168648890253, "sharp_turn_forward_velocity": 1.7187720622619627, "sharp_turn_angular_velocity": 2.2886917804112867}