{"pid_speed_parameters": {"proportional_gain": 1.7968395784690532, "integral_gain": 0.08751769131785098, "derivative_gain": 0.0758915076292585, "max_value": 101.5727017195642, "min_value": 0.03888770508218808}, "pid_steer_parameters": {"proportional_gain": 2.251672239760418, "integral_gain": 0.01814804030532256, "derivative_gain": 0.002449954011667483, "max_value": 1.996349533670898, "min_value": -2.099884611277388}, "max_forward_velocity": 0.9953449097723199, "turning_speed_ratio": 0.3499957068899561, "sharp_turn_forward_velocity": 1.7303664041999491, "sharp_turn_angular_velocity": 2.0722782761027463}