{"pid_speed_parameters": {"proportional_gain": 2.126365724089787, "integral_gain": 0.08659131365449703, "derivative_gain": 0.07917753450879104, "max_value": 101.68481042507148, "min_value": 0.009211924601396883}, "pid_steer_parameters": {"proportional_gain": 1.938207530859892, "integral_gain": 0.02549950748696335, "derivative_gain": 0.013686966817421398, "max_value": 1.951973116809007, "min_value": -2.083997070133552}, "max_forward_velocity": 1.0864394784876348, "turning_speed_ratio": 0.40800230206963706, "sharp_turn_forward_velocity": 1.8531271972362358, "sharp_turn_angular_velocity": 1.9700685684398622}