{"pid_speed_parameters": {"proportional_gain": 1.9062003393611768, "integral_gain": 0.0969245539120842, "derivative_gain": 0.0734897508419099, "max_value": 101.60121218628716, "min_value": 0.07282274345203585}, "pid_steer_parameters": {"proportional_gain": 2.303533528569295, "integral_gain": 0.012429526091829748, "derivative_gain": 0.0030854097194381778, "max_value": 2.0198460668110103, "min_value": -2.0932247299843456}, "max_forward_velocity": 0.8249441210241648, "turning_speed_ratio": 0.29200431612911937, "sharp_turn_forward_velocity": 1.6742448988495844, "sharp_turn_angular_velocity": 2.154503760686755}