{"pid_speed_parameters": {"proportional_gain": 1.5004509583310035, "integral_gain": 0.09595770141609994, "derivative_gain": 0.09110509489604962, "max_value": 101.30088513568191, "min_value": 0.00566109366849713}, "pid_steer_parameters": {"proportional_gain": 2.2721147960565182, "integral_gain": 0.009759268654450743, "derivative_gain": 0.002041340310154763, "max_value": 1.938993534906154, "min_value": -2.099929030674434}, "max_forward_velocity": 0.9476212811676143, "turning_speed_ratio": 0.23012322090237292, "sharp_turn_forward_velocity": 1.7093025950719833, "sharp_turn_angular_velocity": 2.443318993720106}