{"pid_speed_parameters": {"proportional_gain": 2.351274730534131, "integral_gain": 0.09668410261106729, "derivative_gain": 0.07816656501277319, "max_value": 101.24697105931092, "min_value": 0.13276286720011854}, "pid_steer_parameters": {"proportional_gain": 2.148975719261719, "integral_gain": 0.008131812675931816, "derivative_gain": 0.0043898128724993305, "max_value": 2.0323895576667783, "min_value": -2.0960295676246057}, "max_forward_velocity": 0.9583824403186383, "turning_speed_ratio": 0.44936561344105674, "sharp_turn_forward_velocity": 1.952925274620308, "sharp_turn_angular_velocity": 2.2998627388951007}