{"pid_speed_parameters": {"proportional_gain": 2.2583961065333824, "integral_gain": 0.04963663209108767, "derivative_gain": 0.02297421475987838, "max_value": 100.25499291089038, "min_value": 0.9979739452084474}, "pid_steer_parameters": {"proportional_gain": 2.839193633572231, "integral_gain": 0.0124637785323311, "derivative_gain": 0.02456973650105533, "max_value": 1.924088824256437, "min_value": -1.9945255748851223}, "max_forward_velocity": 1.2364667966704441, "turning_speed_ratio": 0.3387594912201078, "sharp_turn_forward_velocity": 0.58901731859645, "sharp_turn_angular_velocity": 2.225985853759472}