{"pid_speed_parameters": {"proportional_gain": 1.6126877072817065, "integral_gain": 0.09893716531861599, "derivative_gain": 0.07770106519696707, "max_value": 101.78472567510258, "min_value": 0.24512593211448686}, "pid_steer_parameters": {"proportional_gain": 2.3514537533375566, "integral_gain": 0.019590619489137588, "derivative_gain": 0.009023786022588434, "max_value": 2.0012379309619037, "min_value": -2.0948950469820864}, "max_forward_velocity": 0.7989607221336184, "turning_speed_ratio": 0.4417503790795523, "sharp_turn_forward_velocity": 1.7481958625419545, "sharp_turn_angular_velocity": 2.0957243519455178}