{"pid_speed_parameters": {"proportional_gain": 1.8547914076204641, "integral_gain": 0.08674068112335218, "derivative_gain": 0.08108723910162306, "max_value": 101.87387588480476, "min_value": 0.09062968424818574}, "pid_steer_parameters": {"proportional_gain": 2.175512758719906, "integral_gain": 0.03958021686761612, "derivative_gain": 0.0022904103432042004, "max_value": 1.9944654817393355, "min_value": -2.084917833569917}, "max_forward_velocity": 1.1223418116021195, "turning_speed_ratio": 0.20738083191391254, "sharp_turn_forward_velocity": 1.3131332402922649, "sharp_turn_angular_velocity": 1.8304387875252779}