{"pid_speed_parameters": {"proportional_gain": 1.6265506201156898, "integral_gain": 0.08787892358642713, "derivative_gain": 0.07437866292353028, "max_value": 101.75307255626392, "min_value": 0.0662930421070832}, "pid_steer_parameters": {"proportional_gain": 2.2565171795977865, "integral_gain": 0.016189903749500602, "derivative_gain": 0.0014879362893337829, "max_value": 2.0132600368589024, "min_value": -2.099998085448601}, "max_forward_velocity": 0.8830160417152881, "turning_speed_ratio": 0.4529915725850324, "sharp_turn_forward_velocity": 1.6333272184844903, "sharp_turn_angular_velocity": 2.0820013796788253}