{"pid_speed_parameters": {"proportional_gain": 1.5971218297776502, "integral_gain": 0.09092302795815302, "derivative_gain": 0.06339201714819691, "max_value": 101.29762771234063, "min_value": 0.17661536547950632}, "pid_steer_parameters": {"proportional_gain": 2.8825980313462685, "integral_gain": 0.004061067822901932, "derivative_gain": 0.003155595531843516, "max_value": 2.026361276208098, "min_value": -2.0220093202139444}, "max_forward_velocity": 0.4652446217102213, "turning_speed_ratio": 0.33850702289395823, "sharp_turn_forward_velocity": 1.7195170529833106, "sharp_turn_angular_velocity": 2.341259411503196}