{"pid_speed_parameters": {"proportional_gain": 1.0764335770881754, "integral_gain": 0.029232720691872275, "derivative_gain": 0.01124134834740919, "max_value": 100.0863369841364, "min_value": 0.6500562258468667}, "pid_steer_parameters": {"proportional_gain": 2.2426250573158018, "integral_gain": 0.0025577118046259117, "derivative_gain": 0.002307418905005369, "max_value": 1.9605371139443863, "min_value": -2.0103457023549947}, "max_forward_velocity": 1.9158035951736585, "turning_speed_ratio": 0.35648828960420254, "sharp_turn_forward_velocity": 0.7634955101269519, "sharp_turn_angular_velocity": 2.6999938364751346}