{"pid_speed_parameters": {"proportional_gain": 2.35993529875652, "integral_gain": 0.0813256416940749, "derivative_gain": 0.07244167174765076, "max_value": 101.39005948946928, "min_value": 0.08468838047811131}, "pid_steer_parameters": {"proportional_gain": 2.0670165638319733, "integral_gain": 0.022571970546285385, "derivative_gain": 0.013633807292243652, "max_value": 1.9421737686301486, "min_value": -2.07940134906823}, "max_forward_velocity": 1.0552605629698437, "turning_speed_ratio": 0.46721348967004184, "sharp_turn_forward_velocity": 1.8436291260255064, "sharp_turn_angular_velocity": 1.950975908438589}