{"pid_speed_parameters": {"proportional_gain": 2.463704626125544, "integral_gain": 0.0992512472800389, "derivative_gain": 0.08228498551959994, "max_value": 101.37868840593312, "min_value": 0.03288921755597888}, "pid_steer_parameters": {"proportional_gain": 1.9223449593896609, "integral_gain": 0.002302630819490727, "derivative_gain": 0.013519903158203807, "max_value": 2.014125531216387, "min_value": -2.0995559341524848}, "max_forward_velocity": 0.9599501142457898, "turning_speed_ratio": 0.55203487853927, "sharp_turn_forward_velocity": 1.9882735705326362, "sharp_turn_angular_velocity": 2.3699510341134684}