{"pid_speed_parameters": {"proportional_gain": 1.6668705826929404, "integral_gain": 0.0629273797082632, "derivative_gain": 0.0945326826790164, "max_value": 99.6069066906456, "min_value": 0.8580143171562763}, "pid_steer_parameters": {"proportional_gain": 2.8615290345746343, "integral_gain": 0.005306120952021387, "derivative_gain": 7.597588636368621e-06, "max_value": 2.0101722550459815, "min_value": -2.0370427538150873}, "max_forward_velocity": 1.6426880451091128, "turning_speed_ratio": 0.39158746053924054, "sharp_turn_forward_velocity": 0.31030687137545554, "sharp_turn_angular_velocity": 2.245842703417401}