{"pid_speed_parameters": {"proportional_gain": 2.2354642975648984, "integral_gain": 0.08975969571419373, "derivative_gain": 0.07208965487057525, "max_value": 101.25322752815335, "min_value": 0.18150522980129308}, "pid_steer_parameters": {"proportional_gain": 2.2139841103645863, "integral_gain": 0.0008005975081523454, "derivative_gain": 0.011669825044053296, "max_value": 1.9847580484879104, "min_value": -2.09862428981681}, "max_forward_velocity": 1.0193982395686847, "turning_speed_ratio": 0.37309878060465407, "sharp_turn_forward_velocity": 1.9268263184371133, "sharp_turn_angular_velocity": 2.257434494235325}