{"pid_speed_parameters": {"proportional_gain": 1.893895338636868, "integral_gain": 0.07827963422287072, "derivative_gain": 0.06041679884779967, "max_value": 99.71171841105625, "min_value": 0.40613969712737547}, "pid_steer_parameters": {"proportional_gain": 2.980641862141821, "integral_gain": 0.0006470818007455573, "derivative_gain": 0.039716730498470264, "max_value": 1.9958614178881313, "min_value": -1.9084680359674897}, "max_forward_velocity": 1.3149718376840716, "turning_speed_ratio": 0.03446235154556197, "sharp_turn_forward_velocity": 0.3909107185455386, "sharp_turn_angular_velocity": 2.5121889623831843}