{"pid_speed_parameters": {"proportional_gain": 2.039899361633169, "integral_gain": 0.0762218735178136, "derivative_gain": 0.0733047078812675, "max_value": 101.77233764191594, "min_value": 0.04903798069932681}, "pid_steer_parameters": {"proportional_gain": 2.2167856561876653, "integral_gain": 0.01577675830046609, "derivative_gain": 0.004426234309515928, "max_value": 2.009609352531221, "min_value": -2.098923676287646}, "max_forward_velocity": 0.9368833479520506, "turning_speed_ratio": 0.40658449960430043, "sharp_turn_forward_velocity": 1.6745640958729295, "sharp_turn_angular_velocity": 2.0166065008002922}