{"pid_speed_parameters": {"proportional_gain": 2.2210775171433843, "integral_gain": 0.09509148953767117, "derivative_gain": 0.07579840298485763, "max_value": 101.48678414893533, "min_value": 0.07019889553303876}, "pid_steer_parameters": {"proportional_gain": 2.152106153539855, "integral_gain": 3.334048887584374e-05, "derivative_gain": 0.0073584873764546595, "max_value": 1.9838284387835308, "min_value": -2.097362715192785}, "max_forward_velocity": 0.9900898124408113, "turning_speed_ratio": 0.4915343469341029, "sharp_turn_forward_velocity": 1.9961979026283747, "sharp_turn_angular_velocity": 2.457651137790674}