{"pid_speed_parameters": {"proportional_gain": 1.9985724042394852, "integral_gain": 0.099775191682455, "derivative_gain": 0.06477541647593127, "max_value": 100.9987464787939, "min_value": 0.43405333397959645}, "pid_steer_parameters": {"proportional_gain": 2.731511379797993, "integral_gain": 0.004116648506854302, "derivative_gain": 0.007711120563784814, "max_value": 1.9935213615293832, "min_value": -2.092250615508181}, "max_forward_velocity": 0.21848121922390362, "turning_speed_ratio": 0.0678400539415184, "sharp_turn_forward_velocity": 1.4086455142443521, "sharp_turn_angular_velocity": 2.841313313464412}