{"pid_speed_parameters": {"proportional_gain": 2.5308002303362978, "integral_gain": 0.09805324095999192, "derivative_gain": 0.08362559915252883, "max_value": 101.14540015235009, "min_value": 0.01905266789557974}, "pid_steer_parameters": {"proportional_gain": 2.073157837256166, "integral_gain": 0.002843961672558598, "derivative_gain": 0.00982667153528009, "max_value": 2.022358270823388, "min_value": -2.099045757474258}, "max_forward_velocity": 1.1964473461214171, "turning_speed_ratio": 0.5452253779592997, "sharp_turn_forward_velocity": 1.9683093319841747, "sharp_turn_angular_velocity": 2.473674774533205}