{"pid_speed_parameters": {"proportional_gain": 2.356526296172758, "integral_gain": 0.0920163485400301, "derivative_gain": 0.07120098006306975, "max_value": 101.16460378654105, "min_value": 0.0671918623797074}, "pid_steer_parameters": {"proportional_gain": 2.452191010014282, "integral_gain": 0.00023181502866708858, "derivative_gain": 0.009050367260313793, "max_value": 2.0336498859753, "min_value": -2.095739998934078}, "max_forward_velocity": 0.6867686514040954, "turning_speed_ratio": 0.5244805118699163, "sharp_turn_forward_velocity": 1.9665948176776278, "sharp_turn_angular_velocity": 2.140666416987736}