{"pid_speed_parameters": {"proportional_gain": 2.0166413580910163, "integral_gain": 0.09865586598499358, "derivative_gain": 0.09288007974550222, "max_value": 101.13714973934688, "min_value": 0.12498149028587738}, "pid_steer_parameters": {"proportional_gain": 2.9519660023854355, "integral_gain": 5.710487877842255e-05, "derivative_gain": 0.0027202932105722228, "max_value": 2.039982695339594, "min_value": -2.080116238458376}, "max_forward_velocity": 0.2124980095208615, "turning_speed_ratio": 0.1501162905235634, "sharp_turn_forward_velocity": 1.8789952481836016, "sharp_turn_angular_velocity": 1.8136947483735613}