{"pid_speed_parameters": {"proportional_gain": 1.5249887269462827, "integral_gain": 0.09467589139161096, "derivative_gain": 0.07630976748900585, "max_value": 101.63904767836395, "min_value": 0.0741818413818624}, "pid_steer_parameters": {"proportional_gain": 2.4890460813113484, "integral_gain": 0.023382548806681017, "derivative_gain": 0.00264617037554215, "max_value": 1.9886405488571037, "min_value": -2.0988138436195602}, "max_forward_velocity": 0.8884853919672118, "turning_speed_ratio": 0.40378542843439136, "sharp_turn_forward_velocity": 1.8723061388123814, "sharp_turn_angular_velocity": 2.016276703994571}