{"pid_speed_parameters": {"proportional_gain": 1.5191865019640562, "integral_gain": 0.08422876986387746, "derivative_gain": 0.07264376010232147, "max_value": 101.81324770556765, "min_value": 0.17150672906322106}, "pid_steer_parameters": {"proportional_gain": 2.3452056759989293, "integral_gain": 0.022638862361341976, "derivative_gain": 0.0007115179963250955, "max_value": 2.003186076278065, "min_value": -2.098703076014636}, "max_forward_velocity": 1.1343300424390927, "turning_speed_ratio": 0.40612544837900855, "sharp_turn_forward_velocity": 1.6593324969856136, "sharp_turn_angular_velocity": 2.0673936250384872}