{"pid_speed_parameters": {"proportional_gain": 1.9473117784790417, "integral_gain": 0.08414050119181168, "derivative_gain": 0.06370970299561993, "max_value": 101.90934882312536, "min_value": 0.02821863895770469}, "pid_steer_parameters": {"proportional_gain": 2.233786503959866, "integral_gain": 0.0067091798554696795, "derivative_gain": 0.018993853358807346, "max_value": 1.992456553785089, "min_value": -2.099551923638625}, "max_forward_velocity": 1.017391514912112, "turning_speed_ratio": 0.03176298110599296, "sharp_turn_forward_velocity": 1.5000579482171057, "sharp_turn_angular_velocity": 2.3899395718438696}