{"pid_speed_parameters": {"proportional_gain": 2.0950818491693664, "integral_gain": 0.09999898361903181, "derivative_gain": 0.08459695190731198, "max_value": 101.58539263754689, "min_value": 0.15585678894518973}, "pid_steer_parameters": {"proportional_gain": 2.2281080426302338, "integral_gain": 0.018153836575156627, "derivative_gain": 0.009174966829344855, "max_value": 2.0098055460708855, "min_value": -2.0993111415125947}, "max_forward_velocity": 0.9248459240398321, "turning_speed_ratio": 0.40961155788285, "sharp_turn_forward_velocity": 1.8439408546466263, "sharp_turn_angular_velocity": 2.1119050771010532}