{"pid_speed_parameters": {"proportional_gain": 2.527623655287737, "integral_gain": 0.09605364870538906, "derivative_gain": 0.08232485842710227, "max_value": 101.11268235260562, "min_value": 0.02337260379081237}, "pid_steer_parameters": {"proportional_gain": 2.0078787894326733, "integral_gain": 0.003954433122272349, "derivative_gain": 0.005909451764380066, "max_value": 2.0056613099569467, "min_value": -2.098377147920747}, "max_forward_velocity": 0.9941644341354436, "turning_speed_ratio": 0.5659474827004051, "sharp_turn_forward_velocity": 1.6443391874735276, "sharp_turn_angular_velocity": 2.2265136130885788}