{"pid_speed_parameters": {"proportional_gain": 2.018122712460622, "integral_gain": 0.06494332078232343, "derivative_gain": 0.07722412488971633, "max_value": 101.29331669079768, "min_value": 0.010613386473048896}, "pid_steer_parameters": {"proportional_gain": 2.0343327070503494, "integral_gain": 0.04282801188447179, "derivative_gain": 0.008315797340299138, "max_value": 1.9310411672976167, "min_value": -2.085084302371393}, "max_forward_velocity": 1.2079795675470841, "turning_speed_ratio": 0.25796665668596286, "sharp_turn_forward_velocity": 1.8708375665284114, "sharp_turn_angular_velocity": 1.774623100118312}