{"pid_speed_parameters": {"proportional_gain": 2.282499532896149, "integral_gain": 0.09494034057071353, "derivative_gain": 0.07401993485804546, "max_value": 101.29092428906857, "min_value": 0.05394027175511287}, "pid_steer_parameters": {"proportional_gain": 2.06077642289345, "integral_gain": 0.002934366686628621, "derivative_gain": 0.011861012758598197, "max_value": 1.9621319815411797, "min_value": -2.099999887599797}, "max_forward_velocity": 0.9086787602427164, "turning_speed_ratio": 0.12194629560983214, "sharp_turn_forward_velocity": 1.9569045679259973, "sharp_turn_angular_velocity": 2.0094416145687664}