{"pid_speed_parameters": {"proportional_gain": 1.509652745005687, "integral_gain": 0.08872113726778255, "derivative_gain": 0.07602709702365622, "max_value": 101.89571681505832, "min_value": 0.4126009598573618}, "pid_steer_parameters": {"proportional_gain": 2.2545473223722676, "integral_gain": 0.017299977425862617, "derivative_gain": 0.005679222454046829, "max_value": 1.9421799045105237, "min_value": -2.0461131456806054}, "max_forward_velocity": 1.2048537691885752, "turning_speed_ratio": 0.07198850834187169, "sharp_turn_forward_velocity": 1.353846982759341, "sharp_turn_angular_velocity": 2.315072131488994}