{"pid_speed_parameters": {"proportional_gain": 2.1810031235499006, "integral_gain": 0.09904149900377343, "derivative_gain": 0.08707019197678882, "max_value": 101.38963916000093, "min_value": 0.006467091442811279}, "pid_steer_parameters": {"proportional_gain": 2.0381463744369466, "integral_gain": 0.006554186114537588, "derivative_gain": 0.0034612273980977244, "max_value": 2.027374526448298, "min_value": -2.093069571874273}, "max_forward_velocity": 1.0356385537235813, "turning_speed_ratio": 0.5194415826359022, "sharp_turn_forward_velocity": 1.919255341013089, "sharp_turn_angular_velocity": 2.3343987301138207}