{"pid_speed_parameters": {"proportional_gain": 2.0166078876710003, "integral_gain": 0.09937615652081193, "derivative_gain": 0.08821483726499853, "max_value": 101.91036164915576, "min_value": 0.3728737054342779}, "pid_steer_parameters": {"proportional_gain": 2.458705084061208, "integral_gain": 0.014629593889333306, "derivative_gain": 0.005099285156582605, "max_value": 1.945554055461113, "min_value": -2.0962533604637135}, "max_forward_velocity": 0.6681325839568828, "turning_speed_ratio": 0.02783962963513276, "sharp_turn_forward_velocity": 1.9855191145654163, "sharp_turn_angular_velocity": 2.2946917544058634}