{"pid_speed_parameters": {"proportional_gain": 1.9815487756825998, "integral_gain": 0.07196877689820116, "derivative_gain": 0.07470568893126918, "max_value": 101.84991782158595, "min_value": 0.14420295619079493}, "pid_steer_parameters": {"proportional_gain": 2.119806592818273, "integral_gain": 0.025201506384719102, "derivative_gain": 0.0060537059758374, "max_value": 1.9717028300852397, "min_value": -2.0834535173511473}, "max_forward_velocity": 1.0407652784237298, "turning_speed_ratio": 0.5124146851802749, "sharp_turn_forward_velocity": 1.6468346894423838, "sharp_turn_angular_velocity": 1.853643368595556}