{"pid_speed_parameters": {"proportional_gain": 2.2400814286417354, "integral_gain": 0.09818783606636503, "derivative_gain": 0.08725075407143325, "max_value": 100.18503294440684, "min_value": 0.5466979070910855}, "pid_steer_parameters": {"proportional_gain": 2.6632647955702495, "integral_gain": 0.018016032564102998, "derivative_gain": 0.004538742217799019, "max_value": 2.0157660875551238, "min_value": -1.926275140513468}, "max_forward_velocity": 1.9605078172426433, "turning_speed_ratio": 0.47411742330334616, "sharp_turn_forward_velocity": 1.9358558174221232, "sharp_turn_angular_velocity": 2.8825543312180444}