{"pid_speed_parameters": {"proportional_gain": 2.1990111400113905, "integral_gain": 0.09932268080719593, "derivative_gain": 0.08063932958857105, "max_value": 101.48047841173762, "min_value": 0.07734569106321204}, "pid_steer_parameters": {"proportional_gain": 2.3867651547174367, "integral_gain": 0.005083046383901991, "derivative_gain": 0.013761027107911456, "max_value": 2.0031703663031983, "min_value": -2.0980848711301774}, "max_forward_velocity": 0.7065475810131092, "turning_speed_ratio": 0.2896823618717306, "sharp_turn_forward_velocity": 1.851959186981053, "sharp_turn_angular_velocity": 2.2861553255236324}