{"pid_speed_parameters": {"proportional_gain": 2.3886626931805877, "integral_gain": 0.09931630436311811, "derivative_gain": 0.08621560194127467, "max_value": 101.78796860138611, "min_value": 0.10275259116658342}, "pid_steer_parameters": {"proportional_gain": 2.214643797837816, "integral_gain": 0.0029230677385418376, "derivative_gain": 0.008548941033763195, "max_value": 2.036954166529858, "min_value": -2.099382441091814}, "max_forward_velocity": 0.7050419081067525, "turning_speed_ratio": 0.5918598218499679, "sharp_turn_forward_velocity": 1.9619228978161527, "sharp_turn_angular_velocity": 2.1131367763229254}