{"pid_speed_parameters": {"proportional_gain": 2.1482979058925826, "integral_gain": 0.09999614452716292, "derivative_gain": 0.08419251544377467, "max_value": 101.57936939698136, "min_value": 0.35235769573073256}, "pid_steer_parameters": {"proportional_gain": 2.7083672232813534, "integral_gain": 0.0007788612206014269, "derivative_gain": 0.013458111021499618, "max_value": 1.9663265034202777, "min_value": -2.099402361602866}, "max_forward_velocity": 0.8519391489576598, "turning_speed_ratio": 0.44613532800545264, "sharp_turn_forward_velocity": 1.9872204152150024, "sharp_turn_angular_velocity": 2.4785198139511913}