{"pid_speed_parameters": {"proportional_gain": 1.7272451032448295, "integral_gain": 0.09839995109382615, "derivative_gain": 0.07595800310167147, "max_value": 101.16776758895874, "min_value": 0.002491061791661668}, "pid_steer_parameters": {"proportional_gain": 2.2729786452611904, "integral_gain": 0.006537887582378703, "derivative_gain": 0.01274452832632632, "max_value": 1.9817980018726842, "min_value": -2.0986544596571015}, "max_forward_velocity": 1.1668032832971489, "turning_speed_ratio": 0.29733956793264354, "sharp_turn_forward_velocity": 1.786054000151621, "sharp_turn_angular_velocity": 2.4078947121360526}