{"pid_speed_parameters": {"proportional_gain": 1.7872136873473305, "integral_gain": 0.07748092156655284, "derivative_gain": 0.07794706922286801, "max_value": 101.67604482327371, "min_value": 0.14372474524019557}, "pid_steer_parameters": {"proportional_gain": 1.9020381386594778, "integral_gain": 0.02930581486283437, "derivative_gain": 0.0030886607022100926, "max_value": 1.9691009223365856, "min_value": -2.0768825024553155}, "max_forward_velocity": 1.2848348402840986, "turning_speed_ratio": 0.663138899899458, "sharp_turn_forward_velocity": 1.6925203938508118, "sharp_turn_angular_velocity": 1.8605740770087063}