{"pid_speed_parameters": {"proportional_gain": 2.2858892953609136, "integral_gain": 0.09920207668299219, "derivative_gain": 0.08083054018544779, "max_value": 101.03466490700328, "min_value": 0.0007374553944745392}, "pid_steer_parameters": {"proportional_gain": 2.2427802730653963, "integral_gain": 2.4554864104708728e-05, "derivative_gain": 0.015549385796457047, "max_value": 1.9726323109100024, "min_value": -2.0999662990833166}, "max_forward_velocity": 1.1289424638040908, "turning_speed_ratio": 0.22868537422694185, "sharp_turn_forward_velocity": 1.9580399251130027, "sharp_turn_angular_velocity": 2.0236428916589664}