{"pid_speed_parameters": {"proportional_gain": 1.145871905422156, "integral_gain": 0.09973234925859857, "derivative_gain": 0.08480113552461091, "max_value": 101.56668434737828, "min_value": 0.1426180314446101}, "pid_steer_parameters": {"proportional_gain": 2.5768959484870604, "integral_gain": 0.017886598801433343, "derivative_gain": 0.00029320195691815695, "max_value": 1.9887929677068166, "min_value": -2.095955644506026}, "max_forward_velocity": 1.5081086186109298, "turning_speed_ratio": 0.4225088531079547, "sharp_turn_forward_velocity": 1.5434791256497253, "sharp_turn_angular_velocity": 2.0348581589784027}