{"pid_speed_parameters": {"proportional_gain": 1.616178842613764, "integral_gain": 0.09955141165101346, "derivative_gain": 0.09750451911398446, "max_value": 101.30384428091568, "min_value": 0.3807229659424882}, "pid_steer_parameters": {"proportional_gain": 2.20272458988687, "integral_gain": 0.016340945413740152, "derivative_gain": 0.0034589150542693897, "max_value": 1.9784421211369891, "min_value": -2.099853446855964}, "max_forward_velocity": 0.6698086698945489, "turning_speed_ratio": 0.020744940810889168, "sharp_turn_forward_velocity": 1.7797152543479238, "sharp_turn_angular_velocity": 2.3245530732955477}