{"pid_speed_parameters": {"proportional_gain": 1.8893481467439606, "integral_gain": 0.08177411178925752, "derivative_gain": 0.08190199656332292, "max_value": 101.83416333282955, "min_value": 0.25136515974316975}, "pid_steer_parameters": {"proportional_gain": 1.9595225992039456, "integral_gain": 0.02346278067660311, "derivative_gain": 0.005044270535316912, "max_value": 1.985658449779506, "min_value": -2.071980938331326}, "max_forward_velocity": 1.2951505037666544, "turning_speed_ratio": 0.436165705210235, "sharp_turn_forward_velocity": 1.94277627791321, "sharp_turn_angular_velocity": 2.1817682457759404}