{"pid_speed_parameters": {"proportional_gain": 2.267920891067086, "integral_gain": 0.09662604347831222, "derivative_gain": 0.07926317994298256, "max_value": 101.45023196556977, "min_value": 0.010748652409018882}, "pid_steer_parameters": {"proportional_gain": 2.020020043540355, "integral_gain": 0.00446036374318578, "derivative_gain": 0.007815694911436919, "max_value": 2.0310734590912625, "min_value": -2.0991607566143804}, "max_forward_velocity": 1.078712748638225, "turning_speed_ratio": 0.5200923826730901, "sharp_turn_forward_velocity": 1.737219100990527, "sharp_turn_angular_velocity": 2.2154420391615366}