{"pid_speed_parameters": {"proportional_gain": 1.000341678717559, "integral_gain": 0.09348015215964665, "derivative_gain": 0.033783183298686896, "max_value": 101.6124518785759, "min_value": 0.10055199696499964}, "pid_steer_parameters": {"proportional_gain": 2.4773557919878035, "integral_gain": 0.010637336487967138, "derivative_gain": 0.005697462392651416, "max_value": 2.0545795534414086, "min_value": -2.0061960040455453}, "max_forward_velocity": 0.8643742893369906, "turning_speed_ratio": 0.6405485146978408, "sharp_turn_forward_velocity": 1.1053397204084685, "sharp_turn_angular_velocity": 2.638537186664637}