{"pid_speed_parameters": {"proportional_gain": 1.8757362950238798, "integral_gain": 0.08060505732946915, "derivative_gain": 0.07298471747432708, "max_value": 101.84127871026108, "min_value": 0.13064107099816813}, "pid_steer_parameters": {"proportional_gain": 2.1586358972978, "integral_gain": 0.017689446229142633, "derivative_gain": 0.004305093768992979, "max_value": 2.010371732280375, "min_value": -2.0894410086839756}, "max_forward_velocity": 1.2458249261838648, "turning_speed_ratio": 0.5145879310403241, "sharp_turn_forward_velocity": 1.6491795757273495, "sharp_turn_angular_velocity": 1.9075228730575111}