{"pid_speed_parameters": {"proportional_gain": 2.072346090334559, "integral_gain": 0.07720701799074074, "derivative_gain": 0.07912453501555178, "max_value": 101.44016447239856, "min_value": 0.1788409835827871}, "pid_steer_parameters": {"proportional_gain": 2.2525690642180236, "integral_gain": 0.04832371115088983, "derivative_gain": 0.01242539353254326, "max_value": 1.9308231841786558, "min_value": -2.0960511578061105}, "max_forward_velocity": 1.222993326608868, "turning_speed_ratio": 0.6289680399348198, "sharp_turn_forward_velocity": 1.5241961939222073, "sharp_turn_angular_velocity": 1.792949735740474}