{"pid_speed_parameters": {"proportional_gain": 1.29300444687814, "integral_gain": 0.07189800263613103, "derivative_gain": 0.05182751413516986, "max_value": 101.31821131782193, "min_value": 0.7425587614697795}, "pid_steer_parameters": {"proportional_gain": 2.7488677091049007, "integral_gain": 0.0030134831898714306, "derivative_gain": 0.0047985277078340695, "max_value": 2.0641475532867783, "min_value": -1.971647373897067}, "max_forward_velocity": 1.6543343238016475, "turning_speed_ratio": 0.1291495523358856, "sharp_turn_forward_velocity": 1.7727166321829426, "sharp_turn_angular_velocity": 2.1284977051932055}