{"pid_speed_parameters": {"proportional_gain": 1.1824107693514776, "integral_gain": 0.027236781805689794, "derivative_gain": 0.03979669438441381, "max_value": 101.09786987603066, "min_value": 0.43266878570103157}, "pid_steer_parameters": {"proportional_gain": 2.8265432988555976, "integral_gain": 0.006920459634774672, "derivative_gain": 0.01850282724427511, "max_value": 1.9539322264304888, "min_value": -1.907517043083563}, "max_forward_velocity": 1.9298711646997222, "turning_speed_ratio": 0.02991344576586307, "sharp_turn_forward_velocity": 1.5072447962845246, "sharp_turn_angular_velocity": 2.9964718398718357}