{"pid_speed_parameters": {"proportional_gain": 1.3140430353198873, "integral_gain": 0.06279927643037314, "derivative_gain": 0.09470777843805225, "max_value": 101.4787753037873, "min_value": 0.2102330796885271}, "pid_steer_parameters": {"proportional_gain": 2.9499525187056963, "integral_gain": 0.0015763130569881937, "derivative_gain": 1.0255352071650606e-05, "max_value": 2.0550728969213905, "min_value": -2.024882277924436}, "max_forward_velocity": 1.478186788795983, "turning_speed_ratio": 0.49629413979912873, "sharp_turn_forward_velocity": 1.4670402576866164, "sharp_turn_angular_velocity": 2.254715136829054}