{"pid_speed_parameters": {"proportional_gain": 1.505281485373871, "integral_gain": 0.03249100935734336, "derivative_gain": 0.03513435123262574, "max_value": 100.63440282095614, "min_value": 0.6226191906642885}, "pid_steer_parameters": {"proportional_gain": 2.9837387172960526, "integral_gain": 0.007712963536855239, "derivative_gain": 0.013779701310696712, "max_value": 1.9200843081099381, "min_value": -1.9312578262740074}, "max_forward_velocity": 1.3079333927292567, "turning_speed_ratio": 0.008050081406555656, "sharp_turn_forward_velocity": 0.7375367207999359, "sharp_turn_angular_velocity": 2.866638175331352}