{"pid_speed_parameters": {"proportional_gain": 1.734931268572488, "integral_gain": 0.09960698841473573, "derivative_gain": 0.08058731485573993, "max_value": 101.38387974516512, "min_value": 0.6404348201850528}, "pid_steer_parameters": {"proportional_gain": 2.318649330993726, "integral_gain": 0.0011370439366912605, "derivative_gain": 0.007396933607260274, "max_value": 1.992180162565108, "min_value": -2.099996588339448}, "max_forward_velocity": 0.8168502927760324, "turning_speed_ratio": 0.08863478545202708, "sharp_turn_forward_velocity": 1.9947068930475884, "sharp_turn_angular_velocity": 2.806020602895251}