{"pid_speed_parameters": {"proportional_gain": 2.2090400724408568, "integral_gain": 0.09606130506063162, "derivative_gain": 0.08331512915866711, "max_value": 101.32809978421848, "min_value": 0.004634464018018305}, "pid_steer_parameters": {"proportional_gain": 1.9488917947097644, "integral_gain": 0.009428550790177041, "derivative_gain": 0.005581791856202447, "max_value": 2.030573637870155, "min_value": -2.0965203644062043}, "max_forward_velocity": 0.8015738385754552, "turning_speed_ratio": 0.5534477882626753, "sharp_turn_forward_velocity": 1.6205894256709454, "sharp_turn_angular_velocity": 2.425651064732476}