{"pid_speed_parameters": {"proportional_gain": 1.656316531246111, "integral_gain": 0.08541672292344436, "derivative_gain": 0.07555619598262714, "max_value": 101.6782290140207, "min_value": 0.07241604649991315}, "pid_steer_parameters": {"proportional_gain": 2.2249847204864275, "integral_gain": 0.020168901320552206, "derivative_gain": 0.003435165705150286, "max_value": 1.9792401846042416, "min_value": -2.097570883048124}, "max_forward_velocity": 1.0130348799383175, "turning_speed_ratio": 0.41867036335687013, "sharp_turn_forward_velocity": 1.688124641429879, "sharp_turn_angular_velocity": 2.05744006887456}