{"pid_speed_parameters": {"proportional_gain": 2.2904607652904954, "integral_gain": 0.09864546837830557, "derivative_gain": 0.08070064056305778, "max_value": 101.45755086090648, "min_value": 0.0035514922873541564}, "pid_steer_parameters": {"proportional_gain": 2.0219625602609685, "integral_gain": 0.0045993887842906925, "derivative_gain": 0.0026704554350260976, "max_value": 2.045920354998786, "min_value": -2.0954138861793496}, "max_forward_velocity": 0.7839865393255749, "turning_speed_ratio": 0.43634339657040166, "sharp_turn_forward_velocity": 1.601512248395545, "sharp_turn_angular_velocity": 2.281807727774207}