{"pid_speed_parameters": {"proportional_gain": 1.5873995208628897, "integral_gain": 0.09346670721823012, "derivative_gain": 0.0718170392622415, "max_value": 101.76246804437763, "min_value": 0.023620121782094636}, "pid_steer_parameters": {"proportional_gain": 2.3691127126428824, "integral_gain": 0.015398646458993042, "derivative_gain": 0.0040269166740622385, "max_value": 1.985145812523459, "min_value": -2.0994693364501136}, "max_forward_velocity": 0.9432594070038887, "turning_speed_ratio": 0.394200586777286, "sharp_turn_forward_velocity": 1.9608897484327568, "sharp_turn_angular_velocity": 2.2063032685396604}