{"pid_speed_parameters": {"proportional_gain": 1.8427861428278254, "integral_gain": 0.08628261677540239, "derivative_gain": 0.046659495440632255, "max_value": 100.40937886473718, "min_value": 0.3560935344728163}, "pid_steer_parameters": {"proportional_gain": 2.593233001649924, "integral_gain": 8.809580530415587e-06, "derivative_gain": 0.015442769081637029, "max_value": 2.013063892356884, "min_value": -2.0884971037247047}, "max_forward_velocity": 0.9662905088602494, "turning_speed_ratio": 0.5472613366539485, "sharp_turn_forward_velocity": 1.5611844789612273, "sharp_turn_angular_velocity": 2.996721860250399}