{"pid_speed_parameters": {"proportional_gain": 2.1975841021914295, "integral_gain": 0.06609686156163219, "derivative_gain": 0.07495286590136827, "max_value": 101.6023677674482, "min_value": 0.08854661909755365}, "pid_steer_parameters": {"proportional_gain": 2.0275642650542434, "integral_gain": 0.020687456876167565, "derivative_gain": 0.01396015517201032, "max_value": 1.9863829695715662, "min_value": -2.092980026847157}, "max_forward_velocity": 1.238142737508323, "turning_speed_ratio": 0.5411530365157955, "sharp_turn_forward_velocity": 1.767224501109806, "sharp_turn_angular_velocity": 1.9446492536091822}