{"pid_speed_parameters": {"proportional_gain": 1.96216548454461, "integral_gain": 0.07782845593944675, "derivative_gain": 0.033578425166260466, "max_value": 100.67778445113757, "min_value": 0.7439615517398872}, "pid_steer_parameters": {"proportional_gain": 2.2414781380754607, "integral_gain": 0.009333834126167787, "derivative_gain": 0.0011467945013675445, "max_value": 1.9498641935343657, "min_value": -1.9998501173150836}, "max_forward_velocity": 1.2244067991092467, "turning_speed_ratio": 0.4882365015346237, "sharp_turn_forward_velocity": 0.967435985054148, "sharp_turn_angular_velocity": 2.998291169760458}