{"pid_speed_parameters": {"proportional_gain": 1.9295525587239568, "integral_gain": 0.09007567954072072, "derivative_gain": 0.05153724674986285, "max_value": 100.40933596060954, "min_value": 0.28685564733901536}, "pid_steer_parameters": {"proportional_gain": 2.652504753469643, "integral_gain": 0.0005705000753857654, "derivative_gain": 0.003631256887204722, "max_value": 1.9692527962663826, "min_value": -2.0895835349736718}, "max_forward_velocity": 0.7964727351248628, "turning_speed_ratio": 0.02033359870871431, "sharp_turn_forward_velocity": 1.92998496682057, "sharp_turn_angular_velocity": 2.514068635515404}