{"pid_speed_parameters": {"proportional_gain": 1.8402065099614104, "integral_gain": 0.0992112309774091, "derivative_gain": 0.06341869936379484, "max_value": 101.4782363917084, "min_value": 0.3551076549570107}, "pid_steer_parameters": {"proportional_gain": 2.291929192088766, "integral_gain": 0.00927577529074065, "derivative_gain": 0.0011433597063171936, "max_value": 1.996472858131948, "min_value": -2.0899055641194804}, "max_forward_velocity": 0.8881422313804905, "turning_speed_ratio": 0.4670653121244126, "sharp_turn_forward_velocity": 1.8955174118235147, "sharp_turn_angular_velocity": 2.1845423299033495}