{"pid_speed_parameters": {"proportional_gain": 2.0318660139215305, "integral_gain": 0.09470860462949872, "derivative_gain": 0.07971855168553182, "max_value": 101.66225771943287, "min_value": 0.10502585042075438}, "pid_steer_parameters": {"proportional_gain": 2.2381763722321852, "integral_gain": 0.002656035097781799, "derivative_gain": 0.020621747540108003, "max_value": 1.9970185562245155, "min_value": -2.095490186649752}, "max_forward_velocity": 0.9267794456765053, "turning_speed_ratio": 0.39686824518305336, "sharp_turn_forward_velocity": 1.9776229411041122, "sharp_turn_angular_velocity": 2.090377939192328}