{"pid_speed_parameters": {"proportional_gain": 2.112775955104995, "integral_gain": 0.08415201634783849, "derivative_gain": 0.08283926247275741, "max_value": 101.69224188063241, "min_value": 0.18499833050809883}, "pid_steer_parameters": {"proportional_gain": 1.8814240568631844, "integral_gain": 0.02772948886643272, "derivative_gain": 0.0077928098965632745, "max_value": 1.9643489268447296, "min_value": -2.079040018421919}, "max_forward_velocity": 1.2442501110844686, "turning_speed_ratio": 0.5908408496931684, "sharp_turn_forward_velocity": 1.9264890666628876, "sharp_turn_angular_velocity": 1.7572996910512206}