{"pid_speed_parameters": {"proportional_gain": 2.261612156508707, "integral_gain": 0.09621227310754842, "derivative_gain": 0.0786134259573695, "max_value": 101.44658533275137, "min_value": 0.16859709620869057}, "pid_steer_parameters": {"proportional_gain": 2.0746690299572492, "integral_gain": 0.007980958171206013, "derivative_gain": 0.00750167761029423, "max_value": 2.0117727468327087, "min_value": -2.097966142153322}, "max_forward_velocity": 0.8627722498706083, "turning_speed_ratio": 0.4804069371512055, "sharp_turn_forward_velocity": 1.9572819017397398, "sharp_turn_angular_velocity": 2.4139983313071207}