{"pid_speed_parameters": {"proportional_gain": 1.9665452152514953, "integral_gain": 0.0994638354064571, "derivative_gain": 0.08635498887773349, "max_value": 101.60458358799661, "min_value": 0.2090580618400702}, "pid_steer_parameters": {"proportional_gain": 2.498789458367681, "integral_gain": 0.01285886805964324, "derivative_gain": 0.012816831033298956, "max_value": 1.9737470697510466, "min_value": -2.092993228755192}, "max_forward_velocity": 0.9173207826044765, "turning_speed_ratio": 0.059106746264995014, "sharp_turn_forward_velocity": 1.8231116716676976, "sharp_turn_angular_velocity": 2.2744398146369575}