{"pid_speed_parameters": {"proportional_gain": 1.6126141297625758, "integral_gain": 0.08850423192876997, "derivative_gain": 0.07566442854563153, "max_value": 101.96359931425778, "min_value": 0.10370854569401636}, "pid_steer_parameters": {"proportional_gain": 2.172292226117956, "integral_gain": 0.020690179036804986, "derivative_gain": 0.002103320629137507, "max_value": 1.9880435347002692, "min_value": -2.0997041391115268}, "max_forward_velocity": 0.9062172970218785, "turning_speed_ratio": 0.4716181192520983, "sharp_turn_forward_velocity": 1.6377259604399987, "sharp_turn_angular_velocity": 2.027470278044025}