{"pid_speed_parameters": {"proportional_gain": 2.380446385080231, "integral_gain": 0.09814071511808416, "derivative_gain": 0.08527249656510975, "max_value": 101.51828294956185, "min_value": 0.0107695709517972}, "pid_steer_parameters": {"proportional_gain": 2.1318002500406408, "integral_gain": 0.006033357451050733, "derivative_gain": 0.004546356302020968, "max_value": 2.0335233342795065, "min_value": -2.0988398896679925}, "max_forward_velocity": 0.8031042974546092, "turning_speed_ratio": 0.5237049965661007, "sharp_turn_forward_velocity": 1.8451353307019607, "sharp_turn_angular_velocity": 2.1599867642439783}