{"pid_speed_parameters": {"proportional_gain": 2.400602449550135, "integral_gain": 0.09840397480050106, "derivative_gain": 0.08913114849403157, "max_value": 100.56845802469701, "min_value": 0.11105404496314186}, "pid_steer_parameters": {"proportional_gain": 1.7034899429175931, "integral_gain": 0.0029313951842711533, "derivative_gain": 6.039081400032055e-05, "max_value": 2.06420914990007, "min_value": -2.0822038379464693}, "max_forward_velocity": 0.4772917588561727, "turning_speed_ratio": 0.7878434361681214, "sharp_turn_forward_velocity": 0.9670998330040677, "sharp_turn_angular_velocity": 2.8433937115528902}