{"pid_speed_parameters": {"proportional_gain": 2.021282456637815, "integral_gain": 0.09992645353491492, "derivative_gain": 0.08594813732268725, "max_value": 101.63997106966146, "min_value": 0.07294604299956939}, "pid_steer_parameters": {"proportional_gain": 2.2361804898088957, "integral_gain": 0.01980020514200083, "derivative_gain": 0.0049120966415283525, "max_value": 2.027137681645708, "min_value": -2.0915524399236722}, "max_forward_velocity": 0.8901499235877419, "turning_speed_ratio": 0.3027805353702125, "sharp_turn_forward_velocity": 1.7527115323722688, "sharp_turn_angular_velocity": 2.2963762032516377}