{"pid_speed_parameters": {"proportional_gain": 2.1459889579048568, "integral_gain": 0.09428481493119752, "derivative_gain": 0.07854347785264024, "max_value": 101.57350564025417, "min_value": 0.08684954282882523}, "pid_steer_parameters": {"proportional_gain": 1.7762669887416176, "integral_gain": 0.0019397628905171913, "derivative_gain": 0.00015991401485843766, "max_value": 2.026226380011282, "min_value": -2.099139268881375}, "max_forward_velocity": 0.8213253075552416, "turning_speed_ratio": 0.33676984908294905, "sharp_turn_forward_velocity": 1.8440608193050698, "sharp_turn_angular_velocity": 2.463953210344213}