{"pid_speed_parameters": {"proportional_gain": 1.769827135698901, "integral_gain": 0.07016419842495296, "derivative_gain": 0.06832221847777784, "max_value": 101.72040569762326, "min_value": 0.11488334045290585}, "pid_steer_parameters": {"proportional_gain": 2.203406366283821, "integral_gain": 0.024071107168877254, "derivative_gain": 0.01083747006751926, "max_value": 1.9558568379242975, "min_value": -2.072635891260256}, "max_forward_velocity": 1.1170253910401213, "turning_speed_ratio": 0.5301180267074805, "sharp_turn_forward_velocity": 1.9826710695237684, "sharp_turn_angular_velocity": 1.975425061723894}