{"pid_speed_parameters": {"proportional_gain": 1.753318394846303, "integral_gain": 0.09994362944169362, "derivative_gain": 0.09233824847725997, "max_value": 101.54128535177549, "min_value": 0.0021348630175843054}, "pid_steer_parameters": {"proportional_gain": 1.435207063275034, "integral_gain": 0.015868363038705834, "derivative_gain": 0.0009224025404764366, "max_value": 1.9131936426579186, "min_value": -2.0942460642298126}, "max_forward_velocity": 1.0799369116776805, "turning_speed_ratio": 0.28509980020892617, "sharp_turn_forward_velocity": 1.8887762315592882, "sharp_turn_angular_velocity": 2.0453989955359857}