{"pid_speed_parameters": {"proportional_gain": 1.9312220333845198, "integral_gain": 0.09959919893338341, "derivative_gain": 0.0807534161700583, "max_value": 101.19612330900144, "min_value": 0.0271086059159376}, "pid_steer_parameters": {"proportional_gain": 2.4786093158325695, "integral_gain": 0.00028302936711046287, "derivative_gain": 0.016537478914586377, "max_value": 2.0121229164771273, "min_value": -2.0897020134107134}, "max_forward_velocity": 1.1172832622778348, "turning_speed_ratio": 0.5535847575316203, "sharp_turn_forward_velocity": 1.7746172630504988, "sharp_turn_angular_velocity": 2.4744801148170756}