{"pid_speed_parameters": {"proportional_gain": 2.1367655299836485, "integral_gain": 0.08937884721198354, "derivative_gain": 0.07770266059105893, "max_value": 101.41897664384045, "min_value": 0.020398238930934065}, "pid_steer_parameters": {"proportional_gain": 2.160068177825777, "integral_gain": 0.004426567747448949, "derivative_gain": 0.00822696812904028, "max_value": 2.0074666331819135, "min_value": -2.099490883890302}, "max_forward_velocity": 1.045083988066231, "turning_speed_ratio": 0.5229491398537647, "sharp_turn_forward_velocity": 1.724430034412957, "sharp_turn_angular_velocity": 2.427118720421814}