{"pid_speed_parameters": {"proportional_gain": 1.1857861406170145, "integral_gain": 0.09925006556559243, "derivative_gain": 0.08577827188385843, "max_value": 100.88691617625696, "min_value": 0.5734714556187842}, "pid_steer_parameters": {"proportional_gain": 2.759760376771851, "integral_gain": 0.000522303449542973, "derivative_gain": 0.010535531497779268, "max_value": 2.054284457369907, "min_value": -1.956440183099201}, "max_forward_velocity": 0.77244962648976, "turning_speed_ratio": 0.00408635264160924, "sharp_turn_forward_velocity": 1.4784440275789585, "sharp_turn_angular_velocity": 2.4684019943499123}