{"pid_speed_parameters": {"proportional_gain": 2.376761954240987, "integral_gain": 0.09482010957805899, "derivative_gain": 0.08050618004257323, "max_value": 101.60083763783612, "min_value": 0.07331080055728176}, "pid_steer_parameters": {"proportional_gain": 2.1776300722116506, "integral_gain": 0.001968712230497089, "derivative_gain": 0.010553955826869311, "max_value": 1.9938011063327812, "min_value": -2.0989744076605907}, "max_forward_velocity": 0.8748642032344929, "turning_speed_ratio": 0.49485895025669935, "sharp_turn_forward_velocity": 1.8783257110264853, "sharp_turn_angular_velocity": 2.408766328513547}