{"pid_speed_parameters": {"proportional_gain": 1.3777014299610428, "integral_gain": 0.09803259054748162, "derivative_gain": 0.08614120478511662, "max_value": 101.57513677445459, "min_value": 0.1791614691370702}, "pid_steer_parameters": {"proportional_gain": 2.6331510087685093, "integral_gain": 0.010023596362358042, "derivative_gain": 0.0007021755083408022, "max_value": 1.9869213726001154, "min_value": -2.095753258837493}, "max_forward_velocity": 0.5049040551352229, "turning_speed_ratio": 0.2259264490174942, "sharp_turn_forward_velocity": 1.4750570044577214, "sharp_turn_angular_velocity": 2.407420958753022}