{"pid_speed_parameters": {"proportional_gain": 1.656702554438146, "integral_gain": 0.09904611044417996, "derivative_gain": 0.08070479465842799, "max_value": 101.46113980884624, "min_value": 0.015908892467826882}, "pid_steer_parameters": {"proportional_gain": 2.9802018903497998, "integral_gain": 0.01568965173762188, "derivative_gain": 0.013421068336631006, "max_value": 2.080240870379455, "min_value": -2.0467083138037445}, "max_forward_velocity": 0.7096303009883531, "turning_speed_ratio": 0.1595622964928712, "sharp_turn_forward_velocity": 1.9453605300948218, "sharp_turn_angular_velocity": 1.9241803630130287}