{"pid_speed_parameters": {"proportional_gain": 2.126652139195235, "integral_gain": 0.09732065651096633, "derivative_gain": 0.06755839187518065, "max_value": 101.5108681732312, "min_value": 0.05676416441294005}, "pid_steer_parameters": {"proportional_gain": 2.036442786087691, "integral_gain": 0.003766409969547766, "derivative_gain": 0.006742489313806759, "max_value": 1.9319170557940684, "min_value": -2.099159220260418}, "max_forward_velocity": 1.3390039546177797, "turning_speed_ratio": 0.1705672603613877, "sharp_turn_forward_velocity": 1.976839568303795, "sharp_turn_angular_velocity": 2.4604531342678295}