{"pid_speed_parameters": {"proportional_gain": 1.7439063250878755, "integral_gain": 0.09606647807211526, "derivative_gain": 0.08466710677838285, "max_value": 101.73732703289852, "min_value": 0.3386732624756106}, "pid_steer_parameters": {"proportional_gain": 2.7170464499428477, "integral_gain": 0.012546939016560508, "derivative_gain": 1.7584100424309103e-05, "max_value": 1.9615023942135705, "min_value": -2.0999666344130703}, "max_forward_velocity": 1.0340560540690533, "turning_speed_ratio": 0.24568751572307143, "sharp_turn_forward_velocity": 1.6451572132916294, "sharp_turn_angular_velocity": 2.6735039583466342}