{"pid_speed_parameters": {"proportional_gain": 2.2902268771858676, "integral_gain": 0.09785607177916109, "derivative_gain": 0.0834168052276612, "max_value": 101.60924751576887, "min_value": 0.0618307301859434}, "pid_steer_parameters": {"proportional_gain": 2.599798829597135, "integral_gain": 0.00286149201954586, "derivative_gain": 0.008573897471644233, "max_value": 1.969118075060957, "min_value": -2.081381393687149}, "max_forward_velocity": 0.607491056823513, "turning_speed_ratio": 0.04537121003178867, "sharp_turn_forward_velocity": 1.4785784052778037, "sharp_turn_angular_velocity": 2.3910139098624072}