{"pid_speed_parameters": {"proportional_gain": 1.6885484594026934, "integral_gain": 0.09175371897440894, "derivative_gain": 0.09830446087647633, "max_value": 101.7572525814821, "min_value": 0.033981030707193084}, "pid_steer_parameters": {"proportional_gain": 2.5225691503452254, "integral_gain": 0.011418787931080105, "derivative_gain": 0.005809403380238914, "max_value": 1.933984026583645, "min_value": -2.099484468332227}, "max_forward_velocity": 0.545344314431782, "turning_speed_ratio": 0.3309518209787719, "sharp_turn_forward_velocity": 1.9867638421612992, "sharp_turn_angular_velocity": 2.044815155164883}