{"pid_speed_parameters": {"proportional_gain": 1.6659822740412917, "integral_gain": 0.09869604332924932, "derivative_gain": 0.07501410287853626, "max_value": 101.83842267722683, "min_value": 0.1495238536996499}, "pid_steer_parameters": {"proportional_gain": 2.2627975049405022, "integral_gain": 0.016688617237986487, "derivative_gain": 0.0050935972794757855, "max_value": 2.011656757785725, "min_value": -2.099039549906015}, "max_forward_velocity": 0.7561458546952533, "turning_speed_ratio": 0.4179137542406056, "sharp_turn_forward_velocity": 1.864084098024367, "sharp_turn_angular_velocity": 1.9811796714708063}