{"pid_speed_parameters": {"proportional_gain": 2.0973945188355705, "integral_gain": 0.0793741176255097, "derivative_gain": 0.07484465069060854, "max_value": 101.31089311055692, "min_value": 0.0013645367507139367}, "pid_steer_parameters": {"proportional_gain": 2.0030914718367425, "integral_gain": 0.03711754412832407, "derivative_gain": 0.007744293905216544, "max_value": 1.9575719648606429, "min_value": -2.09443319520392}, "max_forward_velocity": 1.2542364651773494, "turning_speed_ratio": 0.5406806028154707, "sharp_turn_forward_velocity": 1.7768128962141059, "sharp_turn_angular_velocity": 1.7805349965712707}