{"pid_speed_parameters": {"proportional_gain": 2.3125514402486544, "integral_gain": 0.09770291415780487, "derivative_gain": 0.08359794437406502, "max_value": 101.41560579928894, "min_value": 0.0009842525616743886}, "pid_steer_parameters": {"proportional_gain": 2.051377617082876, "integral_gain": 0.0027158039712727195, "derivative_gain": 0.0019725158194038622, "max_value": 2.0352351582317683, "min_value": -2.0957907522497212}, "max_forward_velocity": 0.9214221520129007, "turning_speed_ratio": 0.4617158893790304, "sharp_turn_forward_velocity": 1.9953084992208754, "sharp_turn_angular_velocity": 2.1997715881872084}