{"pid_speed_parameters": {"proportional_gain": 1.785923058007965, "integral_gain": 0.0998960176979095, "derivative_gain": 0.07117670296256498, "max_value": 101.38185922462362, "min_value": 0.09657989682398888}, "pid_steer_parameters": {"proportional_gain": 2.117103595668996, "integral_gain": 0.0026693293058251827, "derivative_gain": 0.01596100611534839, "max_value": 1.9462634088992126, "min_value": -2.0999959182681307}, "max_forward_velocity": 1.1864505240520675, "turning_speed_ratio": 0.3350130413537995, "sharp_turn_forward_velocity": 1.980705342436237, "sharp_turn_angular_velocity": 2.7919091586024543}