{"pid_speed_parameters": {"proportional_gain": 1.0532962417426899, "integral_gain": 0.09299750961745293, "derivative_gain": 0.011281225588860804, "max_value": 100.82010199653901, "min_value": 0.041399560832907446}, "pid_steer_parameters": {"proportional_gain": 2.603559595862466, "integral_gain": 0.0024220281537019935, "derivative_gain": 0.011459008138293366, "max_value": 2.057815729933619, "min_value": -1.9205946410012744}, "max_forward_velocity": 0.3589815469180553, "turning_speed_ratio": 0.00033391428422004874, "sharp_turn_forward_velocity": 1.9998651028894445, "sharp_turn_angular_velocity": 2.425277895899013}