{"pid_speed_parameters": {"proportional_gain": 2.0264918609307943, "integral_gain": 0.09848038802107643, "derivative_gain": 0.08312751093103982, "max_value": 101.45241820515459, "min_value": 0.10073741957044585}, "pid_steer_parameters": {"proportional_gain": 2.397103666975739, "integral_gain": 0.01643513530648082, "derivative_gain": 0.002984487812179098, "max_value": 2.0171103638668373, "min_value": -2.095517510315565}, "max_forward_velocity": 0.8714103114799552, "turning_speed_ratio": 0.12299729373807006, "sharp_turn_forward_velocity": 1.8069040669112593, "sharp_turn_angular_velocity": 2.255204121517164}