{"pid_speed_parameters": {"proportional_gain": 1.800548174840384, "integral_gain": 0.08816386018728695, "derivative_gain": 0.06892535427229851, "max_value": 101.68873550375281, "min_value": 0.04129258975951633}, "pid_steer_parameters": {"proportional_gain": 2.2662143934026844, "integral_gain": 0.016002276899387824, "derivative_gain": 0.0022700667727094913, "max_value": 1.993529801586716, "min_value": -2.0994906885603637}, "max_forward_velocity": 1.015255824958102, "turning_speed_ratio": 0.4953567546021923, "sharp_turn_forward_velocity": 1.8399469901037901, "sharp_turn_angular_velocity": 2.2412911903887}