{"pid_speed_parameters": {"proportional_gain": 2.1891860096206406, "integral_gain": 0.09142873051869499, "derivative_gain": 0.07035137713073852, "max_value": 101.42013403692617, "min_value": 0.09218564552338415}, "pid_steer_parameters": {"proportional_gain": 2.092905991649734, "integral_gain": 0.0024263648994183856, "derivative_gain": 0.012352172552391235, "max_value": 1.9524177032272538, "min_value": -2.098699734964079}, "max_forward_velocity": 1.365232274954005, "turning_speed_ratio": 0.13422835553940654, "sharp_turn_forward_velocity": 1.9953170357886145, "sharp_turn_angular_velocity": 2.289917324094006}