{"pid_speed_parameters": {"proportional_gain": 1.964139835409606, "integral_gain": 0.07594806825329967, "derivative_gain": 0.07443360919632702, "max_value": 101.69722702175542, "min_value": 0.11723958060348189}, "pid_steer_parameters": {"proportional_gain": 2.05915806485771, "integral_gain": 0.027148017647865796, "derivative_gain": 0.007689232072503936, "max_value": 1.9760017109574142, "min_value": -2.0887580801763916}, "max_forward_velocity": 0.9997617646865229, "turning_speed_ratio": 0.4063946886998808, "sharp_turn_forward_velocity": 1.7728942875117784, "sharp_turn_angular_velocity": 1.9355516241069484}