{"pid_speed_parameters": {"proportional_gain": 2.519878160018564, "integral_gain": 0.09390398248358399, "derivative_gain": 0.07948177541496716, "max_value": 101.24762611826891, "min_value": 0.005491929009806405}, "pid_steer_parameters": {"proportional_gain": 1.8601767161278575, "integral_gain": 0.0024677320231659017, "derivative_gain": 0.01209270160026404, "max_value": 2.0381249679038986, "min_value": -2.0928006514450055}, "max_forward_velocity": 1.023605685911011, "turning_speed_ratio": 0.48966235660865, "sharp_turn_forward_velocity": 1.8228940696755318, "sharp_turn_angular_velocity": 2.2815832157103206}