{"pid_speed_parameters": {"proportional_gain": 1.803170666661663, "integral_gain": 0.08740343966274339, "derivative_gain": 0.07473264155251837, "max_value": 101.37621203085936, "min_value": 0.1158645353136934}, "pid_steer_parameters": {"proportional_gain": 1.6781752717079195, "integral_gain": 0.0009635392928587065, "derivative_gain": 0.0007702609731357279, "max_value": 1.9402564520299181, "min_value": -2.096044826035043}, "max_forward_velocity": 1.0566008797430673, "turning_speed_ratio": 0.37184745621464577, "sharp_turn_forward_velocity": 1.8008387496903875, "sharp_turn_angular_velocity": 1.71633275863934}