{"pid_speed_parameters": {"proportional_gain": 1.8511883887661937, "integral_gain": 0.09023132029466335, "derivative_gain": 0.07323093828803345, "max_value": 101.72813647005086, "min_value": 1.5589603486453517e-05}, "pid_steer_parameters": {"proportional_gain": 2.114447647924637, "integral_gain": 0.029537018661277118, "derivative_gain": 0.004720289849460171, "max_value": 1.9821901566723055, "min_value": -2.099243439494775}, "max_forward_velocity": 0.9139674920202094, "turning_speed_ratio": 0.39523880950606266, "sharp_turn_forward_velocity": 1.8415068605131255, "sharp_turn_angular_velocity": 1.9682587621201268}