{"pid_speed_parameters": {"proportional_gain": 1.9406756002384824, "integral_gain": 0.07438893224266459, "derivative_gain": 0.07698087487419876, "max_value": 102.08244703471254, "min_value": 0.17519744481073674}, "pid_steer_parameters": {"proportional_gain": 2.054474756344659, "integral_gain": 0.015922744763335, "derivative_gain": 0.0014556116434429798, "max_value": 1.9723893980371552, "min_value": -2.0894348676782446}, "max_forward_velocity": 1.0930906558556588, "turning_speed_ratio": 0.5367530622719348, "sharp_turn_forward_velocity": 1.9841811934491045, "sharp_turn_angular_velocity": 1.969167383699145}