{"pid_speed_parameters": {"proportional_gain": 1.6883460982342817, "integral_gain": 0.08388927954699021, "derivative_gain": 0.07616037347808895, "max_value": 101.77441451664836, "min_value": 0.09737174114702643}, "pid_steer_parameters": {"proportional_gain": 1.9758833918806349, "integral_gain": 0.010940327687776509, "derivative_gain": 0.0009176736365930443, "max_value": 2.0042617437912065, "min_value": -2.0937202520293523}, "max_forward_velocity": 1.1289648436556752, "turning_speed_ratio": 0.36218976146698295, "sharp_turn_forward_velocity": 1.6284460913561563, "sharp_turn_angular_velocity": 2.14672129510757}