{"pid_speed_parameters": {"proportional_gain": 1.9720754738364488, "integral_gain": 0.06780766312159904, "derivative_gain": 0.07798795607074223, "max_value": 101.60769361993165, "min_value": 0.1155342845152908}, "pid_steer_parameters": {"proportional_gain": 1.8492028208383022, "integral_gain": 0.030757025807421, "derivative_gain": 0.004557911742503659, "max_value": 1.9718951679227947, "min_value": -2.069449675460309}, "max_forward_velocity": 1.2205895962686657, "turning_speed_ratio": 0.5480392406899233, "sharp_turn_forward_velocity": 1.8540591461348044, "sharp_turn_angular_velocity": 2.0814467730694797}