{"pid_speed_parameters": {"proportional_gain": 1.9362225242688722, "integral_gain": 0.08417166502733466, "derivative_gain": 0.08114518486810071, "max_value": 101.77028676046896, "min_value": 0.1686611287725513}, "pid_steer_parameters": {"proportional_gain": 1.9557220567680733, "integral_gain": 0.030995326208598448, "derivative_gain": 0.003325906465030392, "max_value": 1.9929794604595643, "min_value": -2.0740333068950605}, "max_forward_velocity": 1.232994756688907, "turning_speed_ratio": 0.41243950447709266, "sharp_turn_forward_velocity": 1.8607853925248679, "sharp_turn_angular_velocity": 1.8643281471624675}