{"pid_speed_parameters": {"proportional_gain": 2.5276722146566852, "integral_gain": 0.0975789417240114, "derivative_gain": 0.08013750692176502, "max_value": 101.42309920314077, "min_value": 0.19064185541352807}, "pid_steer_parameters": {"proportional_gain": 2.032821512368925, "integral_gain": 0.0006474726800911649, "derivative_gain": 0.024395948658613206, "max_value": 2.0182103132523816, "min_value": -2.0996109768166846}, "max_forward_velocity": 0.8483930455970232, "turning_speed_ratio": 0.4720831227299851, "sharp_turn_forward_velocity": 1.7712492843625836, "sharp_turn_angular_velocity": 2.383074808477083}