{"pid_speed_parameters": {"proportional_gain": 2.0014685943324846, "integral_gain": 0.020383372115020774, "derivative_gain": 0.014502343082662034, "max_value": 99.48697555080783, "min_value": 0.7997886555474611}, "pid_steer_parameters": {"proportional_gain": 1.8377753147557374, "integral_gain": 0.08231994440854062, "derivative_gain": 0.01630421207025512, "max_value": 1.9384933113795413, "min_value": -2.0335740377491436}, "max_forward_velocity": 1.2453232999260657, "turning_speed_ratio": 0.9628892734606206, "sharp_turn_forward_velocity": 0.910673749013948, "sharp_turn_angular_velocity": 2.314472797553542}