{"pid_speed_parameters": {"proportional_gain": 2.213213098195096, "integral_gain": 0.0940445544466974, "derivative_gain": 0.07455537432508469, "max_value": 101.27420931923163, "min_value": 0.0016239663412984653}, "pid_steer_parameters": {"proportional_gain": 1.9032599540945274, "integral_gain": 0.001388144192712846, "derivative_gain": 0.012754158421118485, "max_value": 2.0073977847390942, "min_value": -2.099946876071119}, "max_forward_velocity": 1.0267256815653165, "turning_speed_ratio": 0.4732966346101295, "sharp_turn_forward_velocity": 1.6613478849857592, "sharp_turn_angular_velocity": 2.365930954565665}