{"pid_speed_parameters": {"proportional_gain": 1.4708389615881972, "integral_gain": 0.09978039891725317, "derivative_gain": 0.08042042795863254, "max_value": 101.78700905008945, "min_value": 0.531997953963744}, "pid_steer_parameters": {"proportional_gain": 2.262786096514644, "integral_gain": 0.022234563567020124, "derivative_gain": 0.004863596950604751, "max_value": 1.9288247604239797, "min_value": -2.0902329882076027}, "max_forward_velocity": 0.8912621012879147, "turning_speed_ratio": 0.13902167861408246, "sharp_turn_forward_velocity": 1.7046052462420265, "sharp_turn_angular_velocity": 2.3114460080862393}