{"pid_speed_parameters": {"proportional_gain": 1.7569762098075472, "integral_gain": 0.09852185356729708, "derivative_gain": 0.06917744144567492, "max_value": 101.82345681360245, "min_value": 0.05842665585159271}, "pid_steer_parameters": {"proportional_gain": 2.3550663208998928, "integral_gain": 0.013778259476289703, "derivative_gain": 0.0019239627891948182, "max_value": 2.0106652031040504, "min_value": -2.0928332699274255}, "max_forward_velocity": 0.76422583912671, "turning_speed_ratio": 0.42156968756153856, "sharp_turn_forward_velocity": 1.6465749335935582, "sharp_turn_angular_velocity": 2.0752802169813642}