{"pid_speed_parameters": {"proportional_gain": 1.8376859354819048, "integral_gain": 0.09999998159219377, "derivative_gain": 0.07587745005135096, "max_value": 101.4524635981078, "min_value": 0.4333765975126207}, "pid_steer_parameters": {"proportional_gain": 2.1674859742751362, "integral_gain": 0.0013771683563963094, "derivative_gain": 0.00010384748035267078, "max_value": 2.0239171492512624, "min_value": -2.0999998912662177}, "max_forward_velocity": 0.8058713468031558, "turning_speed_ratio": 0.12829541068067804, "sharp_turn_forward_velocity": 1.9567227064973916, "sharp_turn_angular_velocity": 2.1613439470196147}