{"pid_speed_parameters": {"proportional_gain": 1.8234538961499613, "integral_gain": 0.09151063192129752, "derivative_gain": 0.07870669514699143, "max_value": 101.82223479134393, "min_value": 0.2694228124476157}, "pid_steer_parameters": {"proportional_gain": 2.0922137250208497, "integral_gain": 0.036223653169751735, "derivative_gain": 0.00804883220978091, "max_value": 1.9525687752012466, "min_value": -2.0739608008012858}, "max_forward_velocity": 1.3801221071968166, "turning_speed_ratio": 0.3506894918099883, "sharp_turn_forward_velocity": 1.9936321510993846, "sharp_turn_angular_velocity": 2.0468973957977674}