{"pid_speed_parameters": {"proportional_gain": 1.5141893381483646, "integral_gain": 0.09706382256457036, "derivative_gain": 0.07917599870489057, "max_value": 101.14924986680161, "min_value": 0.29914381708563287}, "pid_steer_parameters": {"proportional_gain": 2.11331841383312, "integral_gain": 0.03570779343440129, "derivative_gain": 0.0003173890813327144, "max_value": 1.9319000318532147, "min_value": -2.0998369252687503}, "max_forward_velocity": 0.5017257017004058, "turning_speed_ratio": 0.014019265097635786, "sharp_turn_forward_velocity": 1.6476260013833108, "sharp_turn_angular_velocity": 2.3095279441023897}