{"pid_speed_parameters": {"proportional_gain": 2.2188755851584103, "integral_gain": 0.09784603313104927, "derivative_gain": 0.07720123839884675, "max_value": 101.36323454889241, "min_value": 0.06141748140807912}, "pid_steer_parameters": {"proportional_gain": 2.139625496347929, "integral_gain": 0.014573763123487843, "derivative_gain": 0.0063301646242959995, "max_value": 2.0095179309728715, "min_value": -2.0987926502995644}, "max_forward_velocity": 0.8849434628326964, "turning_speed_ratio": 0.25013476340582064, "sharp_turn_forward_velocity": 1.8352453624387992, "sharp_turn_angular_velocity": 2.23422514090412}