{"pid_speed_parameters": {"proportional_gain": 1.8377540815204598, "integral_gain": 0.07597929245339086, "derivative_gain": 0.06678880768949835, "max_value": 102.07027257278105, "min_value": 0.2072323615759002}, "pid_steer_parameters": {"proportional_gain": 2.215712491438335, "integral_gain": 0.028412577870335364, "derivative_gain": 0.003533488428559412, "max_value": 1.9641463418028229, "min_value": -2.0880826378899116}, "max_forward_velocity": 0.8224931440562115, "turning_speed_ratio": 0.5852300759536994, "sharp_turn_forward_velocity": 1.648154436856401, "sharp_turn_angular_velocity": 1.9154701217124923}