{"pid_speed_parameters": {"proportional_gain": 2.0437248922275675, "integral_gain": 0.09794259293691172, "derivative_gain": 0.06435243705031131, "max_value": 101.35979732717527, "min_value": 0.05199097226104327}, "pid_steer_parameters": {"proportional_gain": 1.9951269334018271, "integral_gain": 0.0003860316663089853, "derivative_gain": 0.005967541530666713, "max_value": 2.0059128552395076, "min_value": -2.0965255266486245}, "max_forward_velocity": 1.4207901778278729, "turning_speed_ratio": 0.3236787951178513, "sharp_turn_forward_velocity": 1.8942392559933283, "sharp_turn_angular_velocity": 2.635275832994196}