{"pid_speed_parameters": {"proportional_gain": 2.043798891630378, "integral_gain": 0.08291254026578447, "derivative_gain": 0.07932300744965518, "max_value": 101.69163752755071, "min_value": 0.02047415881864025}, "pid_steer_parameters": {"proportional_gain": 2.148963884119258, "integral_gain": 0.03206175344971491, "derivative_gain": 0.004775727628258325, "max_value": 1.9588358871836347, "min_value": -2.0949243418256795}, "max_forward_velocity": 1.228926534568603, "turning_speed_ratio": 0.47899796643667647, "sharp_turn_forward_velocity": 1.733640352874816, "sharp_turn_angular_velocity": 2.136788424168853}