{"pid_speed_parameters": {"proportional_gain": 1.7266348521971249, "integral_gain": 0.09659883735392115, "derivative_gain": 0.08700420354755567, "max_value": 101.56098888022619, "min_value": 0.21033455172028365}, "pid_steer_parameters": {"proportional_gain": 2.07314706761685, "integral_gain": 0.0072071844589105824, "derivative_gain": 0.005346905781696581, "max_value": 1.9517029500320233, "min_value": -2.095433653692566}, "max_forward_velocity": 0.8579837654241276, "turning_speed_ratio": 0.05084382968825202, "sharp_turn_forward_velocity": 1.9306003857870608, "sharp_turn_angular_velocity": 2.473657677141306}