{"pid_speed_parameters": {"proportional_gain": 1.8867660089573377, "integral_gain": 0.09654641841626664, "derivative_gain": 0.07401704665321784, "max_value": 101.59448798859646, "min_value": 0.048526830033292}, "pid_steer_parameters": {"proportional_gain": 2.3787451409500546, "integral_gain": 0.01512234917017599, "derivative_gain": 0.005078424698393783, "max_value": 1.996809162982767, "min_value": -2.092887524821673}, "max_forward_velocity": 0.8099673256837576, "turning_speed_ratio": 0.34123961461877905, "sharp_turn_forward_velocity": 1.802752116996616, "sharp_turn_angular_velocity": 2.1240027286297636}