{"pid_speed_parameters": {"proportional_gain": 1.7779712209397458, "integral_gain": 0.09415124841087717, "derivative_gain": 0.07740184562734237, "max_value": 101.56700991971802, "min_value": 0.07326213867485865}, "pid_steer_parameters": {"proportional_gain": 2.2211574720993292, "integral_gain": 0.029753605355350318, "derivative_gain": 0.003128332246554684, "max_value": 2.0009104636146455, "min_value": -2.0991642803561956}, "max_forward_velocity": 0.942686191486009, "turning_speed_ratio": 0.370816960694463, "sharp_turn_forward_velocity": 1.689760893276996, "sharp_turn_angular_velocity": 2.0689315467832023}