{"pid_speed_parameters": {"proportional_gain": 2.0446796449488973, "integral_gain": 0.09522998434273584, "derivative_gain": 0.0816467569469746, "max_value": 101.43655759758738, "min_value": 0.0020276089652061075}, "pid_steer_parameters": {"proportional_gain": 2.2744810161932887, "integral_gain": 0.0119118479772631, "derivative_gain": 0.009923595373486867, "max_value": 2.026689228913839, "min_value": -2.0993920406079445}, "max_forward_velocity": 1.352581048548853, "turning_speed_ratio": 0.4566940707443762, "sharp_turn_forward_velocity": 1.9363732493420247, "sharp_turn_angular_velocity": 2.1906359999998486}