{"pid_speed_parameters": {"proportional_gain": 2.3845875450411222, "integral_gain": 0.09984320744072296, "derivative_gain": 0.07583519461762855, "max_value": 101.08445275639788, "min_value": 0.02988249875866843}, "pid_steer_parameters": {"proportional_gain": 1.830338905080148, "integral_gain": 0.0006073271183332325, "derivative_gain": 0.01028112464999723, "max_value": 2.047704828457378, "min_value": -2.0999889278851613}, "max_forward_velocity": 1.0024392481981441, "turning_speed_ratio": 0.49735615105004805, "sharp_turn_forward_velocity": 1.965852088625353, "sharp_turn_angular_velocity": 2.678058204448657}