{"pid_speed_parameters": {"proportional_gain": 1.7486148275629354, "integral_gain": 0.09994067002681506, "derivative_gain": 0.08656537262853366, "max_value": 101.8443307875987, "min_value": 0.03822666043059326}, "pid_steer_parameters": {"proportional_gain": 2.678129185145881, "integral_gain": 0.005003549700148942, "derivative_gain": 0.0013440374201101573, "max_value": 1.9844832641211618, "min_value": -2.0973444007638635}, "max_forward_velocity": 0.8302916685168809, "turning_speed_ratio": 0.16549115008701495, "sharp_turn_forward_velocity": 1.9019183418323145, "sharp_turn_angular_velocity": 1.8437892962696705}