{"pid_speed_parameters": {"proportional_gain": 1.8474321046887596, "integral_gain": 0.08894982550929041, "derivative_gain": 0.0756981575602457, "max_value": 101.59000950383786, "min_value": 0.06359251467426727}, "pid_steer_parameters": {"proportional_gain": 2.121070698095895, "integral_gain": 0.03002458976618399, "derivative_gain": 0.0024793911297891274, "max_value": 1.973512429591684, "min_value": -2.0993735849671284}, "max_forward_velocity": 0.8905209311953333, "turning_speed_ratio": 0.43974013917952215, "sharp_turn_forward_velocity": 1.8180637759842617, "sharp_turn_angular_velocity": 2.115108267324271}