{"pid_speed_parameters": {"proportional_gain": 2.1965625731785563, "integral_gain": 0.09727588275662147, "derivative_gain": 0.08203183718350336, "max_value": 101.37464540023036, "min_value": 0.007781505598266217}, "pid_steer_parameters": {"proportional_gain": 1.8459971398026904, "integral_gain": 0.0058934403685809746, "derivative_gain": 0.006675253002876091, "max_value": 2.0275456057431183, "min_value": -2.0998051797816686}, "max_forward_velocity": 1.1565185406735516, "turning_speed_ratio": 0.2973073015336927, "sharp_turn_forward_velocity": 1.637445587026403, "sharp_turn_angular_velocity": 2.1633181011589127}