{"pid_speed_parameters": {"proportional_gain": 1.6705468982779685, "integral_gain": 0.09313079739624565, "derivative_gain": 0.07367993134197319, "max_value": 101.64288874373008, "min_value": 0.035640291403896025}, "pid_steer_parameters": {"proportional_gain": 2.2905806474662116, "integral_gain": 0.016962398759115004, "derivative_gain": 0.0066088261458424145, "max_value": 1.9969641816202908, "min_value": -2.095725927157804}, "max_forward_velocity": 0.9274965848803207, "turning_speed_ratio": 0.37333015173319817, "sharp_turn_forward_velocity": 1.812533254448513, "sharp_turn_angular_velocity": 2.086682561676021}