{"pid_speed_parameters": {"proportional_gain": 1.966101005160514, "integral_gain": 0.06660364513419381, "derivative_gain": 0.0678995884258036, "max_value": 101.72445858895276, "min_value": 0.09888002674401741}, "pid_steer_parameters": {"proportional_gain": 2.136647315049337, "integral_gain": 0.029072135115652698, "derivative_gain": 0.0027438650836110043, "max_value": 1.989624701138603, "min_value": -2.0870635666092054}, "max_forward_velocity": 1.1517026976715197, "turning_speed_ratio": 0.5405579384723596, "sharp_turn_forward_velocity": 1.7770932677661289, "sharp_turn_angular_velocity": 1.8006186744561692}