{"pid_speed_parameters": {"proportional_gain": 1.8686687217888007, "integral_gain": 0.08860243320320858, "derivative_gain": 0.09345515587170124, "max_value": 101.60858927711585, "min_value": 0.37578654285598134}, "pid_steer_parameters": {"proportional_gain": 1.5441005953113018, "integral_gain": 0.007268008365701156, "derivative_gain": 0.0003719808216528527, "max_value": 1.975343053261913, "min_value": -2.099403890245587}, "max_forward_velocity": 0.7632811256073162, "turning_speed_ratio": 0.051752678983366746, "sharp_turn_forward_velocity": 1.9215770307960345, "sharp_turn_angular_velocity": 2.5813820072810034}