{"pid_speed_parameters": {"proportional_gain": 1.9007940588643002, "integral_gain": 0.07782572242882745, "derivative_gain": 0.07343379412596, "max_value": 101.63152494376241, "min_value": 0.12313992737170878}, "pid_steer_parameters": {"proportional_gain": 2.019335544821496, "integral_gain": 0.019624888479544092, "derivative_gain": 0.00013087562803914047, "max_value": 1.9979677074211144, "min_value": -2.0945217506065847}, "max_forward_velocity": 1.1675689882112332, "turning_speed_ratio": 0.664312778126018, "sharp_turn_forward_velocity": 1.769883894016673, "sharp_turn_angular_velocity": 1.9653724029228383}