{"pid_speed_parameters": {"proportional_gain": 2.0261994516758906, "integral_gain": 0.08832408504935442, "derivative_gain": 0.08018426779199618, "max_value": 101.90353584653688, "min_value": 0.010386687000049116}, "pid_steer_parameters": {"proportional_gain": 1.9100944236724173, "integral_gain": 0.029658921023944657, "derivative_gain": 0.011071311815316355, "max_value": 1.927732389958837, "min_value": -2.080736430265808}, "max_forward_velocity": 1.012350950085359, "turning_speed_ratio": 0.41958693278611936, "sharp_turn_forward_velocity": 1.8338956484970026, "sharp_turn_angular_velocity": 1.7992328813965583}