{"pid_speed_parameters": {"proportional_gain": 1.3313881027248404, "integral_gain": 0.09368641446719937, "derivative_gain": 0.09497213552225806, "max_value": 101.19869640852303, "min_value": 0.020569689534874314}, "pid_steer_parameters": {"proportional_gain": 2.337731557672054, "integral_gain": 0.0006692485864921607, "derivative_gain": 0.003474931285122351, "max_value": 1.939346629166556, "min_value": -2.0858265485692633}, "max_forward_velocity": 0.7588993587238781, "turning_speed_ratio": 0.2831724724991523, "sharp_turn_forward_velocity": 1.9970234535977294, "sharp_turn_angular_velocity": 2.3067258941416315}