{"pid_speed_parameters": {"proportional_gain": 1.0000077096567492, "integral_gain": 0.09534898947924246, "derivative_gain": 0.030951045448537436, "max_value": 101.0991839916526, "min_value": 0.0014770526916435154}, "pid_steer_parameters": {"proportional_gain": 2.943249637997693, "integral_gain": 0.008616517472734588, "derivative_gain": 0.03144424552175248, "max_value": 2.036321420843012, "min_value": -1.9759081141191892}, "max_forward_velocity": 0.8246086991113262, "turning_speed_ratio": 0.022309536808496372, "sharp_turn_forward_velocity": 1.3924597091997994, "sharp_turn_angular_velocity": 2.9105976680333687}