{"pid_speed_parameters": {"proportional_gain": 1.5782606707654896, "integral_gain": 0.09943553390702706, "derivative_gain": 0.08012979882320335, "max_value": 101.18293640273205, "min_value": 0.18672796044090934}, "pid_steer_parameters": {"proportional_gain": 2.436079705150254, "integral_gain": 0.0006328490762072864, "derivative_gain": 0.011447636236399552, "max_value": 1.9747806873711027, "min_value": -2.099996066410089}, "max_forward_velocity": 1.6150306865433068, "turning_speed_ratio": 0.260181670176204, "sharp_turn_forward_velocity": 1.99754549814409, "sharp_turn_angular_velocity": 2.709230419375721}