{"pid_speed_parameters": {"proportional_gain": 2.1607032470101917, "integral_gain": 0.09689192534399341, "derivative_gain": 0.07559151653461996, "max_value": 101.39151240631088, "min_value": 0.12745728314016047}, "pid_steer_parameters": {"proportional_gain": 1.9355013066672702, "integral_gain": 0.008457190882528746, "derivative_gain": 0.010240745776289735, "max_value": 2.019901276301236, "min_value": -2.0973266203430705}, "max_forward_velocity": 0.9338419955374575, "turning_speed_ratio": 0.3883609044359366, "sharp_turn_forward_velocity": 1.936970056402774, "sharp_turn_angular_velocity": 2.2106564423513215}