{"pid_speed_parameters": {"proportional_gain": 1.9127423587905408, "integral_gain": 0.09816954369911593, "derivative_gain": 0.08042551730288751, "max_value": 101.5226034801693, "min_value": 0.006235973071736767}, "pid_steer_parameters": {"proportional_gain": 2.184706122624423, "integral_gain": 0.008859364613887354, "derivative_gain": 0.003683023586915472, "max_value": 1.9870553413897654, "min_value": -2.097821669289538}, "max_forward_velocity": 0.9627567446037792, "turning_speed_ratio": 0.37597518801839097, "sharp_turn_forward_velocity": 1.9106864411667435, "sharp_turn_angular_velocity": 2.059082307978927}