{"pid_speed_parameters": {"proportional_gain": 1.996174946455849, "integral_gain": 0.08072491371583107, "derivative_gain": 0.07712264670761905, "max_value": 101.49905615449607, "min_value": 0.1528235318480528}, "pid_steer_parameters": {"proportional_gain": 2.1137144243591566, "integral_gain": 0.0385327428054269, "derivative_gain": 0.0075614412370954825, "max_value": 1.9558530431314098, "min_value": -2.0959371631907793}, "max_forward_velocity": 1.0368046965774984, "turning_speed_ratio": 0.5985684346326136, "sharp_turn_forward_velocity": 1.6306876879604297, "sharp_turn_angular_velocity": 1.6007968033074027}