{"pid_speed_parameters": {"proportional_gain": 1.8741248232557963, "integral_gain": 0.08878741373241322, "derivative_gain": 0.08187252792653929, "max_value": 101.80797198805055, "min_value": 0.08155519500428843}, "pid_steer_parameters": {"proportional_gain": 2.1698699765686547, "integral_gain": 0.018443644509153107, "derivative_gain": 0.002842263499233864, "max_value": 2.0112108792002683, "min_value": -2.099573234069247}, "max_forward_velocity": 0.8626131174620868, "turning_speed_ratio": 0.3991188514560468, "sharp_turn_forward_velocity": 1.6352745907345074, "sharp_turn_angular_velocity": 1.9865598224649377}