{"pid_speed_parameters": {"proportional_gain": 1.7640215309643024, "integral_gain": 0.08015117583162687, "derivative_gain": 0.06211716397233945, "max_value": 100.78185544748985, "min_value": 0.0472008585986611}, "pid_steer_parameters": {"proportional_gain": 2.1556114279245233, "integral_gain": 0.00031798453399419044, "derivative_gain": 0.0007937722899380168, "max_value": 2.084145637021516, "min_value": -2.097381595204836}, "max_forward_velocity": 1.0295942978972223, "turning_speed_ratio": 0.4950133966285345, "sharp_turn_forward_velocity": 1.5723877265471125, "sharp_turn_angular_velocity": 2.699683535405704}