{"pid_speed_parameters": {"proportional_gain": 2.0449069029618085, "integral_gain": 0.08150576090994104, "derivative_gain": 0.07927567090384909, "max_value": 101.73514847376074, "min_value": 0.20640626377242655}, "pid_steer_parameters": {"proportional_gain": 2.2255327819121047, "integral_gain": 0.04144616689594352, "derivative_gain": 0.006339540283152138, "max_value": 1.9322300165327253, "min_value": -2.094563754290534}, "max_forward_velocity": 1.1484433905222586, "turning_speed_ratio": 0.6907586175354291, "sharp_turn_forward_velocity": 1.646940128121842, "sharp_turn_angular_velocity": 1.7030938683188472}