{"pid_speed_parameters": {"proportional_gain": 1.7948980075619205, "integral_gain": 0.09997954132694739, "derivative_gain": 0.0711707516986812, "max_value": 101.59349440853826, "min_value": 0.27654423514808985}, "pid_steer_parameters": {"proportional_gain": 2.4506768227287163, "integral_gain": 0.0013790016766135646, "derivative_gain": 0.008600469250300339, "max_value": 1.9819708650112462, "min_value": -2.0986877228954204}, "max_forward_velocity": 0.611041724170839, "turning_speed_ratio": 0.6704950667415538, "sharp_turn_forward_velocity": 1.9990343464260831, "sharp_turn_angular_velocity": 2.5308101354209076}