{"pid_speed_parameters": {"proportional_gain": 2.043683116394458, "integral_gain": 0.09750218993041677, "derivative_gain": 0.07923406539381304, "max_value": 101.5171212292975, "min_value": 0.10568351918035432}, "pid_steer_parameters": {"proportional_gain": 2.4203207331479115, "integral_gain": 0.011343741583155011, "derivative_gain": 0.0015413408116951761, "max_value": 2.0150305046429655, "min_value": -2.079195932659495}, "max_forward_velocity": 0.7681638784938416, "turning_speed_ratio": 0.5469626459614276, "sharp_turn_forward_velocity": 1.6935653754381599, "sharp_turn_angular_velocity": 2.151473897159441}