{"pid_speed_parameters": {"proportional_gain": 2.0694037746245204, "integral_gain": 0.09999669003704954, "derivative_gain": 0.0870542952285612, "max_value": 101.72582065896884, "min_value": 0.18982127244621977}, "pid_steer_parameters": {"proportional_gain": 2.389941375362167, "integral_gain": 0.01723205456879523, "derivative_gain": 0.006990353062196671, "max_value": 1.9761036271850516, "min_value": -2.0999109901783712}, "max_forward_velocity": 0.5282654610431119, "turning_speed_ratio": 0.26282986621996623, "sharp_turn_forward_velocity": 1.8108475468243184, "sharp_turn_angular_velocity": 2.2798558434439324}