{"pid_speed_parameters": {"proportional_gain": 1.6435948280898123, "integral_gain": 0.0998306039689691, "derivative_gain": 0.08666978649189248, "max_value": 101.98146758504869, "min_value": 0.4490291584792866}, "pid_steer_parameters": {"proportional_gain": 2.4954237063818394, "integral_gain": 0.01041083033133517, "derivative_gain": 0.006135916888126136, "max_value": 2.004353394905183, "min_value": -2.094694466969987}, "max_forward_velocity": 0.6768522467057352, "turning_speed_ratio": 0.01897619194972789, "sharp_turn_forward_velocity": 1.5774154050515048, "sharp_turn_angular_velocity": 2.1026880939530823}