{"pid_speed_parameters": {"proportional_gain": 1.7927571848650503, "integral_gain": 0.09940164821729103, "derivative_gain": 0.06839278284135494, "max_value": 101.29228249235778, "min_value": 0.01926722730253519}, "pid_steer_parameters": {"proportional_gain": 2.12603424990559, "integral_gain": 0.014972582060053922, "derivative_gain": 0.0058186217893106745, "max_value": 1.9782615113522157, "min_value": -2.0996552216669104}, "max_forward_velocity": 1.2346772096182026, "turning_speed_ratio": 0.2387676345240094, "sharp_turn_forward_velocity": 1.993251892604155, "sharp_turn_angular_velocity": 2.189256284601347}