{"pid_speed_parameters": {"proportional_gain": 1.7380535515324653, "integral_gain": 0.061817596803525214, "derivative_gain": 0.052341208584895695, "max_value": 99.54336240926865, "min_value": 0.9786032352088441}, "pid_steer_parameters": {"proportional_gain": 1.8317365309660985, "integral_gain": 0.00013222450166299734, "derivative_gain": 0.014718378243037896, "max_value": 2.059478091410493, "min_value": -1.949763248468422}, "max_forward_velocity": 1.3507048234678627, "turning_speed_ratio": 0.7929596809841244, "sharp_turn_forward_velocity": 0.3638808212751701, "sharp_turn_angular_velocity": 1.982846764735378}