{"pid_speed_parameters": {"proportional_gain": 1.493463908392296, "integral_gain": 0.09180894067546022, "derivative_gain": 0.07586581404963724, "max_value": 101.68538551483944, "min_value": 0.24057611140596719}, "pid_steer_parameters": {"proportional_gain": 1.8384961056136684, "integral_gain": 0.046220034914257975, "derivative_gain": 0.007219682776802436, "max_value": 1.9576757655506085, "min_value": -2.044051788560105}, "max_forward_velocity": 1.3610540583496202, "turning_speed_ratio": 0.0861475455223028, "sharp_turn_forward_velocity": 1.630463562413025, "sharp_turn_angular_velocity": 2.4339782942521877}