{"pid_speed_parameters": {"proportional_gain": 1.7620488743554779, "integral_gain": 0.09274800784779444, "derivative_gain": 0.0806904851482106, "max_value": 101.56996175827022, "min_value": 0.21617143426149898}, "pid_steer_parameters": {"proportional_gain": 2.6791895551276133, "integral_gain": 0.018279419092293747, "derivative_gain": 0.02063081722541412, "max_value": 1.9696798069391825, "min_value": -2.099434239321721}, "max_forward_velocity": 0.7300399011518062, "turning_speed_ratio": 0.4331131089747112, "sharp_turn_forward_velocity": 1.5937222994894118, "sharp_turn_angular_velocity": 2.7023233004546676}