{"pid_speed_parameters": {"proportional_gain": 1.68199841878679, "integral_gain": 0.0254860035917444, "derivative_gain": 0.08116346590030107, "max_value": 99.73136788565442, "min_value": 0.860094491807153}, "pid_steer_parameters": {"proportional_gain": 1.7007431599959149, "integral_gain": 4.869563508371479e-05, "derivative_gain": 0.009769638227736917, "max_value": 2.033915353066606, "min_value": -1.9653802088436123}, "max_forward_velocity": 1.9596659333261146, "turning_speed_ratio": 0.26421374701641287, "sharp_turn_forward_velocity": 0.8621382132326239, "sharp_turn_angular_velocity": 2.709349834760645}