{"pid_speed_parameters": {"proportional_gain": 1.9153479317176323, "integral_gain": 0.09920737668104358, "derivative_gain": 0.08231374921491205, "max_value": 101.44403627925267, "min_value": 0.042255123821407246}, "pid_steer_parameters": {"proportional_gain": 2.400913325373199, "integral_gain": 0.010462997404554477, "derivative_gain": 0.001455496762133856, "max_value": 2.009306086141583, "min_value": -2.0988528963967537}, "max_forward_velocity": 0.8333501000939543, "turning_speed_ratio": 0.32225587400872374, "sharp_turn_forward_velocity": 1.7728015932743206, "sharp_turn_angular_velocity": 2.216757292972349}