{"pid_speed_parameters": {"proportional_gain": 2.228792807003175, "integral_gain": 0.09883885428494928, "derivative_gain": 0.08865537430937415, "max_value": 101.55350573685077, "min_value": 0.09395784075881614}, "pid_steer_parameters": {"proportional_gain": 1.844411973772506, "integral_gain": 0.009082801274770257, "derivative_gain": 0.00613770359579091, "max_value": 2.033372052283228, "min_value": -2.0999566894992934}, "max_forward_velocity": 0.9576821840520284, "turning_speed_ratio": 0.4031812614424398, "sharp_turn_forward_velocity": 1.8357952911704618, "sharp_turn_angular_velocity": 2.245448930383847}