{"pid_speed_parameters": {"proportional_gain": 1.994517560177735, "integral_gain": 0.09435553747130897, "derivative_gain": 0.08100386653127338, "max_value": 101.38779732767769, "min_value": 0.08928320552046295}, "pid_steer_parameters": {"proportional_gain": 2.233176547696941, "integral_gain": 0.02517803471317082, "derivative_gain": 0.004333230476141643, "max_value": 1.977216339063178, "min_value": -2.0981122634616196}, "max_forward_velocity": 0.7810911298374048, "turning_speed_ratio": 0.28517344619791607, "sharp_turn_forward_velocity": 1.9310246842719196, "sharp_turn_angular_velocity": 2.188314329923963}