{"pid_speed_parameters": {"proportional_gain": 1.4638053899893286, "integral_gain": 0.05665746215525172, "derivative_gain": 0.04881221257026868, "max_value": 101.18923735213532, "min_value": 0.20025307852822272}, "pid_steer_parameters": {"proportional_gain": 2.8422677500258717, "integral_gain": 0.0032789510435396888, "derivative_gain": 0.0023238944676667824, "max_value": 2.0273302333796686, "min_value": -2.0301940640633536}, "max_forward_velocity": 1.6413996813680047, "turning_speed_ratio": 0.43016442225961604, "sharp_turn_forward_velocity": 1.227971253904324, "sharp_turn_angular_velocity": 1.8034354886051567}