{"pid_speed_parameters": {"proportional_gain": 1.627871306674351, "integral_gain": 0.07998288939694037, "derivative_gain": 0.0792296952371846, "max_value": 101.84354598675364, "min_value": 0.12095822378736054}, "pid_steer_parameters": {"proportional_gain": 2.272096107371745, "integral_gain": 0.024768643250799357, "derivative_gain": 0.0011006517739787292, "max_value": 2.0158342504406326, "min_value": -2.095730530532849}, "max_forward_velocity": 1.0839827921437912, "turning_speed_ratio": 0.4057465506625174, "sharp_turn_forward_velocity": 1.6678447006189596, "sharp_turn_angular_velocity": 1.9524737662427183}