{"pid_speed_parameters": {"proportional_gain": 2.183389385246472, "integral_gain": 0.09601443357020911, "derivative_gain": 0.08075308765093275, "max_value": 101.40112635731653, "min_value": 0.04155975987660135}, "pid_steer_parameters": {"proportional_gain": 2.1529913851580944, "integral_gain": 0.0027944057706195706, "derivative_gain": 0.012898437860932322, "max_value": 2.011928278439544, "min_value": -2.0951577912879493}, "max_forward_velocity": 1.1881976010253632, "turning_speed_ratio": 0.5593484869447204, "sharp_turn_forward_velocity": 1.8041731482246919, "sharp_turn_angular_velocity": 2.4046274648748303}