{"pid_speed_parameters": {"proportional_gain": 2.000395978319351, "integral_gain": 0.09685317855442323, "derivative_gain": 0.08757661465308351, "max_value": 101.26676192022333, "min_value": 0.3644453522947223}, "pid_steer_parameters": {"proportional_gain": 2.469517739713209, "integral_gain": 0.008987509325066553, "derivative_gain": 0.004840574939074516, "max_value": 1.9630521425805632, "min_value": -2.096189270971109}, "max_forward_velocity": 0.9786412439180547, "turning_speed_ratio": 0.03854705890386946, "sharp_turn_forward_velocity": 1.8253669590144608, "sharp_turn_angular_velocity": 2.231596745351821}