{"pid_speed_parameters": {"proportional_gain": 2.3171175087555973, "integral_gain": 0.09712558780724528, "derivative_gain": 0.08342178334016546, "max_value": 101.27420858855251, "min_value": 6.263025160816604e-06}, "pid_steer_parameters": {"proportional_gain": 2.080245385527424, "integral_gain": 0.0008536112115930042, "derivative_gain": 0.00826642546580787, "max_value": 2.0256818715233256, "min_value": -2.0970611353368467}, "max_forward_velocity": 0.9783817119022582, "turning_speed_ratio": 0.5292197346477008, "sharp_turn_forward_velocity": 1.694309763696882, "sharp_turn_angular_velocity": 2.436320197414799}