{"pid_speed_parameters": {"proportional_gain": 1.687765297598158, "integral_gain": 0.0939504222772682, "derivative_gain": 0.09299011859655446, "max_value": 101.48481010088238, "min_value": 0.06624399722379201}, "pid_steer_parameters": {"proportional_gain": 2.36554116240774, "integral_gain": 0.014133453510977124, "derivative_gain": 0.020009406450260635, "max_value": 1.9839926421423335, "min_value": -2.099701218190411}, "max_forward_velocity": 1.3186745441905956, "turning_speed_ratio": 0.11874347822763698, "sharp_turn_forward_velocity": 1.8166476675492669, "sharp_turn_angular_velocity": 2.1950356096614425}