{"pid_speed_parameters": {"proportional_gain": 1.339212701332235, "integral_gain": 0.09999849448487107, "derivative_gain": 0.0966920535100804, "max_value": 101.54702926787618, "min_value": 0.11037508203403629}, "pid_steer_parameters": {"proportional_gain": 2.653174640517742, "integral_gain": 0.02444579515264633, "derivative_gain": 0.036774487325838975, "max_value": 1.9775814655604855, "min_value": -1.9074303636167107}, "max_forward_velocity": 1.1408471874487758, "turning_speed_ratio": 0.12968109895484461, "sharp_turn_forward_velocity": 1.97560176715927, "sharp_turn_angular_velocity": 2.276612336136269}