{"pid_speed_parameters": {"proportional_gain": 1.7875899533685449, "integral_gain": 0.08288893063611814, "derivative_gain": 0.0720744395032293, "max_value": 101.66219035595446, "min_value": 0.11954341519714498}, "pid_steer_parameters": {"proportional_gain": 2.012656298806564, "integral_gain": 0.02249826151989085, "derivative_gain": 0.0073860953117761185, "max_value": 1.9727252861574534, "min_value": -2.094981179033721}, "max_forward_velocity": 0.9703393828006308, "turning_speed_ratio": 0.5159552230930287, "sharp_turn_forward_velocity": 1.4223263411624323, "sharp_turn_angular_velocity": 1.8250561005215642}