{"pid_speed_parameters": {"proportional_gain": 1.493274137014935, "integral_gain": 0.09950220377758902, "derivative_gain": 0.09480297865018855, "max_value": 100.81881487379904, "min_value": 0.06793366837504031}, "pid_steer_parameters": {"proportional_gain": 1.7364383819835496, "integral_gain": 0.005174503840311668, "derivative_gain": 0.00047301953727518336, "max_value": 1.9601001207269264, "min_value": -2.090785393288171}, "max_forward_velocity": 1.5655739883095825, "turning_speed_ratio": 0.7573979297336085, "sharp_turn_forward_velocity": 1.5393859199420659, "sharp_turn_angular_velocity": 2.20436058569547}