{"pid_speed_parameters": {"proportional_gain": 1.8793353471582643, "integral_gain": 0.09567685867258283, "derivative_gain": 0.09673380705792882, "max_value": 101.70695307055318, "min_value": 0.6177348417969316}, "pid_steer_parameters": {"proportional_gain": 1.608646726021836, "integral_gain": 0.0035587429831613116, "derivative_gain": 7.015902671330112e-05, "max_value": 1.9432879635189475, "min_value": -2.095854692025082}, "max_forward_velocity": 0.06664986982690721, "turning_speed_ratio": 0.47079082998607413, "sharp_turn_forward_velocity": 1.991200374796022, "sharp_turn_angular_velocity": 2.387482377166698}