{"pid_speed_parameters": {"proportional_gain": 1.787840009935507, "integral_gain": 0.06447298957229736, "derivative_gain": 0.0693451287550458, "max_value": 102.04165815463499, "min_value": 0.11815041918593358}, "pid_steer_parameters": {"proportional_gain": 2.4108443940061024, "integral_gain": 0.04122706111816628, "derivative_gain": 0.008064133055456833, "max_value": 1.974623696271684, "min_value": -2.0934072621188666}, "max_forward_velocity": 1.113220099802035, "turning_speed_ratio": 0.45628858761853874, "sharp_turn_forward_velocity": 1.7236750759201924, "sharp_turn_angular_velocity": 1.855041989640876}