{"pid_speed_parameters": {"proportional_gain": 2.3085682559983454, "integral_gain": 0.09436724790261014, "derivative_gain": 0.09132050154761509, "max_value": 101.41822509939928, "min_value": 0.10252268281332588}, "pid_steer_parameters": {"proportional_gain": 2.3040366388086384, "integral_gain": 5.407251637176031e-05, "derivative_gain": 0.007802504116978325, "max_value": 2.0261366229338518, "min_value": -2.0865995000811637}, "max_forward_velocity": 0.9360460644309407, "turning_speed_ratio": 0.5960112245842527, "sharp_turn_forward_velocity": 1.754957955135397, "sharp_turn_angular_velocity": 2.5088081506571456}