{"pid_speed_parameters": {"proportional_gain": 1.969430274715231, "integral_gain": 0.08112524053271218, "derivative_gain": 0.07416694093009102, "max_value": 101.35921921553832, "min_value": 0.0006927233427047176}, "pid_steer_parameters": {"proportional_gain": 1.9869142824318782, "integral_gain": 0.04333381710177531, "derivative_gain": 0.010848394540263073, "max_value": 1.9337440655982059, "min_value": -2.091249016332159}, "max_forward_velocity": 1.5045612562425628, "turning_speed_ratio": 0.40538628279132916, "sharp_turn_forward_velocity": 1.7434594005019681, "sharp_turn_angular_velocity": 1.8751849575890644}