{"pid_speed_parameters": {"proportional_gain": 1.008299767639953, "integral_gain": 0.0700609522744244, "derivative_gain": 0.07984469284445406, "max_value": 99.47309600542559, "min_value": 0.789695644031524}, "pid_steer_parameters": {"proportional_gain": 2.48683607961268, "integral_gain": 0.001259786741201087, "derivative_gain": 0.0010703205350282728, "max_value": 1.99166871227058, "min_value": -1.9237560190005656}, "max_forward_velocity": 1.2485027656628942, "turning_speed_ratio": 0.006258594463015101, "sharp_turn_forward_velocity": 0.23143580101736416, "sharp_turn_angular_velocity": 2.179817811469371}