{"pid_speed_parameters": {"proportional_gain": 1.8229275205795414, "integral_gain": 0.08173797621861828, "derivative_gain": 0.06709988762191499, "max_value": 101.4975721482593, "min_value": 0.11818568830052617}, "pid_steer_parameters": {"proportional_gain": 2.311415339825353, "integral_gain": 0.006209597349230523, "derivative_gain": 0.0034479466058278453, "max_value": 1.9971496933876334, "min_value": -2.0983281408694756}, "max_forward_velocity": 0.870844536149836, "turning_speed_ratio": 0.4410931660988867, "sharp_turn_forward_velocity": 1.8050448597391138, "sharp_turn_angular_velocity": 2.425972485828359}