{"pid_speed_parameters": {"proportional_gain": 1.7271305031189046, "integral_gain": 0.0919742359999597, "derivative_gain": 0.069019930973094, "max_value": 101.31485363321632, "min_value": 0.06601521894829526}, "pid_steer_parameters": {"proportional_gain": 2.255484483814477, "integral_gain": 0.0031764736874211725, "derivative_gain": 0.002426007276046865, "max_value": 1.9400519213043366, "min_value": -2.0957739659882844}, "max_forward_velocity": 1.242173825113159, "turning_speed_ratio": 0.010413068057219642, "sharp_turn_forward_velocity": 1.9076413197654831, "sharp_turn_angular_velocity": 2.2719022405782754}