{"pid_speed_parameters": {"proportional_gain": 1.0082583365059365, "integral_gain": 0.053378333983488506, "derivative_gain": 0.07284516488871094, "max_value": 100.33590924666896, "min_value": 0.11523064578934544}, "pid_steer_parameters": {"proportional_gain": 2.9994785505325865, "integral_gain": 0.00029286667446867673, "derivative_gain": 0.012436733409395648, "max_value": 2.091012432761022, "min_value": -1.9131617366705624}, "max_forward_velocity": 1.8466947425191182, "turning_speed_ratio": 0.14793728675124979, "sharp_turn_forward_velocity": 1.538680146490762, "sharp_turn_angular_velocity": 2.9136092170364347}