{"pid_speed_parameters": {"proportional_gain": 1.7691023660172362, "integral_gain": 0.08442376779802369, "derivative_gain": 0.06652095725718546, "max_value": 101.74820163161286, "min_value": 0.07497470022892691}, "pid_steer_parameters": {"proportional_gain": 2.1917872267469534, "integral_gain": 0.019188709032361476, "derivative_gain": 0.00449075098228369, "max_value": 2.016129536553226, "min_value": -2.0957173315811546}, "max_forward_velocity": 1.0194195683511351, "turning_speed_ratio": 0.3475518411121957, "sharp_turn_forward_velocity": 1.744746365297935, "sharp_turn_angular_velocity": 2.061049397597555}