{"pid_speed_parameters": {"proportional_gain": 1.87832514038137, "integral_gain": 0.0834107149459475, "derivative_gain": 0.07612621851477983, "max_value": 101.65544059573796, "min_value": 0.14236838269088542}, "pid_steer_parameters": {"proportional_gain": 1.9511670618604287, "integral_gain": 0.02106729920270924, "derivative_gain": 0.0012172434570243296, "max_value": 2.006737529546274, "min_value": -2.0960056223534362}, "max_forward_velocity": 1.2420666446310895, "turning_speed_ratio": 0.5384610428669556, "sharp_turn_forward_velocity": 1.7330192473011818, "sharp_turn_angular_velocity": 2.215157779898079}