{"pid_speed_parameters": {"proportional_gain": 1.8161979484974986, "integral_gain": 0.0810297875493149, "derivative_gain": 0.07171623531467294, "max_value": 101.27357593037512, "min_value": 0.0002826529903801017}, "pid_steer_parameters": {"proportional_gain": 2.8040076080417085, "integral_gain": 4.485354408926455e-05, "derivative_gain": 0.002974298570348799, "max_value": 2.045064886104389, "min_value": -2.099015509277376}, "max_forward_velocity": 0.48865489837730935, "turning_speed_ratio": 0.5193612208208409, "sharp_turn_forward_velocity": 1.984338186512117, "sharp_turn_angular_velocity": 2.99910814052943}