{"pid_speed_parameters": {"proportional_gain": 1.22234481872013, "integral_gain": 0.09636438390226959, "derivative_gain": 0.05005483152591773, "max_value": 101.04656719478064, "min_value": 0.03347818049782762}, "pid_steer_parameters": {"proportional_gain": 2.9999174830057567, "integral_gain": 0.0001901933939084304, "derivative_gain": 9.851773873519622e-06, "max_value": 2.093164701993135, "min_value": -1.9470965684555406}, "max_forward_velocity": 1.8303725327137068, "turning_speed_ratio": 0.0011591783928885469, "sharp_turn_forward_velocity": 1.293227775045644, "sharp_turn_angular_velocity": 1.505423594886062}