{"pid_speed_parameters": {"proportional_gain": 1.8514926063040977, "integral_gain": 0.07059797414256307, "derivative_gain": 0.06921667269995445, "max_value": 101.61479619282854, "min_value": 0.21098287732667853}, "pid_steer_parameters": {"proportional_gain": 2.3317775651543586, "integral_gain": 0.04252317377866603, "derivative_gain": 0.007431840599917743, "max_value": 1.9461026911163124, "min_value": -2.0983563422165297}, "max_forward_velocity": 1.058475273246203, "turning_speed_ratio": 0.4205697920174689, "sharp_turn_forward_velocity": 1.528262093729731, "sharp_turn_angular_velocity": 1.7906578859185807}