{"pid_speed_parameters": {"proportional_gain": 1.7053808113021094, "integral_gain": 0.09618158504204051, "derivative_gain": 0.07596827125626325, "max_value": 101.60085596596038, "min_value": 0.1402641729922791}, "pid_steer_parameters": {"proportional_gain": 1.9252465994253969, "integral_gain": 0.018234572015550232, "derivative_gain": 0.011435188994675119, "max_value": 1.9469561041523264, "min_value": -2.099580518105635}, "max_forward_velocity": 1.1934143001832511, "turning_speed_ratio": 0.41106838524496514, "sharp_turn_forward_velocity": 1.9691902710909528, "sharp_turn_angular_velocity": 2.024595498449359}