{"pid_speed_parameters": {"proportional_gain": 2.325876821503967, "integral_gain": 0.03893531820769498, "derivative_gain": 0.07975532566344526, "max_value": 99.88500821483377, "min_value": 0.942699617336302}, "pid_steer_parameters": {"proportional_gain": 2.9688111320804884, "integral_gain": 0.022465087556728883, "derivative_gain": 1.2589215583744993e-05, "max_value": 2.0764211631729523, "min_value": -1.9542685658306493}, "max_forward_velocity": 1.9163099415547689, "turning_speed_ratio": 0.14117589513323908, "sharp_turn_forward_velocity": 1.0244446945133776, "sharp_turn_angular_velocity": 2.718840228664831}