{"pid_speed_parameters": {"proportional_gain": 1.7396510511226821, "integral_gain": 0.09092651055840917, "derivative_gain": 0.0805143174583494, "max_value": 101.97606280641536, "min_value": 0.1025141765329933}, "pid_steer_parameters": {"proportional_gain": 2.3640006025013793, "integral_gain": 0.02064199301870891, "derivative_gain": 0.0038579563967572365, "max_value": 2.0010123195638934, "min_value": -2.0999359643942896}, "max_forward_velocity": 0.7743545771447509, "turning_speed_ratio": 0.4394985941318491, "sharp_turn_forward_velocity": 1.8044268319198373, "sharp_turn_angular_velocity": 1.9273970153855664}