{"pid_speed_parameters": {"proportional_gain": 2.072325715371968, "integral_gain": 0.06495012747902756, "derivative_gain": 0.06882951366145008, "max_value": 101.31108142687008, "min_value": 0.002228529488278831}, "pid_steer_parameters": {"proportional_gain": 2.285602486431653, "integral_gain": 0.030844335765366774, "derivative_gain": 0.004878823251713422, "max_value": 1.972418122192042, "min_value": -2.099295724380845}, "max_forward_velocity": 1.2634283883459225, "turning_speed_ratio": 0.5920635102041373, "sharp_turn_forward_velocity": 1.5252410845674522, "sharp_turn_angular_velocity": 1.6259643660259415}