{"pid_speed_parameters": {"proportional_gain": 2.0828727568098424, "integral_gain": 0.08469209923803912, "derivative_gain": 0.07851701555301105, "max_value": 101.38825601435535, "min_value": 0.10234318056124753}, "pid_steer_parameters": {"proportional_gain": 2.1402771186094176, "integral_gain": 0.03092179899863697, "derivative_gain": 0.006291199066506069, "max_value": 1.953382189906729, "min_value": -2.089148382735171}, "max_forward_velocity": 1.2731624768840535, "turning_speed_ratio": 0.5559504584287548, "sharp_turn_forward_velocity": 1.7215401908474255, "sharp_turn_angular_velocity": 1.8843015384157304}