{"pid_speed_parameters": {"proportional_gain": 2.191270051179157, "integral_gain": 0.09769305697202899, "derivative_gain": 0.07070329430424517, "max_value": 101.40176997296773, "min_value": 0.2131124265236174}, "pid_steer_parameters": {"proportional_gain": 2.219721932722793, "integral_gain": 0.0029944381200819, "derivative_gain": 0.014018677587691722, "max_value": 1.993459739932663, "min_value": -2.0991711487245053}, "max_forward_velocity": 0.8575766873980966, "turning_speed_ratio": 0.5260084553936761, "sharp_turn_forward_velocity": 1.943325591400036, "sharp_turn_angular_velocity": 2.4016853423224376}