{"pid_speed_parameters": {"proportional_gain": 1.4680837066460972, "integral_gain": 0.09999935826586004, "derivative_gain": 0.07523164808670424, "max_value": 101.71863492090394, "min_value": 0.23644334905983094}, "pid_steer_parameters": {"proportional_gain": 2.2681459350361246, "integral_gain": 0.026098321810642904, "derivative_gain": 0.00402061944795164, "max_value": 1.938492364607731, "min_value": -2.0973100103906486}, "max_forward_velocity": 0.8563224940875966, "turning_speed_ratio": 0.1517144646213502, "sharp_turn_forward_velocity": 1.7221386030293029, "sharp_turn_angular_velocity": 2.068673051392818}