{"pid_speed_parameters": {"proportional_gain": 1.5168466370132294, "integral_gain": 0.09696899802205566, "derivative_gain": 0.027987654854959874, "max_value": 100.66991813630395, "min_value": 0.11924334743495496}, "pid_steer_parameters": {"proportional_gain": 2.9723818165472786, "integral_gain": 9.987462297623703e-05, "derivative_gain": 0.02078598341243236, "max_value": 2.0355966045155305, "min_value": -2.032961077457854}, "max_forward_velocity": 1.7933723779169426, "turning_speed_ratio": 0.16593701263926203, "sharp_turn_forward_velocity": 0.8197296732055384, "sharp_turn_angular_velocity": 2.3977131924699004}