{"pid_speed_parameters": {"proportional_gain": 2.000716777550622, "integral_gain": 0.06841002438763855, "derivative_gain": 0.08484300916174312, "max_value": 101.6785573324895, "min_value": 0.1336810982591779}, "pid_steer_parameters": {"proportional_gain": 2.299205777814757, "integral_gain": 0.02610993892489552, "derivative_gain": 0.002434331592368258, "max_value": 2.0356175339790643, "min_value": -2.0889592317499663}, "max_forward_velocity": 1.2438018246836882, "turning_speed_ratio": 0.5534334535287789, "sharp_turn_forward_velocity": 1.4958210251948416, "sharp_turn_angular_velocity": 2.2508384670783554}