{"pid_speed_parameters": {"proportional_gain": 1.6588433389283277, "integral_gain": 0.08499459138867634, "derivative_gain": 0.07871938088658262, "max_value": 101.80825368629021, "min_value": 0.17601682162750965}, "pid_steer_parameters": {"proportional_gain": 2.0201766264849863, "integral_gain": 0.030880749404331945, "derivative_gain": 0.002179868331021696, "max_value": 1.9937963726630037, "min_value": -2.0898930587432565}, "max_forward_velocity": 1.0655137298430102, "turning_speed_ratio": 0.3425556021517117, "sharp_turn_forward_velocity": 1.4617296357584961, "sharp_turn_angular_velocity": 1.8196231433721888}