{"pid_speed_parameters": {"proportional_gain": 1.6875616407185476, "integral_gain": 0.0742205133274261, "derivative_gain": 0.07226852228582874, "max_value": 101.77380613026193, "min_value": 0.1778765386461778}, "pid_steer_parameters": {"proportional_gain": 2.4689032109924605, "integral_gain": 0.05123608321446717, "derivative_gain": 0.006607556299540385, "max_value": 1.9375994095358704, "min_value": -2.099897520126202}, "max_forward_velocity": 0.9552590476815617, "turning_speed_ratio": 0.5830013879805155, "sharp_turn_forward_velocity": 1.4409784085185233, "sharp_turn_angular_velocity": 1.5626545373253458}