{"pid_speed_parameters": {"proportional_gain": 1.9108290531290024, "integral_gain": 0.08155882707553219, "derivative_gain": 0.07326281625588002, "max_value": 101.73691254158923, "min_value": 0.06054196107633436}, "pid_steer_parameters": {"proportional_gain": 2.080370886451202, "integral_gain": 0.0251477551763775, "derivative_gain": 0.0021972988921545493, "max_value": 1.9790315082391379, "min_value": -2.0926732935368024}, "max_forward_velocity": 0.9937467982135182, "turning_speed_ratio": 0.45163017662407123, "sharp_turn_forward_velocity": 1.790665392912218, "sharp_turn_angular_velocity": 1.9432634587566033}