{"pid_speed_parameters": {"proportional_gain": 1.9862475898476584, "integral_gain": 0.09886818585667631, "derivative_gain": 0.0867335397726394, "max_value": 101.63399791115097, "min_value": 0.07756159473737506}, "pid_steer_parameters": {"proportional_gain": 2.1894216729702776, "integral_gain": 0.008807604432288747, "derivative_gain": 0.012166761837127527, "max_value": 1.9586290890293923, "min_value": -2.09693649569778}, "max_forward_velocity": 1.2112342333458075, "turning_speed_ratio": 0.2759217110916821, "sharp_turn_forward_velocity": 1.6719330827156909, "sharp_turn_angular_velocity": 2.1566109540253846}