{"pid_speed_parameters": {"proportional_gain": 1.650778319514353, "integral_gain": 0.09432007826309517, "derivative_gain": 0.057962573103105826, "max_value": 100.33616123848586, "min_value": 0.05357206554276425}, "pid_steer_parameters": {"proportional_gain": 2.8153106577667986, "integral_gain": 0.0014100562775263583, "derivative_gain": 0.002335638917575682, "max_value": 1.9383411031816606, "min_value": -2.072681930776305}, "max_forward_velocity": 0.9566479912516179, "turning_speed_ratio": 0.14114452568104124, "sharp_turn_forward_velocity": 1.496897663174602, "sharp_turn_angular_velocity": 2.333740006230517}