{"pid_speed_parameters": {"proportional_gain": 1.872619755965571, "integral_gain": 0.08797825587192294, "derivative_gain": 0.08120232429418212, "max_value": 101.91696430497738, "min_value": 0.11275516233881039}, "pid_steer_parameters": {"proportional_gain": 1.9159744708124355, "integral_gain": 0.022743699683018474, "derivative_gain": 0.0012115863625728424, "max_value": 2.0196177781158253, "min_value": -2.0959925751029487}, "max_forward_velocity": 1.0299202688177993, "turning_speed_ratio": 0.5183549013312376, "sharp_turn_forward_velocity": 1.591061136928486, "sharp_turn_angular_velocity": 2.127968313100153}