{"pid_speed_parameters": {"proportional_gain": 1.1559324997778186, "integral_gain": 0.0805972069475086, "derivative_gain": 0.05403949573730788, "max_value": 100.98783391082877, "min_value": 0.27656292499736373}, "pid_steer_parameters": {"proportional_gain": 2.8394090362317077, "integral_gain": 0.00183413549630051, "derivative_gain": 0.028217177910474435, "max_value": 1.9905595338275734, "min_value": -1.9647165220172322}, "max_forward_velocity": 1.5812811373026323, "turning_speed_ratio": 0.09181776454449991, "sharp_turn_forward_velocity": 1.6133475270609459, "sharp_turn_angular_velocity": 1.2960548671335446}