{"pid_speed_parameters": {"proportional_gain": 1.8815771015290874, "integral_gain": 0.09055727544166314, "derivative_gain": 0.07244288636458476, "max_value": 101.3895142456737, "min_value": 0.04870459822952892}, "pid_steer_parameters": {"proportional_gain": 2.262374246760824, "integral_gain": 0.004303880971590856, "derivative_gain": 0.014961561838065336, "max_value": 1.9575877227501162, "min_value": -2.0976996467322437}, "max_forward_velocity": 1.3664055045024825, "turning_speed_ratio": 0.45228800733554897, "sharp_turn_forward_velocity": 1.7826381678538146, "sharp_turn_angular_velocity": 2.437569649564516}