{"pid_speed_parameters": {"proportional_gain": 1.0834471441887783, "integral_gain": 0.09478497983338964, "derivative_gain": 0.07971738565230903, "max_value": 100.89321483405533, "min_value": 0.01648767287613076}, "pid_steer_parameters": {"proportional_gain": 1.720641967468204, "integral_gain": 0.0050184575789371825, "derivative_gain": 2.7434574230959063e-05, "max_value": 2.027775519170112, "min_value": -2.09433705672898}, "max_forward_velocity": 0.6685206176856875, "turning_speed_ratio": 0.2717021397649423, "sharp_turn_forward_velocity": 1.9073963499082611, "sharp_turn_angular_velocity": 2.0365937041928466}