{"pid_speed_parameters": {"proportional_gain": 1.9739728691978433, "integral_gain": 0.06448896619684569, "derivative_gain": 0.07476457779513486, "max_value": 101.60830955798605, "min_value": 0.0008434348025836448}, "pid_steer_parameters": {"proportional_gain": 2.323968149109352, "integral_gain": 0.04297447357483594, "derivative_gain": 0.013626813140056006, "max_value": 1.953738863915635, "min_value": -2.0982578473367868}, "max_forward_velocity": 1.031480095666991, "turning_speed_ratio": 0.4979520559640078, "sharp_turn_forward_velocity": 1.6613384875318415, "sharp_turn_angular_velocity": 1.626043262152367}