{"pid_speed_parameters": {"proportional_gain": 2.5540135467847946, "integral_gain": 0.0626558815497672, "derivative_gain": 0.020769921367622776, "max_value": 99.80294437179833, "min_value": 0.5942242913323698}, "pid_steer_parameters": {"proportional_gain": 2.9713848198622723, "integral_gain": 0.020095137676594536, "derivative_gain": 0.015143411150338326, "max_value": 1.9561547329980336, "min_value": -2.013654275867057}, "max_forward_velocity": 0.48251604297830697, "turning_speed_ratio": 0.42799613359960675, "sharp_turn_forward_velocity": 1.5204109838529423, "sharp_turn_angular_velocity": 2.2623376288119283}