{"pid_speed_parameters": {"proportional_gain": 1.745617970643097, "integral_gain": 0.09119686536820025, "derivative_gain": 0.06304741171942409, "max_value": 101.62368080876222, "min_value": 0.013530377412439065}, "pid_steer_parameters": {"proportional_gain": 2.3369931978261644, "integral_gain": 0.0009415162568859544, "derivative_gain": 0.010455107573137203, "max_value": 1.9321531609950175, "min_value": -2.0992056991299437}, "max_forward_velocity": 1.015318368420934, "turning_speed_ratio": 0.3890350871350897, "sharp_turn_forward_velocity": 1.9339996033121496, "sharp_turn_angular_velocity": 2.8487259473974733}