{"pid_speed_parameters": {"proportional_gain": 2.01130217769649, "integral_gain": 0.08147894198863415, "derivative_gain": 0.06211740974750922, "max_value": 101.76596096354173, "min_value": 0.17518755187856044}, "pid_steer_parameters": {"proportional_gain": 2.9674203638398353, "integral_gain": 0.00014827601449320812, "derivative_gain": 0.0005905990609618602, "max_value": 2.0429712777871005, "min_value": -2.0746281632805865}, "max_forward_velocity": 1.5285814679301024, "turning_speed_ratio": 0.4563250185684132, "sharp_turn_forward_velocity": 1.875749253922407, "sharp_turn_angular_velocity": 1.5945672487093274}