{"pid_speed_parameters": {"proportional_gain": 1.6761619654903679, "integral_gain": 0.09616830633756365, "derivative_gain": 0.08378187693354776, "max_value": 101.64982904642402, "min_value": 0.07478711185219025}, "pid_steer_parameters": {"proportional_gain": 2.5469296794869574, "integral_gain": 0.010484597385084332, "derivative_gain": 0.0025868211830014825, "max_value": 2.0100517062954864, "min_value": -2.0968819739840865}, "max_forward_velocity": 0.8893002304026356, "turning_speed_ratio": 0.3001463953487006, "sharp_turn_forward_velocity": 1.8379660633393047, "sharp_turn_angular_velocity": 2.2537093194230042}