{"pid_speed_parameters": {"proportional_gain": 2.169456722509289, "integral_gain": 0.09749555708713045, "derivative_gain": 0.0689739165681134, "max_value": 101.58705086267938, "min_value": 0.025291849410195234}, "pid_steer_parameters": {"proportional_gain": 1.7609702968469572, "integral_gain": 0.0030185721041780453, "derivative_gain": 0.004781723298484797, "max_value": 2.0188244494025427, "min_value": -2.092711004293318}, "max_forward_velocity": 0.8512115873645505, "turning_speed_ratio": 0.8088416366141754, "sharp_turn_forward_velocity": 1.6095942296572456, "sharp_turn_angular_velocity": 2.2866481371298844}