{"pid_speed_parameters": {"proportional_gain": 1.785013756633334, "integral_gain": 0.07950181525152039, "derivative_gain": 0.08450085029620501, "max_value": 101.69501650817328, "min_value": 0.14151921358642827}, "pid_steer_parameters": {"proportional_gain": 2.1343559972345725, "integral_gain": 0.02879710241050249, "derivative_gain": 0.0010356227568913089, "max_value": 2.00414517101995, "min_value": -2.0931844859040143}, "max_forward_velocity": 1.1590023080369536, "turning_speed_ratio": 0.4741921801547875, "sharp_turn_forward_velocity": 1.6121580055831457, "sharp_turn_angular_velocity": 2.0853261744905036}