{"pid_speed_parameters": {"proportional_gain": 1.9947338804203572, "integral_gain": 0.08094375101320292, "derivative_gain": 0.07353099302242348, "max_value": 101.66121012922495, "min_value": 0.013704392504123353}, "pid_steer_parameters": {"proportional_gain": 2.296862429823803, "integral_gain": 0.048551952219787774, "derivative_gain": 0.007496231051707506, "max_value": 1.9485200877290645, "min_value": -2.0999999573206023}, "max_forward_velocity": 1.0314687251280077, "turning_speed_ratio": 0.5447438062875458, "sharp_turn_forward_velocity": 1.3995741096530416, "sharp_turn_angular_velocity": 1.529698010084284}