{"pid_speed_parameters": {"proportional_gain": 2.084215867286665, "integral_gain": 0.09791734019370683, "derivative_gain": 0.08755663971717817, "max_value": 101.54056507168904, "min_value": 0.0005611175670774063}, "pid_steer_parameters": {"proportional_gain": 2.2852724420826425, "integral_gain": 0.013984407819265342, "derivative_gain": 0.0027699767299553734, "max_value": 2.012101323891726, "min_value": -2.098704038291644}, "max_forward_velocity": 0.9109979393961032, "turning_speed_ratio": 0.30815282975634, "sharp_turn_forward_velocity": 1.8312340911836928, "sharp_turn_angular_velocity": 2.132371303568832}