{"pid_speed_parameters": {"proportional_gain": 1.8252781703000744, "integral_gain": 0.09715187304497623, "derivative_gain": 0.0698159496225259, "max_value": 101.58276135889781, "min_value": 0.005535639931311233}, "pid_steer_parameters": {"proportional_gain": 2.299958446766035, "integral_gain": 0.016410892453775704, "derivative_gain": 0.0016653521425128502, "max_value": 2.0144432072579286, "min_value": -2.0983268350720854}, "max_forward_velocity": 0.88665610799932, "turning_speed_ratio": 0.3958655213604315, "sharp_turn_forward_velocity": 1.831549697721011, "sharp_turn_angular_velocity": 2.034065730724679}