{"pid_speed_parameters": {"proportional_gain": 1.6448221240572931, "integral_gain": 0.09833983192851505, "derivative_gain": 0.08374825911912352, "max_value": 101.71232754131269, "min_value": 0.22222024874206053}, "pid_steer_parameters": {"proportional_gain": 2.2989940301264085, "integral_gain": 0.002445640410558709, "derivative_gain": 0.006765003631153552, "max_value": 1.9598231969173128, "min_value": -2.099799690898069}, "max_forward_velocity": 0.9363273973513788, "turning_speed_ratio": 0.16393856451289623, "sharp_turn_forward_velocity": 1.8556734753537143, "sharp_turn_angular_velocity": 2.199760335081685}