{"pid_speed_parameters": {"proportional_gain": 1.9510171000226872, "integral_gain": 0.060163345355756875, "derivative_gain": 0.07456722202293675, "max_value": 101.60262772151233, "min_value": 0.17062821757750507}, "pid_steer_parameters": {"proportional_gain": 2.1686015142499255, "integral_gain": 0.041084348285523396, "derivative_gain": 0.01052864311459968, "max_value": 1.9397750287170257, "min_value": -2.096769576180027}, "max_forward_velocity": 1.3517977817505586, "turning_speed_ratio": 0.6586212351441304, "sharp_turn_forward_velocity": 1.6847732742816235, "sharp_turn_angular_velocity": 1.7869828515088602}