{"pid_speed_parameters": {"proportional_gain": 1.8651447078424912, "integral_gain": 0.09074349073004702, "derivative_gain": 0.06371007721260358, "max_value": 100.52219193633174, "min_value": 0.28163589915621456}, "pid_steer_parameters": {"proportional_gain": 2.9326962032718855, "integral_gain": 0.0006434830611534861, "derivative_gain": 0.0018755569720290204, "max_value": 2.0413645389041655, "min_value": -2.0209932828948385}, "max_forward_velocity": 0.17939910041440932, "turning_speed_ratio": 0.9874647445846767, "sharp_turn_forward_velocity": 1.9777645442046323, "sharp_turn_angular_velocity": 2.3346004498664517}