{"pid_speed_parameters": {"proportional_gain": 2.0114446323361577, "integral_gain": 0.058324829035185564, "derivative_gain": 0.07694790412502475, "max_value": 101.7341775376357, "min_value": 0.0004499651222736397}, "pid_steer_parameters": {"proportional_gain": 2.1614357599708205, "integral_gain": 0.04486815993667471, "derivative_gain": 0.004153373751344855, "max_value": 1.9576055626145057, "min_value": -2.0968401986203755}, "max_forward_velocity": 1.3001110569602183, "turning_speed_ratio": 0.6106217944072937, "sharp_turn_forward_velocity": 1.7330239308163236, "sharp_turn_angular_velocity": 1.5441820352886628}