{"pid_speed_parameters": {"proportional_gain": 1.4235027850932376, "integral_gain": 0.007619236784103126, "derivative_gain": 0.0746684329113305, "max_value": 100.18960652554514, "min_value": 0.8064647363794795}, "pid_steer_parameters": {"proportional_gain": 2.4312413139530196, "integral_gain": 0.07326543957358578, "derivative_gain": 0.03462161698111682, "max_value": 2.0482605356360724, "min_value": -2.015166791176818}, "max_forward_velocity": 0.9750045770461737, "turning_speed_ratio": 0.992796389514794, "sharp_turn_forward_velocity": 1.9963303609228296, "sharp_turn_angular_velocity": 1.7123467593276374}