{"pid_speed_parameters": {"proportional_gain": 1.7897686260223358, "integral_gain": 0.0974444016826333, "derivative_gain": 0.08276396699839443, "max_value": 101.5997172689555, "min_value": 0.08980965685043374}, "pid_steer_parameters": {"proportional_gain": 2.449971952660238, "integral_gain": 0.011865216173759408, "derivative_gain": 0.002070974544652686, "max_value": 2.0174119321384403, "min_value": -2.0929449844080508}, "max_forward_velocity": 0.8338046879514676, "turning_speed_ratio": 0.30726996828889136, "sharp_turn_forward_velocity": 1.8077752917452679, "sharp_turn_angular_velocity": 2.064255742466909}