{"pid_speed_parameters": {"proportional_gain": 2.059842023446003, "integral_gain": 0.06882348533977325, "derivative_gain": 0.07794389861177685, "max_value": 101.65508514019785, "min_value": 0.17318471717641187}, "pid_steer_parameters": {"proportional_gain": 2.138021988212487, "integral_gain": 0.04005670591018433, "derivative_gain": 0.010315012529174567, "max_value": 1.9477648668804861, "min_value": -2.082025267532466}, "max_forward_velocity": 1.241184548403307, "turning_speed_ratio": 0.5052607893507284, "sharp_turn_forward_velocity": 1.8041530069171152, "sharp_turn_angular_velocity": 1.829987709898743}