{"pid_speed_parameters": {"proportional_gain": 2.2113528927195727, "integral_gain": 0.09974321910495376, "derivative_gain": 0.08398506800932323, "max_value": 101.55297421528662, "min_value": 4.9470724665005675e-05}, "pid_steer_parameters": {"proportional_gain": 2.226335321726199, "integral_gain": 0.01711273409891494, "derivative_gain": 0.007328219736218106, "max_value": 2.019161999043628, "min_value": -2.0959213680702504}, "max_forward_velocity": 0.7686573315832352, "turning_speed_ratio": 0.10084469755133627, "sharp_turn_forward_velocity": 1.7168084723572001, "sharp_turn_angular_velocity": 2.108032833677334}