{"pid_speed_parameters": {"proportional_gain": 1.6466889652771477, "integral_gain": 0.035865589681350604, "derivative_gain": 0.08107756182245057, "max_value": 100.68546220907336, "min_value": 0.0072451144970520735}, "pid_steer_parameters": {"proportional_gain": 2.7048345689475877, "integral_gain": 0.012787258960792473, "derivative_gain": 0.03442261817555029, "max_value": 2.0596176620195816, "min_value": -1.9399694264465257}, "max_forward_velocity": 1.2876347272095663, "turning_speed_ratio": 0.15018509183565953, "sharp_turn_forward_velocity": 1.4673427217081914, "sharp_turn_angular_velocity": 2.225953182917654}