{"pid_speed_parameters": {"proportional_gain": 2.2062335475728716, "integral_gain": 0.09829883366933177, "derivative_gain": 0.09331603728049191, "max_value": 101.24821625762264, "min_value": 0.08926974243101155}, "pid_steer_parameters": {"proportional_gain": 2.805525334290305, "integral_gain": 0.013885151022278755, "derivative_gain": 0.015074175203660948, "max_value": 1.9759345665825558, "min_value": -2.056499969314935}, "max_forward_velocity": 1.322162060398907, "turning_speed_ratio": 0.5762500961298306, "sharp_turn_forward_velocity": 1.6437824954669498, "sharp_turn_angular_velocity": 2.3397113970777776}