{"pid_speed_parameters": {"proportional_gain": 2.130292565243992, "integral_gain": 0.043562655380037806, "derivative_gain": 0.07165311516296506, "max_value": 101.60262337015763, "min_value": 0.07672176483069484}, "pid_steer_parameters": {"proportional_gain": 1.8514992985324363, "integral_gain": 0.03438847926918245, "derivative_gain": 0.007556634166565873, "max_value": 1.988091435592269, "min_value": -2.037452814601739}, "max_forward_velocity": 1.288714885612978, "turning_speed_ratio": 0.3752681071379478, "sharp_turn_forward_velocity": 1.7208801760501926, "sharp_turn_angular_velocity": 1.8113102066419846}