{"pid_speed_parameters": {"proportional_gain": 2.370323599712636, "integral_gain": 0.09661027651591693, "derivative_gain": 0.07719569229005423, "max_value": 101.28709938125526, "min_value": 0.003839491544599433}, "pid_steer_parameters": {"proportional_gain": 2.099913918166661, "integral_gain": 9.719064108242924e-05, "derivative_gain": 0.006827726783243897, "max_value": 2.0397936526929987, "min_value": -2.0940654420645215}, "max_forward_velocity": 0.9683963019966457, "turning_speed_ratio": 0.5696789424575454, "sharp_turn_forward_velocity": 1.9109163911769893, "sharp_turn_angular_velocity": 2.2640484765357822}