{"pid_speed_parameters": {"proportional_gain": 2.464086149479826, "integral_gain": 0.0968706339962159, "derivative_gain": 0.08877858723883517, "max_value": 101.2249436527099, "min_value": 0.11516189399688828}, "pid_steer_parameters": {"proportional_gain": 2.0822822266435743, "integral_gain": 0.005049828221706, "derivative_gain": 0.00518230500964905, "max_value": 2.012996589455111, "min_value": -2.099728996241572}, "max_forward_velocity": 0.8334355846094978, "turning_speed_ratio": 0.5605503585069694, "sharp_turn_forward_velocity": 1.921933395007541, "sharp_turn_angular_velocity": 2.344958610339132}