{"pid_speed_parameters": {"proportional_gain": 2.3234008020144277, "integral_gain": 0.0970062754946424, "derivative_gain": 0.07703772106255156, "max_value": 101.47587208012905, "min_value": 0.06675073484550764}, "pid_steer_parameters": {"proportional_gain": 2.2299737943327544, "integral_gain": 0.003386787530011412, "derivative_gain": 0.008942523910073316, "max_value": 2.0283029223695395, "min_value": -2.099940260988369}, "max_forward_velocity": 1.0122956431056869, "turning_speed_ratio": 0.46522567506389634, "sharp_turn_forward_velocity": 1.9576752684812935, "sharp_turn_angular_velocity": 2.370038894023574}