{"pid_speed_parameters": {"proportional_gain": 2.103949782984234, "integral_gain": 0.09689173191884114, "derivative_gain": 0.07925998778553807, "max_value": 101.24318536720384, "min_value": 0.04939338368164334}, "pid_steer_parameters": {"proportional_gain": 2.4616932152889084, "integral_gain": 0.008724122238011105, "derivative_gain": 0.002404341521334907, "max_value": 2.0215439956315144, "min_value": -2.0947075460167963}, "max_forward_velocity": 0.8192956751731684, "turning_speed_ratio": 0.25782939504148084, "sharp_turn_forward_velocity": 1.752518054799035, "sharp_turn_angular_velocity": 2.1474488212148333}