{"pid_speed_parameters": {"proportional_gain": 1.6869958348551561, "integral_gain": 0.08623775377524287, "derivative_gain": 0.0768958630490853, "max_value": 101.76190953490571, "min_value": 0.30523242646476484}, "pid_steer_parameters": {"proportional_gain": 2.026838321566272, "integral_gain": 0.024143156482443376, "derivative_gain": 0.000299773199756374, "max_value": 2.013458520917999, "min_value": -2.0952077105567133}, "max_forward_velocity": 1.1373282158605071, "turning_speed_ratio": 0.39179035542330576, "sharp_turn_forward_velocity": 1.5799364964890907, "sharp_turn_angular_velocity": 2.0777295315551316}