{"pid_speed_parameters": {"proportional_gain": 2.0233225882394725, "integral_gain": 0.06263160315998993, "derivative_gain": 0.07785187917954334, "max_value": 101.92518706014378, "min_value": 0.08405371455556801}, "pid_steer_parameters": {"proportional_gain": 1.9671401209613049, "integral_gain": 0.035033769015745723, "derivative_gain": 0.005515359906535634, "max_value": 1.9750713212205948, "min_value": -2.0805432078104693}, "max_forward_velocity": 1.006807883475985, "turning_speed_ratio": 0.40049381990488064, "sharp_turn_forward_velocity": 1.9637439801612824, "sharp_turn_angular_velocity": 1.7066143644991305}