{"pid_speed_parameters": {"proportional_gain": 2.1756396892460144, "integral_gain": 0.08325825728472515, "derivative_gain": 0.07694795168332375, "max_value": 101.58927294206708, "min_value": 0.12216859429259003}, "pid_steer_parameters": {"proportional_gain": 2.3475214077940896, "integral_gain": 0.046918483485838526, "derivative_gain": 0.014827548536435078, "max_value": 1.953377133890058, "min_value": -2.087328161935914}, "max_forward_velocity": 1.242336557595013, "turning_speed_ratio": 0.5155348016922687, "sharp_turn_forward_velocity": 1.7477374353166002, "sharp_turn_angular_velocity": 1.5717841391228018}