{"pid_speed_parameters": {"proportional_gain": 1.4470830048673966, "integral_gain": 0.09860360799149648, "derivative_gain": 0.07667616993911512, "max_value": 101.45626939189707, "min_value": 0.13964192212167784}, "pid_steer_parameters": {"proportional_gain": 2.7179403072056787, "integral_gain": 0.0020246047265993347, "derivative_gain": 0.010299684325585872, "max_value": 1.9465149059631517, "min_value": -2.0998152180826652}, "max_forward_velocity": 0.8619512146253072, "turning_speed_ratio": 0.016681074780169607, "sharp_turn_forward_velocity": 1.9410184531293107, "sharp_turn_angular_velocity": 2.3344752071602177}