{"pid_speed_parameters": {"proportional_gain": 2.0361097261559467, "integral_gain": 0.0975916645561518, "derivative_gain": 0.07749062794249914, "max_value": 102.01261569759166, "min_value": 0.4464489514049935}, "pid_steer_parameters": {"proportional_gain": 2.5169289280540235, "integral_gain": 0.01203545700916514, "derivative_gain": 0.016329884360638085, "max_value": 1.93971406537753, "min_value": -2.0731898790876344}, "max_forward_velocity": 0.7396556427596881, "turning_speed_ratio": 0.25104473377515846, "sharp_turn_forward_velocity": 1.9878865110325703, "sharp_turn_angular_velocity": 2.081085277251007}