{"pid_speed_parameters": {"proportional_gain": 1.687950111124583, "integral_gain": 0.09968389552675401, "derivative_gain": 0.06752283830009531, "max_value": 101.41910003488843, "min_value": 0.23471129961070258}, "pid_steer_parameters": {"proportional_gain": 2.0089886922795275, "integral_gain": 0.009244390678997037, "derivative_gain": 0.014615488941962539, "max_value": 2.002802768458775, "min_value": -2.099992560293496}, "max_forward_velocity": 0.9644285991701098, "turning_speed_ratio": 0.31532378568455227, "sharp_turn_forward_velocity": 1.9999872433110546, "sharp_turn_angular_velocity": 2.774253693210176}