{"pid_speed_parameters": {"proportional_gain": 1.7465344357260237, "integral_gain": 0.09813583702615879, "derivative_gain": 0.07727733520677667, "max_value": 101.65326286854236, "min_value": 0.13817899520110402}, "pid_steer_parameters": {"proportional_gain": 2.35171444184782, "integral_gain": 0.024315172104754527, "derivative_gain": 0.004973381499775987, "max_value": 1.9942091989592856, "min_value": -2.0969892295632446}, "max_forward_velocity": 0.8349315287417545, "turning_speed_ratio": 0.40397092495038767, "sharp_turn_forward_velocity": 1.7378993442553121, "sharp_turn_angular_velocity": 1.97302582647708}