{"pid_speed_parameters": {"proportional_gain": 2.5216734445230724, "integral_gain": 0.09831655764062724, "derivative_gain": 0.08154907886426788, "max_value": 101.08472433423057, "min_value": 0.1299906555118673}, "pid_steer_parameters": {"proportional_gain": 2.033925919362162, "integral_gain": 0.019493936987666226, "derivative_gain": 0.006938979982154968, "max_value": 2.018377697017184, "min_value": -2.09563673388513}, "max_forward_velocity": 0.8164108411238367, "turning_speed_ratio": 0.4073874484015628, "sharp_turn_forward_velocity": 1.9688991190842147, "sharp_turn_angular_velocity": 2.2915746326775}