{"pid_speed_parameters": {"proportional_gain": 1.7475263604280478, "integral_gain": 0.06841886108938003, "derivative_gain": 0.06335900329295654, "max_value": 101.78277546710781, "min_value": 0.10586492362994909}, "pid_steer_parameters": {"proportional_gain": 2.2960184105430494, "integral_gain": 0.031332115529534264, "derivative_gain": 0.008078534789385153, "max_value": 1.9426185947879877, "min_value": -2.099998983889792}, "max_forward_velocity": 1.1987725157901068, "turning_speed_ratio": 0.5960014347371493, "sharp_turn_forward_velocity": 1.4226039046523056, "sharp_turn_angular_velocity": 1.77704844172276}