{"pid_speed_parameters": {"proportional_gain": 1.7776155268541027, "integral_gain": 0.07496726672012442, "derivative_gain": 0.0806993894829242, "max_value": 101.88559061355883, "min_value": 0.18669615998991412}, "pid_steer_parameters": {"proportional_gain": 2.243862975830143, "integral_gain": 0.02485258480332443, "derivative_gain": 0.003961267588619228, "max_value": 1.9668463500253062, "min_value": -2.0967193190207585}, "max_forward_velocity": 0.9382589359181055, "turning_speed_ratio": 0.40740237297329385, "sharp_turn_forward_velocity": 1.5916546870877393, "sharp_turn_angular_velocity": 1.9669942300242849}