{"pid_speed_parameters": {"proportional_gain": 1.5169213793477139, "integral_gain": 0.0983102110783069, "derivative_gain": 0.09137234766340506, "max_value": 101.13038311961078, "min_value": 0.002292054084923131}, "pid_steer_parameters": {"proportional_gain": 2.395564755423628, "integral_gain": 0.006889115935937243, "derivative_gain": 0.0026393949865409377, "max_value": 1.947475220704409, "min_value": -2.099862329531532}, "max_forward_velocity": 0.6973099966679834, "turning_speed_ratio": 0.20328555957820027, "sharp_turn_forward_velocity": 1.9395065108575376, "sharp_turn_angular_velocity": 2.302622611235585}