{"pid_speed_parameters": {"proportional_gain": 1.5426388905358035, "integral_gain": 0.09432565392110324, "derivative_gain": 0.07151081670077877, "max_value": 101.59468552318877, "min_value": 0.09869521379192314}, "pid_steer_parameters": {"proportional_gain": 2.4116039647959187, "integral_gain": 0.011516302248680563, "derivative_gain": 0.0036015100224672603, "max_value": 2.0162539369445622, "min_value": -2.0941037917021537}, "max_forward_velocity": 0.9713528670155585, "turning_speed_ratio": 0.24529641164266225, "sharp_turn_forward_velocity": 1.633197791927896, "sharp_turn_angular_velocity": 2.082421938265818}