{"pid_speed_parameters": {"proportional_gain": 2.281778144145936, "integral_gain": 0.09864986000678132, "derivative_gain": 0.083066719542599, "max_value": 101.26139440197225, "min_value": 0.10588257548852936}, "pid_steer_parameters": {"proportional_gain": 2.1053513786252918, "integral_gain": 0.0029265644731666612, "derivative_gain": 0.008417699988450626, "max_value": 2.0076655863980033, "min_value": -2.0998215057017706}, "max_forward_velocity": 1.032591379303064, "turning_speed_ratio": 0.46315841352094567, "sharp_turn_forward_velocity": 1.991015994957137, "sharp_turn_angular_velocity": 2.4695076527436717}