{"pid_speed_parameters": {"proportional_gain": 1.5976536529459533, "integral_gain": 0.09232329624357163, "derivative_gain": 0.08916689510995846, "max_value": 101.10283004719015, "min_value": 0.008217738543641277}, "pid_steer_parameters": {"proportional_gain": 2.667859062281858, "integral_gain": 0.028122491488316054, "derivative_gain": 0.004282664482236406, "max_value": 1.9453321090750515, "min_value": -2.087974759918025}, "max_forward_velocity": 1.4112881904384336, "turning_speed_ratio": 0.7634779998142052, "sharp_turn_forward_velocity": 1.8134495107322073, "sharp_turn_angular_velocity": 2.6714529337805324}