{"pid_speed_parameters": {"proportional_gain": 2.400239684691199, "integral_gain": 0.09403540197205279, "derivative_gain": 0.0685812906013982, "max_value": 101.18548099391768, "min_value": 0.030578536104380823}, "pid_steer_parameters": {"proportional_gain": 2.3579580590840203, "integral_gain": 0.00048645610455128285, "derivative_gain": 0.014176044137436544, "max_value": 1.9693064017071513, "min_value": -2.099770957577295}, "max_forward_velocity": 0.9799894671333793, "turning_speed_ratio": 0.2565651561839293, "sharp_turn_forward_velocity": 1.9999726767501365, "sharp_turn_angular_velocity": 2.4015396368576494}