{"pid_speed_parameters": {"proportional_gain": 1.685995138223317, "integral_gain": 0.09995387969517253, "derivative_gain": 0.07065704952612824, "max_value": 101.82881964613283, "min_value": 0.21858958421620056}, "pid_steer_parameters": {"proportional_gain": 2.1827547385661092, "integral_gain": 0.00024041295668857706, "derivative_gain": 0.0032835296166754905, "max_value": 2.011513908172133, "min_value": -2.0969986985683486}, "max_forward_velocity": 0.8982585350051822, "turning_speed_ratio": 0.44427362092215483, "sharp_turn_forward_velocity": 1.9461961703841901, "sharp_turn_angular_velocity": 2.0967593260319535}