{"pid_speed_parameters": {"proportional_gain": 1.57180125197879, "integral_gain": 0.0996777393380814, "derivative_gain": 0.08375901183804466, "max_value": 101.73517367803431, "min_value": 0.21839842828506406}, "pid_steer_parameters": {"proportional_gain": 2.442146838147397, "integral_gain": 0.002920502816408245, "derivative_gain": 0.01669440017040406, "max_value": 1.982789283333119, "min_value": -2.099170666501004}, "max_forward_velocity": 1.3446566800185626, "turning_speed_ratio": 0.23405802303124823, "sharp_turn_forward_velocity": 1.9993468010642572, "sharp_turn_angular_velocity": 2.6809533559180325}