{"pid_speed_parameters": {"proportional_gain": 1.6519934778488694, "integral_gain": 0.09077947785464234, "derivative_gain": 0.07358114841221014, "max_value": 101.77871468212757, "min_value": 0.11257109137750904}, "pid_steer_parameters": {"proportional_gain": 2.3051209486683715, "integral_gain": 0.0193611216577811, "derivative_gain": 0.00246413130302363, "max_value": 2.007202386650556, "min_value": -2.099377949790032}, "max_forward_velocity": 1.0661852528488973, "turning_speed_ratio": 0.4152901672615471, "sharp_turn_forward_velocity": 1.9277589644735076, "sharp_turn_angular_velocity": 2.0572205621499178}