{"pid_speed_parameters": {"proportional_gain": 1.057750901878222, "integral_gain": 0.04408827002229971, "derivative_gain": 0.01602879050548473, "max_value": 99.82060053277611, "min_value": 0.7418372006711358}, "pid_steer_parameters": {"proportional_gain": 2.6030044676976343, "integral_gain": 0.02124111179863985, "derivative_gain": 0.05071663577197936, "max_value": 1.9653589792746862, "min_value": -2.0206846378089782}, "max_forward_velocity": 1.2783580140735527, "turning_speed_ratio": 0.4688759379289501, "sharp_turn_forward_velocity": 1.3791439322036512, "sharp_turn_angular_velocity": 2.133381022855857}