{"pid_speed_parameters": {"proportional_gain": 1.656165384622979, "integral_gain": 0.09475421309649987, "derivative_gain": 0.07993041205708563, "max_value": 101.70665260055307, "min_value": 0.06376325712084488}, "pid_steer_parameters": {"proportional_gain": 2.6659410713814253, "integral_gain": 0.02138019449235509, "derivative_gain": 0.0023929375445965535, "max_value": 1.9962355542093717, "min_value": -2.0944681035648807}, "max_forward_velocity": 0.8438976937427936, "turning_speed_ratio": 0.2490510597608474, "sharp_turn_forward_velocity": 1.6049555091206025, "sharp_turn_angular_velocity": 1.9321580261675737}