{"pid_speed_parameters": {"proportional_gain": 1.8132499837880747, "integral_gain": 0.07502652093325826, "derivative_gain": 0.05711254809154638, "max_value": 101.64251102928043, "min_value": 0.09094840534923093}, "pid_steer_parameters": {"proportional_gain": 1.9291718459160858, "integral_gain": 0.027333431077027508, "derivative_gain": 0.0032093795016749365, "max_value": 1.9836406125568216, "min_value": -2.0937517925152003}, "max_forward_velocity": 1.3216246823561144, "turning_speed_ratio": 0.37012194740072246, "sharp_turn_forward_velocity": 1.9087183911084453, "sharp_turn_angular_velocity": 2.069570395469324}