{"pid_speed_parameters": {"proportional_gain": 1.7922328917999653, "integral_gain": 0.09072032728377677, "derivative_gain": 0.07923555151633553, "max_value": 101.7685229371924, "min_value": 0.06095728206202622}, "pid_steer_parameters": {"proportional_gain": 2.13918493590797, "integral_gain": 0.02299818178958599, "derivative_gain": 0.005056222702681021, "max_value": 1.9912577291930067, "min_value": -2.099891050646464}, "max_forward_velocity": 0.9005039050509076, "turning_speed_ratio": 0.4413207274541917, "sharp_turn_forward_velocity": 1.7724963049296543, "sharp_turn_angular_velocity": 2.012542384795132}