{"pid_speed_parameters": {"proportional_gain": 1.9142353999349648, "integral_gain": 0.07252571596232546, "derivative_gain": 0.06443902092045048, "max_value": 101.5254521842064, "min_value": 0.013164280415282371}, "pid_steer_parameters": {"proportional_gain": 2.0861664144226753, "integral_gain": 0.03303662102317814, "derivative_gain": 0.011573871699949726, "max_value": 1.962750194797134, "min_value": -2.0852677392991295}, "max_forward_velocity": 1.20348643207549, "turning_speed_ratio": 0.4937907119651984, "sharp_turn_forward_velocity": 1.8012979101298432, "sharp_turn_angular_velocity": 1.9680231317207277}