{"pid_speed_parameters": {"proportional_gain": 2.042697951493767, "integral_gain": 0.09538667350731167, "derivative_gain": 0.09108239167276919, "max_value": 101.2729220538953, "min_value": 0.006729702560517007}, "pid_steer_parameters": {"proportional_gain": 2.482876002362185, "integral_gain": 0.021147716523082092, "derivative_gain": 0.015475505617073374, "max_value": 1.961207074247796, "min_value": -2.099991653348579}, "max_forward_velocity": 0.4223893404184347, "turning_speed_ratio": 0.1923893910858278, "sharp_turn_forward_velocity": 1.9052987086696411, "sharp_turn_angular_velocity": 1.8250514168788758}