{"pid_speed_parameters": {"proportional_gain": 2.2742140505729065, "integral_gain": 0.09714539027209704, "derivative_gain": 0.08637242424142537, "max_value": 101.35094987511907, "min_value": 0.029806053590599582}, "pid_steer_parameters": {"proportional_gain": 2.151761067484212, "integral_gain": 0.016080218840137876, "derivative_gain": 0.007571157615278042, "max_value": 2.0041258062347067, "min_value": -2.0972368096392775}, "max_forward_velocity": 0.8098775684109598, "turning_speed_ratio": 0.4004487110587812, "sharp_turn_forward_velocity": 1.961048739643363, "sharp_turn_angular_velocity": 2.3147163411686247}