{"pid_speed_parameters": {"proportional_gain": 2.036842892433814, "integral_gain": 0.09902974029727009, "derivative_gain": 0.07585161856667758, "max_value": 101.50954255580521, "min_value": 0.14330127086154482}, "pid_steer_parameters": {"proportional_gain": 2.4691866065267662, "integral_gain": 0.009069420586036148, "derivative_gain": 0.010958432610997014, "max_value": 2.00104560190644, "min_value": -2.090640314495927}, "max_forward_velocity": 0.9365912969193726, "turning_speed_ratio": 0.37141173406135614, "sharp_turn_forward_velocity": 1.8861445690437306, "sharp_turn_angular_velocity": 2.433244520666206}