{"pid_speed_parameters": {"proportional_gain": 2.3193368368232647, "integral_gain": 0.09806835888678572, "derivative_gain": 0.08524206926696906, "max_value": 101.70662455053748, "min_value": 0.10981367669188458}, "pid_steer_parameters": {"proportional_gain": 1.8551965169963178, "integral_gain": 0.005872974803441992, "derivative_gain": 0.012163578217753492, "max_value": 2.0152182447098075, "min_value": -2.0986161818406366}, "max_forward_velocity": 0.9050699598767467, "turning_speed_ratio": 0.5375171201373989, "sharp_turn_forward_velocity": 1.9720028791312543, "sharp_turn_angular_velocity": 2.5104531321401926}