{"pid_speed_parameters": {"proportional_gain": 2.208770806122298, "integral_gain": 0.07706594640910588, "derivative_gain": 0.08011469447358208, "max_value": 101.3251127338467, "min_value": 0.0526045009933154}, "pid_steer_parameters": {"proportional_gain": 2.0315817439631876, "integral_gain": 0.047168578729438006, "derivative_gain": 0.01453084230133054, "max_value": 1.941991160908272, "min_value": -2.094053507118955}, "max_forward_velocity": 1.0027697821323573, "turning_speed_ratio": 0.5364338548853074, "sharp_turn_forward_velocity": 1.634264507672957, "sharp_turn_angular_velocity": 1.5659442230335183}