{"pid_speed_parameters": {"proportional_gain": 1.8596047844504606, "integral_gain": 0.08961085703100043, "derivative_gain": 0.07445093934063303, "max_value": 101.58050452543395, "min_value": 0.002897637829999778}, "pid_steer_parameters": {"proportional_gain": 2.235222872419469, "integral_gain": 0.01534714628703961, "derivative_gain": 0.007614675443024209, "max_value": 1.9979275225268467, "min_value": -2.0999933640573505}, "max_forward_velocity": 0.9305376323721211, "turning_speed_ratio": 0.4974120908057944, "sharp_turn_forward_velocity": 1.915096095851536, "sharp_turn_angular_velocity": 2.0361791333282375}