{"pid_speed_parameters": {"proportional_gain": 1.1764045304035249, "integral_gain": 0.09934708555449513, "derivative_gain": 0.07518216585049603, "max_value": 101.7905639062282, "min_value": 0.1873080167473929}, "pid_steer_parameters": {"proportional_gain": 1.581757047636319, "integral_gain": 0.024817880154160404, "derivative_gain": 0.00023816860345974797, "max_value": 1.98765807791349, "min_value": -2.099982671492493}, "max_forward_velocity": 1.379577597431816, "turning_speed_ratio": 0.8712959978024578, "sharp_turn_forward_velocity": 1.7782248728417225, "sharp_turn_angular_velocity": 1.1680261232480915}