{"pid_speed_parameters": {"proportional_gain": 1.014884860074591, "integral_gain": 0.09797242990301125, "derivative_gain": 0.07486501321661247, "max_value": 100.71647372370616, "min_value": 0.22173230132328817}, "pid_steer_parameters": {"proportional_gain": 2.711781132640792, "integral_gain": 0.003022386115655442, "derivative_gain": 0.0024501884655393756, "max_value": 2.0683899566433777, "min_value": -2.072486481442053}, "max_forward_velocity": 0.06340825720821826, "turning_speed_ratio": 0.4097364982053505, "sharp_turn_forward_velocity": 1.69929424507028, "sharp_turn_angular_velocity": 1.9503001911120905}