{"pid_speed_parameters": {"proportional_gain": 1.5430319374888772, "integral_gain": 0.03171510596928183, "derivative_gain": 0.0412634655902774, "max_value": 100.85791430711775, "min_value": 0.9600892277752738}, "pid_steer_parameters": {"proportional_gain": 2.9498501051743626, "integral_gain": 2.6780259256487238e-05, "derivative_gain": 0.01675578044350854, "max_value": 1.9398281312178385, "min_value": -1.9911430975337006}, "max_forward_velocity": 1.9735908745821298, "turning_speed_ratio": 0.2719840116519902, "sharp_turn_forward_velocity": 1.5765199392325804, "sharp_turn_angular_velocity": 2.538172714016118}