{"pid_speed_parameters": {"proportional_gain": 1.7824045269511966, "integral_gain": 0.09294531634996823, "derivative_gain": 0.07643247866328035, "max_value": 101.72033354228178, "min_value": 0.09220749799742578}, "pid_steer_parameters": {"proportional_gain": 2.036214542681737, "integral_gain": 0.027054834988542206, "derivative_gain": 0.0014044395262610085, "max_value": 1.9938631764556773, "min_value": -2.099498933390394}, "max_forward_velocity": 0.9778213187979485, "turning_speed_ratio": 0.4456959572463707, "sharp_turn_forward_velocity": 1.693010432870548, "sharp_turn_angular_velocity": 2.080023022697728}