{"pid_speed_parameters": {"proportional_gain": 1.7203752813678101, "integral_gain": 0.05881270303910658, "derivative_gain": 0.07658355835180386, "max_value": 99.80334838361907, "min_value": 0.5423381286884164}, "pid_steer_parameters": {"proportional_gain": 1.6865800409920113, "integral_gain": 0.0004104244459935664, "derivative_gain": 0.029441262532800994, "max_value": 1.982788939408978, "min_value": -1.9793404197931896}, "max_forward_velocity": 1.7281176571499963, "turning_speed_ratio": 0.3664537125389789, "sharp_turn_forward_velocity": 0.8674418563729939, "sharp_turn_angular_velocity": 1.9956905836622838}