{"pid_speed_parameters": {"proportional_gain": 2.1473215471831857, "integral_gain": 0.0919140380900493, "derivative_gain": 0.06897905629422693, "max_value": 101.40238231929843, "min_value": 0.0031029799082447347}, "pid_steer_parameters": {"proportional_gain": 2.0811240983314696, "integral_gain": 0.00019234788365669298, "derivative_gain": 0.010747996940732701, "max_value": 1.9671959660603466, "min_value": -2.0961555573589856}, "max_forward_velocity": 0.9254030417008181, "turning_speed_ratio": 0.3415965021488283, "sharp_turn_forward_velocity": 1.9986149856076216, "sharp_turn_angular_velocity": 2.2297720601563262}