{"pid_speed_parameters": {"proportional_gain": 1.5739847183209394, "integral_gain": 0.060537630764509825, "derivative_gain": 0.07666054713881729, "max_value": 99.78702263217247, "min_value": 0.07450175530733893}, "pid_steer_parameters": {"proportional_gain": 2.8307637583564658, "integral_gain": 7.942368326543497e-05, "derivative_gain": 0.01075515324634947, "max_value": 1.980509613879529, "min_value": -1.93972336906276}, "max_forward_velocity": 1.8379701691591894, "turning_speed_ratio": 0.012543962489622246, "sharp_turn_forward_velocity": 1.0225071032469346, "sharp_turn_angular_velocity": 2.708207942296057}