{"pid_speed_parameters": {"proportional_gain": 2.1583322171651638, "integral_gain": 0.09862157861724645, "derivative_gain": 0.07988070688392156, "max_value": 101.55464059761731, "min_value": 0.014175745352939443}, "pid_steer_parameters": {"proportional_gain": 2.3776480162962117, "integral_gain": 0.011846046328266876, "derivative_gain": 0.004270255689979472, "max_value": 2.013250641914101, "min_value": -2.090711210755545}, "max_forward_velocity": 0.9119640497698742, "turning_speed_ratio": 0.41257262682130413, "sharp_turn_forward_velocity": 1.634574345552082, "sharp_turn_angular_velocity": 2.1462085620837623}