{"pid_speed_parameters": {"proportional_gain": 1.9798805412468994, "integral_gain": 0.07492894527932598, "derivative_gain": 0.07233401401830644, "max_value": 101.4699117924295, "min_value": 0.037166380012953366}, "pid_steer_parameters": {"proportional_gain": 2.2007231128707208, "integral_gain": 0.03361892185269066, "derivative_gain": 0.008219242426212537, "max_value": 1.9362843308202262, "min_value": -2.0950706268085733}, "max_forward_velocity": 1.1254541297780725, "turning_speed_ratio": 0.3950013291349227, "sharp_turn_forward_velocity": 1.9031701371630898, "sharp_turn_angular_velocity": 1.7768059640784546}