{"pid_speed_parameters": {"proportional_gain": 2.138452927345609, "integral_gain": 0.09529892626135086, "derivative_gain": 0.08562873342455846, "max_value": 101.42511658481219, "min_value": 0.22020608541456632}, "pid_steer_parameters": {"proportional_gain": 2.0558269674602108, "integral_gain": 0.01226661680437508, "derivative_gain": 0.002349052349603431, "max_value": 2.039633138553965, "min_value": -2.099358965590256}, "max_forward_velocity": 1.0122526250906296, "turning_speed_ratio": 0.38323665225111747, "sharp_turn_forward_velocity": 1.865415408910632, "sharp_turn_angular_velocity": 2.1733624093291346}