{"pid_speed_parameters": {"proportional_gain": 1.0212877487670833, "integral_gain": 0.06594249713477263, "derivative_gain": 0.0181879409741736, "max_value": 100.01231068319808, "min_value": 0.3270190465289611}, "pid_steer_parameters": {"proportional_gain": 2.555746062376483, "integral_gain": 0.008026481061432559, "derivative_gain": 0.03788330290355123, "max_value": 1.9475149264365759, "min_value": -2.026455215452382}, "max_forward_velocity": 1.9171353319060631, "turning_speed_ratio": 0.09773224666686461, "sharp_turn_forward_velocity": 1.084315330673479, "sharp_turn_angular_velocity": 2.046096154149569}