{"pid_speed_parameters": {"proportional_gain": 2.0298220529790507, "integral_gain": 0.09773333238188488, "derivative_gain": 0.06698014012152886, "max_value": 101.735892425065, "min_value": 0.000507597592255909}, "pid_steer_parameters": {"proportional_gain": 1.9859239503146455, "integral_gain": 0.006058452337879843, "derivative_gain": 0.005415979415617506, "max_value": 1.9558028352297583, "min_value": -2.098016646594605}, "max_forward_velocity": 1.324190532954218, "turning_speed_ratio": 0.24807724581164348, "sharp_turn_forward_velocity": 1.85792819071538, "sharp_turn_angular_velocity": 2.292719338791732}