{"pid_speed_parameters": {"proportional_gain": 2.1974553012755846, "integral_gain": 0.07517855390798359, "derivative_gain": 0.07875785149590328, "max_value": 101.29896413775137, "min_value": 0.10979530966137074}, "pid_steer_parameters": {"proportional_gain": 1.903867488435942, "integral_gain": 0.03589275022871025, "derivative_gain": 0.009117076705983084, "max_value": 1.9564833566816981, "min_value": -2.0947053232408193}, "max_forward_velocity": 1.3319609276896387, "turning_speed_ratio": 0.5965605769469801, "sharp_turn_forward_velocity": 1.5344202891624616, "sharp_turn_angular_velocity": 1.6892430092855326}