{"pid_speed_parameters": {"proportional_gain": 1.7831271923156524, "integral_gain": 0.09654980833388009, "derivative_gain": 0.0841138689134066, "max_value": 101.59288495627227, "min_value": 0.09266685610058545}, "pid_steer_parameters": {"proportional_gain": 2.4565204387873605, "integral_gain": 0.0063210975116904855, "derivative_gain": 0.0011715258359859533, "max_value": 2.014009116390867, "min_value": -2.09426724899626}, "max_forward_velocity": 0.9017105994708041, "turning_speed_ratio": 0.5173474153119644, "sharp_turn_forward_velocity": 1.6811594324745585, "sharp_turn_angular_velocity": 2.141432053681857}