{"pid_speed_parameters": {"proportional_gain": 1.7561036747970231, "integral_gain": 0.0976196613298447, "derivative_gain": 0.08411716195760521, "max_value": 101.84236674887045, "min_value": 0.24527938099063734}, "pid_steer_parameters": {"proportional_gain": 2.482427868668851, "integral_gain": 0.006299668725341697, "derivative_gain": 0.02325642879202582, "max_value": 1.9298727959707198, "min_value": -2.0961911455850077}, "max_forward_velocity": 0.5659404131430281, "turning_speed_ratio": 0.018628845792072544, "sharp_turn_forward_velocity": 1.996563020340238, "sharp_turn_angular_velocity": 2.330236460524977}