{"pid_speed_parameters": {"proportional_gain": 1.4486094569878505, "integral_gain": 0.061084689632449694, "derivative_gain": 0.008971982374282556, "max_value": 100.06886375352532, "min_value": 0.37503329011930564}, "pid_steer_parameters": {"proportional_gain": 2.0751579045342066, "integral_gain": 0.018860378132811467, "derivative_gain": 0.01710207025342422, "max_value": 2.0008052597713335, "min_value": -2.0219720791086955}, "max_forward_velocity": 1.8400911055616767, "turning_speed_ratio": 0.08818066210247483, "sharp_turn_forward_velocity": 1.18543245939101, "sharp_turn_angular_velocity": 2.8868147972341704}