{"pid_speed_parameters": {"proportional_gain": 1.1576457063219703, "integral_gain": 0.06965135583811537, "derivative_gain": 0.061912839808255585, "max_value": 101.54884312093884, "min_value": 0.11628561664723605}, "pid_steer_parameters": {"proportional_gain": 2.292314458984172, "integral_gain": 1.685910085910752e-05, "derivative_gain": 0.014563077546020802, "max_value": 2.0455207081835693, "min_value": -2.057938389667785}, "max_forward_velocity": 0.8162275377265837, "turning_speed_ratio": 0.4965157294181245, "sharp_turn_forward_velocity": 1.9657444270468674, "sharp_turn_angular_velocity": 2.347582235233074}