{"pid_speed_parameters": {"proportional_gain": 1.8959967786278704, "integral_gain": 0.09066122319563714, "derivative_gain": 0.07262830939317064, "max_value": 101.31528411901988, "min_value": 0.012661107388542881}, "pid_steer_parameters": {"proportional_gain": 2.4342393609685833, "integral_gain": 0.00020831606548068685, "derivative_gain": 0.008228739200573069, "max_value": 1.9685953108609358, "min_value": -2.0988627640001027}, "max_forward_velocity": 1.0027401378357723, "turning_speed_ratio": 0.5472938291248872, "sharp_turn_forward_velocity": 1.9931878146717223, "sharp_turn_angular_velocity": 2.544740052254889}