{"pid_speed_parameters": {"proportional_gain": 1.7293043322507606, "integral_gain": 0.08766087156103246, "derivative_gain": 0.005398275862622903, "max_value": 100.02226927406134, "min_value": 0.7444668452427949}, "pid_steer_parameters": {"proportional_gain": 2.6220319774174174, "integral_gain": 0.0001255121494807019, "derivative_gain": 0.005904619961019533, "max_value": 2.06898067692275, "min_value": -1.9550364747383588}, "max_forward_velocity": 1.64978927304552, "turning_speed_ratio": 0.13719918494396657, "sharp_turn_forward_velocity": 1.8713337799747893, "sharp_turn_angular_velocity": 2.2199776878793647}