{"pid_speed_parameters": {"proportional_gain": 1.7668106893869433, "integral_gain": 0.04137733844383833, "derivative_gain": 0.026550003638169752, "max_value": 100.22793707564323, "min_value": 0.23351903096473808}, "pid_steer_parameters": {"proportional_gain": 2.0401743251047297, "integral_gain": 0.06126025505851882, "derivative_gain": 0.04034271177875256, "max_value": 2.0141747811504094, "min_value": -2.0482747303762263}, "max_forward_velocity": 1.0536205554898737, "turning_speed_ratio": 0.5447338155654371, "sharp_turn_forward_velocity": 0.45114885612345657, "sharp_turn_angular_velocity": 1.5933876650938843}