{"pid_speed_parameters": {"proportional_gain": 1.8010934637942433, "integral_gain": 0.0777555191638522, "derivative_gain": 0.05254339122516496, "max_value": 99.84213819020235, "min_value": 0.7531113410119812}, "pid_steer_parameters": {"proportional_gain": 1.8826925106249441, "integral_gain": 0.011105274273489119, "derivative_gain": 0.023408703328937585, "max_value": 2.081394585394725, "min_value": -2.0019645568940025}, "max_forward_velocity": 1.7073132322221527, "turning_speed_ratio": 0.13954658438597986, "sharp_turn_forward_velocity": 1.2375663826851007, "sharp_turn_angular_velocity": 2.5040327790249917}