{"pid_speed_parameters": {"proportional_gain": 1.0153904808587735, "integral_gain": 0.0966053368254349, "derivative_gain": 0.06845119558701367, "max_value": 101.38335254064238, "min_value": 0.015509932818066691}, "pid_steer_parameters": {"proportional_gain": 2.6666438904722294, "integral_gain": 0.002741990759470338, "derivative_gain": 0.004747747498895624, "max_value": 2.057259117215125, "min_value": -2.050593464004001}, "max_forward_velocity": 1.1649744474493942, "turning_speed_ratio": 0.10215389642920747, "sharp_turn_forward_velocity": 1.9742842194051258, "sharp_turn_angular_velocity": 1.9796513917665832}