{"pid_speed_parameters": {"proportional_gain": 1.629436044393871, "integral_gain": 0.09122104842060579, "derivative_gain": 0.07265478258515931, "max_value": 101.58678075615218, "min_value": 0.0014793368512353788}, "pid_steer_parameters": {"proportional_gain": 2.451255596564331, "integral_gain": 0.019959246074657117, "derivative_gain": 0.0018191802036991386, "max_value": 2.011859868383469, "min_value": -2.0909885798232652}, "max_forward_velocity": 0.922566358413738, "turning_speed_ratio": 0.47276941510182646, "sharp_turn_forward_velocity": 1.732069451785843, "sharp_turn_angular_velocity": 2.1768064838238854}