{"pid_speed_parameters": {"proportional_gain": 1.503618837476251, "integral_gain": 0.09577111784466875, "derivative_gain": 0.05665527857369181, "max_value": 101.80572145372389, "min_value": 0.19717719495848374}, "pid_steer_parameters": {"proportional_gain": 2.4224598280564273, "integral_gain": 0.0022187770334595935, "derivative_gain": 0.0028473826419663155, "max_value": 1.989136418798142, "min_value": -2.0800205822510223}, "max_forward_velocity": 1.578143414309688, "turning_speed_ratio": 0.6806841250497185, "sharp_turn_forward_velocity": 1.895857280231178, "sharp_turn_angular_velocity": 1.804994897879891}