{"pid_speed_parameters": {"proportional_gain": 1.0566057071680008, "integral_gain": 0.039592406697377895, "derivative_gain": 0.06284000994141573, "max_value": 99.78805761257382, "min_value": 0.3977148993984674}, "pid_steer_parameters": {"proportional_gain": 2.979820742458678, "integral_gain": 0.008262723711247397, "derivative_gain": 0.0015104562204409661, "max_value": 1.944744393371087, "min_value": -1.9563305506103266}, "max_forward_velocity": 1.9944850527001154, "turning_speed_ratio": 0.6128349686241382, "sharp_turn_forward_velocity": 1.5051312712414824, "sharp_turn_angular_velocity": 1.676382941705128}