{"pid_speed_parameters": {"proportional_gain": 1.776762492978534, "integral_gain": 0.0831497959130292, "derivative_gain": 0.07057956727302345, "max_value": 101.84706834912679, "min_value": 0.13863219091849283}, "pid_steer_parameters": {"proportional_gain": 2.2659339893729706, "integral_gain": 0.025984775153584314, "derivative_gain": 0.00020547653230250148, "max_value": 2.0108454112627205, "min_value": -2.0955708717162667}, "max_forward_velocity": 1.0487408548934183, "turning_speed_ratio": 0.33816966428184564, "sharp_turn_forward_velocity": 1.4209553764015659, "sharp_turn_angular_velocity": 1.9717806634142154}