{"pid_speed_parameters": {"proportional_gain": 2.0717815409486855, "integral_gain": 0.07962453008035794, "derivative_gain": 0.08505093630835632, "max_value": 101.66493974187262, "min_value": 0.08907735715081427}, "pid_steer_parameters": {"proportional_gain": 2.0932384947691913, "integral_gain": 0.04136391556737919, "derivative_gain": 0.009389630989440017, "max_value": 1.9316352662703442, "min_value": -2.0893340643286855}, "max_forward_velocity": 1.2198014180579129, "turning_speed_ratio": 0.6465054652637084, "sharp_turn_forward_velocity": 1.6768289030558217, "sharp_turn_angular_velocity": 1.7520659460198005}