{"pid_speed_parameters": {"proportional_gain": 1.907978494721489, "integral_gain": 0.07438894252547174, "derivative_gain": 0.07402136951348051, "max_value": 101.81385933232347, "min_value": 0.2965848387877062}, "pid_steer_parameters": {"proportional_gain": 2.2955385468879443, "integral_gain": 0.03772680141933668, "derivative_gain": 0.00629057900582896, "max_value": 1.974599428446956, "min_value": -2.0749398212567685}, "max_forward_velocity": 1.0810117696580939, "turning_speed_ratio": 0.4999195673503216, "sharp_turn_forward_velocity": 1.642794911963175, "sharp_turn_angular_velocity": 1.6334926474873708}