{"pid_speed_parameters": {"proportional_gain": 2.0255690498946217, "integral_gain": 0.0947588412035919, "derivative_gain": 0.027483241515000936, "max_value": 100.13187069756516, "min_value": 0.9793909389371127}, "pid_steer_parameters": {"proportional_gain": 2.5420003642865083, "integral_gain": 0.01133605779134273, "derivative_gain": 0.0001432081608600315, "max_value": 1.9244336766400116, "min_value": -2.045081040522982}, "max_forward_velocity": 1.5512435199377832, "turning_speed_ratio": 0.6198959557832228, "sharp_turn_forward_velocity": 0.5410890482439785, "sharp_turn_angular_velocity": 2.328057947541048}