{"pid_speed_parameters": {"proportional_gain": 1.9857443429589958, "integral_gain": 0.07411771663202354, "derivative_gain": 0.07510919447966985, "max_value": 101.74647830134417, "min_value": 0.1343176590320084}, "pid_steer_parameters": {"proportional_gain": 2.4970353890976247, "integral_gain": 0.03533465066912039, "derivative_gain": 0.0050267657208138165, "max_value": 1.9627303705250434, "min_value": -2.0957005262747375}, "max_forward_velocity": 1.033373538927735, "turning_speed_ratio": 0.5526631300238182, "sharp_turn_forward_velocity": 1.6081663666871258, "sharp_turn_angular_velocity": 1.7627288965513481}