{"pid_speed_parameters": {"proportional_gain": 2.140692078469872, "integral_gain": 0.0727455270668325, "derivative_gain": 0.0751916316304523, "max_value": 101.80429508843251, "min_value": 0.01640032270998272}, "pid_steer_parameters": {"proportional_gain": 1.8879777569495253, "integral_gain": 0.03137606065847572, "derivative_gain": 0.008793266708798864, "max_value": 1.9599713752901393, "min_value": -2.0874283123747417}, "max_forward_velocity": 1.1223791671205758, "turning_speed_ratio": 0.3966246824274568, "sharp_turn_forward_velocity": 1.862612814623481, "sharp_turn_angular_velocity": 1.9256738770197637}