{"pid_speed_parameters": {"proportional_gain": 1.731431768167239, "integral_gain": 0.09216027106409615, "derivative_gain": 0.07447012341959329, "max_value": 101.56617347209637, "min_value": 0.011445912097661003}, "pid_steer_parameters": {"proportional_gain": 2.258480888371655, "integral_gain": 0.011372035065005042, "derivative_gain": 0.001369657683742288, "max_value": 1.9967112881657971, "min_value": -2.0992918335030617}, "max_forward_velocity": 1.1233857142808141, "turning_speed_ratio": 0.4557167559461657, "sharp_turn_forward_velocity": 1.7539711299894079, "sharp_turn_angular_velocity": 2.1217274724548147}