{"pid_speed_parameters": {"proportional_gain": 2.039030510973938, "integral_gain": 0.0976303445877774, "derivative_gain": 0.0801672680420224, "max_value": 101.5329397960376, "min_value": 0.11200710577388226}, "pid_steer_parameters": {"proportional_gain": 2.2192312220225006, "integral_gain": 0.006267290817325753, "derivative_gain": 0.0031688830250975507, "max_value": 2.0004644906665088, "min_value": -2.0992653505479972}, "max_forward_velocity": 0.8517443743983488, "turning_speed_ratio": 0.4045947627960832, "sharp_turn_forward_velocity": 1.8155074335855874, "sharp_turn_angular_velocity": 2.2893503534251356}