{"pid_speed_parameters": {"proportional_gain": 1.836173239888446, "integral_gain": 0.09451606645947287, "derivative_gain": 0.0718175172561184, "max_value": 101.7199677144188, "min_value": 0.07603045426349042}, "pid_steer_parameters": {"proportional_gain": 2.1914824038346676, "integral_gain": 0.014015942897999198, "derivative_gain": 0.0042253963919613785, "max_value": 1.9968698465472312, "min_value": -2.09955283584163}, "max_forward_velocity": 0.9644857123876975, "turning_speed_ratio": 0.44637356541947193, "sharp_turn_forward_velocity": 1.809698855654938, "sharp_turn_angular_velocity": 2.1617433826759243}