{"pid_speed_parameters": {"proportional_gain": 2.1619545473047728, "integral_gain": 0.09959079283359727, "derivative_gain": 0.06251455914017759, "max_value": 101.4390215112405, "min_value": 0.3058823741995536}, "pid_steer_parameters": {"proportional_gain": 1.7518459384156106, "integral_gain": 0.0027469024813843433, "derivative_gain": 0.0006413909772930352, "max_value": 1.981000489547056, "min_value": -2.0956052366481415}, "max_forward_velocity": 0.9637633888751598, "turning_speed_ratio": 0.06454082725069651, "sharp_turn_forward_velocity": 1.5842854060359437, "sharp_turn_angular_velocity": 2.397607679713392}