{"pid_speed_parameters": {"proportional_gain": 1.8117424081901308, "integral_gain": 0.06362973944228925, "derivative_gain": 0.06910506352429341, "max_value": 101.5449813285402, "min_value": 0.046416291436645836}, "pid_steer_parameters": {"proportional_gain": 1.9109455372111175, "integral_gain": 0.04232735965484937, "derivative_gain": 0.009839023909314475, "max_value": 1.9417936120696457, "min_value": -2.0837302506885407}, "max_forward_velocity": 1.0458843006061702, "turning_speed_ratio": 0.451084352609727, "sharp_turn_forward_velocity": 1.819038958473441, "sharp_turn_angular_velocity": 1.8837569727829881}