{"pid_speed_parameters": {"proportional_gain": 2.204419980693495, "integral_gain": 0.08355043021016936, "derivative_gain": 0.07632379600677888, "max_value": 101.375450110774, "min_value": 0.05767793552706468}, "pid_steer_parameters": {"proportional_gain": 1.9314129596245506, "integral_gain": 0.03637238127217362, "derivative_gain": 0.011799610748847757, "max_value": 1.9744944196889636, "min_value": -2.0936751413014623}, "max_forward_velocity": 1.1637603120218871, "turning_speed_ratio": 0.5153856333909972, "sharp_turn_forward_velocity": 1.8406685487683276, "sharp_turn_angular_velocity": 1.8080064565460947}