{"pid_speed_parameters": {"proportional_gain": 1.7555687194061802, "integral_gain": 0.08657744337348006, "derivative_gain": 0.07517927667398963, "max_value": 101.86839467559234, "min_value": 0.09157394773375249}, "pid_steer_parameters": {"proportional_gain": 1.992344673726704, "integral_gain": 0.044002338604966725, "derivative_gain": 0.004445704460914821, "max_value": 1.9464405892369254, "min_value": -2.0977528515228716}, "max_forward_velocity": 1.0623259477425226, "turning_speed_ratio": 0.47387751532664824, "sharp_turn_forward_velocity": 1.5147958957547605, "sharp_turn_angular_velocity": 1.8613579069609063}