{"pid_speed_parameters": {"proportional_gain": 2.3729708359610173, "integral_gain": 0.09791465331677404, "derivative_gain": 0.07043931689595477, "max_value": 100.4304317653946, "min_value": 0.03299579226912605}, "pid_steer_parameters": {"proportional_gain": 1.8464932924763806, "integral_gain": 0.00020747139713687341, "derivative_gain": 0.0019854914391453644, "max_value": 1.9734795630765425, "min_value": -2.0992631033364866}, "max_forward_velocity": 1.2562279942252828, "turning_speed_ratio": 0.08148682961899889, "sharp_turn_forward_velocity": 1.4600188028704246, "sharp_turn_angular_velocity": 2.347254228943373}