{"pid_speed_parameters": {"proportional_gain": 1.9216039536783471, "integral_gain": 0.06991040810901382, "derivative_gain": 0.07838703100155445, "max_value": 101.80848129520048, "min_value": 0.05026781757312901}, "pid_steer_parameters": {"proportional_gain": 2.253153293246136, "integral_gain": 0.03100102011412591, "derivative_gain": 0.004108645999600236, "max_value": 1.9608101772751028, "min_value": -2.097188541380222}, "max_forward_velocity": 1.2065772049864318, "turning_speed_ratio": 0.5854559518368497, "sharp_turn_forward_velocity": 1.6597740845096958, "sharp_turn_angular_velocity": 1.8146352347431953}