{"pid_speed_parameters": {"proportional_gain": 2.1453722324225044, "integral_gain": 0.06781798843848194, "derivative_gain": 0.07308089240439554, "max_value": 101.51047151305997, "min_value": 0.07302418923305479}, "pid_steer_parameters": {"proportional_gain": 2.098903219541855, "integral_gain": 0.03572574813372464, "derivative_gain": 0.008250008900528214, "max_value": 1.9543932041587588, "min_value": -2.083267242198426}, "max_forward_velocity": 1.2194520620221254, "turning_speed_ratio": 0.5422580573123246, "sharp_turn_forward_velocity": 1.7807158169175512, "sharp_turn_angular_velocity": 1.6910722598079886}