{"pid_speed_parameters": {"proportional_gain": 1.7966254442004548, "integral_gain": 0.09698498501920678, "derivative_gain": 0.08041360092206487, "max_value": 101.56502802596381, "min_value": 0.01086543832147271}, "pid_steer_parameters": {"proportional_gain": 2.4120271449649135, "integral_gain": 0.016049528481009486, "derivative_gain": 0.0004164818159543123, "max_value": 1.99930326735156, "min_value": -2.0977733456238}, "max_forward_velocity": 0.931248714635065, "turning_speed_ratio": 0.3570828039482822, "sharp_turn_forward_velocity": 1.6491195463559967, "sharp_turn_angular_velocity": 2.199396043996596}