{"pid_speed_parameters": {"proportional_gain": 1.983160097426243, "integral_gain": 0.08807225282947366, "derivative_gain": 0.07897056781752997, "max_value": 101.51007556759555, "min_value": 0.1584423293723305}, "pid_steer_parameters": {"proportional_gain": 2.185047854627035, "integral_gain": 0.030345126526989816, "derivative_gain": 0.006547135107586894, "max_value": 1.9508078368881265, "min_value": -2.081865011736729}, "max_forward_velocity": 1.1437381064699632, "turning_speed_ratio": 0.4585538682074266, "sharp_turn_forward_velocity": 1.959166548537028, "sharp_turn_angular_velocity": 1.9856086867565095}