{"pid_speed_parameters": {"proportional_gain": 1.8384771008373697, "integral_gain": 0.06778387820598669, "derivative_gain": 0.07994955590323376, "max_value": 101.79733959262646, "min_value": 0.10004094824864038}, "pid_steer_parameters": {"proportional_gain": 1.8716315809041137, "integral_gain": 0.0347026296063966, "derivative_gain": 0.005026257899005951, "max_value": 1.9737037972969607, "min_value": -2.0563569801423958}, "max_forward_velocity": 1.4258398515596993, "turning_speed_ratio": 0.5293790345289824, "sharp_turn_forward_velocity": 1.775159238615237, "sharp_turn_angular_velocity": 1.99136416242722}