{"pid_speed_parameters": {"proportional_gain": 1.8231597774109518, "integral_gain": 0.09709015189576768, "derivative_gain": 0.06934361633943349, "max_value": 101.64132995442706, "min_value": 0.13906674286013584}, "pid_steer_parameters": {"proportional_gain": 2.1945766205377852, "integral_gain": 0.0026676266977201444, "derivative_gain": 0.011146175017109367, "max_value": 1.9621897763017846, "min_value": -2.099785942928872}, "max_forward_velocity": 0.903810615528859, "turning_speed_ratio": 0.1335015585598377, "sharp_turn_forward_velocity": 1.6101267510734785, "sharp_turn_angular_velocity": 2.382064626972604}