{"pid_speed_parameters": {"proportional_gain": 1.9005111206502268, "integral_gain": 0.09991708138301662, "derivative_gain": 0.08136081036863545, "max_value": 101.6418793504731, "min_value": 0.07787138994880638}, "pid_steer_parameters": {"proportional_gain": 2.2500526111685923, "integral_gain": 0.002143585605021314, "derivative_gain": 0.0065411011976567275, "max_value": 1.9699301309201074, "min_value": -2.098287169646161}, "max_forward_velocity": 1.064229097105307, "turning_speed_ratio": 0.15251967135921807, "sharp_turn_forward_velocity": 1.6514878302208662, "sharp_turn_angular_velocity": 2.5974735479276494}