{"pid_speed_parameters": {"proportional_gain": 1.1363042432183148, "integral_gain": 0.013632067078464708, "derivative_gain": 0.05505852614105408, "max_value": 99.2230267746779, "min_value": 0.7062725536025068}, "pid_steer_parameters": {"proportional_gain": 1.9492456880684608, "integral_gain": 0.04104678436691424, "derivative_gain": 0.0019280595723329345, "max_value": 2.0598169046479526, "min_value": -2.08022015530292}, "max_forward_velocity": 1.5785291754871693, "turning_speed_ratio": 0.05373992882254819, "sharp_turn_forward_velocity": 0.25478518684220597, "sharp_turn_angular_velocity": 2.2084412430363534}