{"pid_speed_parameters": {"proportional_gain": 1.5939981070923732, "integral_gain": 0.0779664794666157, "derivative_gain": 0.028160556349273107, "max_value": 101.25425085637718, "min_value": 0.03075648715175194}, "pid_steer_parameters": {"proportional_gain": 2.7190307928792277, "integral_gain": 0.001743533007495418, "derivative_gain": 0.04221669129796635, "max_value": 2.0796762212353905, "min_value": -1.903598552415088}, "max_forward_velocity": 1.0678860817618143, "turning_speed_ratio": 0.5645942078248006, "sharp_turn_forward_velocity": 1.7493873774425686, "sharp_turn_angular_velocity": 1.7488307688788305}