{"pid_speed_parameters": {"proportional_gain": 1.7066606609519277, "integral_gain": 0.09818176148232881, "derivative_gain": 0.05961514184699682, "max_value": 101.72872472555838, "min_value": 0.01624919074369978}, "pid_steer_parameters": {"proportional_gain": 1.8661927301245718, "integral_gain": 0.006136377606627869, "derivative_gain": 0.016609672819147055, "max_value": 1.948355401305143, "min_value": -2.09732001365705}, "max_forward_velocity": 1.1562872478882877, "turning_speed_ratio": 0.30841508888078195, "sharp_turn_forward_velocity": 1.820080614466282, "sharp_turn_angular_velocity": 2.5750157708112025}