{"pid_speed_parameters": {"proportional_gain": 1.825972890216305, "integral_gain": 0.09185184666441902, "derivative_gain": 0.07957883918687636, "max_value": 101.72043426794572, "min_value": 0.07586017831430997}, "pid_steer_parameters": {"proportional_gain": 2.329826579921038, "integral_gain": 0.017761737607456512, "derivative_gain": 0.004239583403525764, "max_value": 2.009960087965429, "min_value": -2.0996954013496443}, "max_forward_velocity": 0.8511512696145704, "turning_speed_ratio": 0.5358685218773411, "sharp_turn_forward_velocity": 1.9568005913994648, "sharp_turn_angular_velocity": 2.1162123489069895}