{"pid_speed_parameters": {"proportional_gain": 1.0220890141764885, "integral_gain": 0.06952582154997199, "derivative_gain": 0.04746527202085613, "max_value": 99.92292553383676, "min_value": 0.7601964922083115}, "pid_steer_parameters": {"proportional_gain": 1.895748315622513, "integral_gain": 0.04879069123001929, "derivative_gain": 0.01927783316925612, "max_value": 2.0065532159475903, "min_value": -1.9775877509563957}, "max_forward_velocity": 1.929448966677543, "turning_speed_ratio": 0.9885429563593547, "sharp_turn_forward_velocity": 0.35837557497883954, "sharp_turn_angular_velocity": 2.4916988722970825}