{"pid_speed_parameters": {"proportional_gain": 2.9894599478882427, "integral_gain": 0.07449830990485437, "derivative_gain": 0.04154706352102668, "max_value": 100.75192801235008, "min_value": 0.4264820527997233}, "pid_steer_parameters": {"proportional_gain": 2.279590604026422, "integral_gain": 0.035583111794012176, "derivative_gain": 0.016574876172004073, "max_value": 2.097851992309821, "min_value": -2.046546292985856}, "max_forward_velocity": 1.958517448108819, "turning_speed_ratio": 0.5608906943563692, "sharp_turn_forward_velocity": 1.8625646657649049, "sharp_turn_angular_velocity": 2.815896410225795}