{"pid_speed_parameters": {"proportional_gain": 2.4296479818978853, "integral_gain": 0.018987453167638724, "derivative_gain": 0.0721405274752131, "max_value": 100.22440637833763, "min_value": 0.2402656008101251}, "pid_steer_parameters": {"proportional_gain": 1.8265886187498124, "integral_gain": 0.019628668313562487, "derivative_gain": 0.04502623060139048, "max_value": 2.039895398877743, "min_value": -1.9514756249251026}, "max_forward_velocity": 1.749081612630023, "turning_speed_ratio": 0.39143093919393007, "sharp_turn_forward_velocity": 1.574427083093123, "sharp_turn_angular_velocity": 2.1658635481609103}