{"pid_speed_parameters": {"proportional_gain": 1.584321045723669, "integral_gain": 0.07239274020675496, "derivative_gain": 0.007872840222899328, "max_value": 100.60943759793157, "min_value": 0.6661608154811314}, "pid_steer_parameters": {"proportional_gain": 2.1929733610994897, "integral_gain": 0.004617840405529476, "derivative_gain": 0.0012894480177380436, "max_value": 1.9990938036146553, "min_value": -1.938490283159488}, "max_forward_velocity": 1.3998527037875108, "turning_speed_ratio": 0.34389934665250915, "sharp_turn_forward_velocity": 1.9975521830626901, "sharp_turn_angular_velocity": 1.2107181231894102}