{"pid_speed_parameters": {"proportional_gain": 1.8852687346248693, "integral_gain": 0.08969998309839225, "derivative_gain": 0.079959389338634, "max_value": 101.70144460843821, "min_value": 0.011084463670646204}, "pid_steer_parameters": {"proportional_gain": 2.2585689625929546, "integral_gain": 0.01705909131682464, "derivative_gain": 0.004921679516025441, "max_value": 1.9924799675952927, "min_value": -2.0999999986096034}, "max_forward_velocity": 0.88794475739298, "turning_speed_ratio": 0.49079743494313677, "sharp_turn_forward_velocity": 1.7667791939530415, "sharp_turn_angular_velocity": 2.1734611763979306}