{"pid_speed_parameters": {"proportional_gain": 1.612821746184212, "integral_gain": 0.07961697553923325, "derivative_gain": 0.0737495893618994, "max_value": 101.98793565826968, "min_value": 0.17656447479372778}, "pid_steer_parameters": {"proportional_gain": 2.2672025751294655, "integral_gain": 0.035208771213862726, "derivative_gain": 0.001790808089180964, "max_value": 2.002650826564994, "min_value": -2.0845110606836905}, "max_forward_velocity": 1.0330833266499018, "turning_speed_ratio": 0.19269372030831677, "sharp_turn_forward_velocity": 1.747729690902188, "sharp_turn_angular_velocity": 2.0595075839297436}