{"pid_speed_parameters": {"proportional_gain": 2.0779444116197743, "integral_gain": 0.0983869342517517, "derivative_gain": 0.02912075554326632, "max_value": 101.04951855744346, "min_value": 0.55969346234418}, "pid_steer_parameters": {"proportional_gain": 2.999915159335167, "integral_gain": 0.0011585312449164202, "derivative_gain": 0.009142013758879998, "max_value": 2.0763240059697705, "min_value": -1.9719096278070347}, "max_forward_velocity": 1.6554977948170515, "turning_speed_ratio": 0.19691620869125426, "sharp_turn_forward_velocity": 1.1783000095152774, "sharp_turn_angular_velocity": 2.1593611286992918}