{"pid_speed_parameters": {"proportional_gain": 1.8766380571538859, "integral_gain": 0.06944496240639929, "derivative_gain": 0.07681260702759078, "max_value": 101.50725483269657, "min_value": 0.009456559313659975}, "pid_steer_parameters": {"proportional_gain": 1.9967917846313168, "integral_gain": 0.04190809640448309, "derivative_gain": 0.006257286756137578, "max_value": 1.930367573831012, "min_value": -2.088101629458552}, "max_forward_velocity": 1.3444189291487103, "turning_speed_ratio": 0.46764496957481816, "sharp_turn_forward_velocity": 1.7592304888564922, "sharp_turn_angular_velocity": 1.707890548990993}