{"pid_speed_parameters": {"proportional_gain": 1.890200460459685, "integral_gain": 0.09975773384082404, "derivative_gain": 0.07872769264234611, "max_value": 101.50298802255402, "min_value": 0.037458752436028156}, "pid_steer_parameters": {"proportional_gain": 2.4006345721129936, "integral_gain": 0.016806066476767162, "derivative_gain": 0.0026054074971449265, "max_value": 2.0102911678155877, "min_value": -2.0962286132060037}, "max_forward_velocity": 0.8030408783501191, "turning_speed_ratio": 0.4447488045901963, "sharp_turn_forward_velocity": 1.7532575033659268, "sharp_turn_angular_velocity": 1.930678201103208}