{"pid_speed_parameters": {"proportional_gain": 2.1617987441761564, "integral_gain": 0.057818297864053445, "derivative_gain": 0.0793211761692464, "max_value": 101.58230662237123, "min_value": 0.1582769621681615}, "pid_steer_parameters": {"proportional_gain": 2.1714845492177033, "integral_gain": 0.026311385184249976, "derivative_gain": 0.009058460073279703, "max_value": 1.955284021568108, "min_value": -2.086203333633663}, "max_forward_velocity": 1.1925042153673717, "turning_speed_ratio": 0.7087220937171824, "sharp_turn_forward_velocity": 1.7860648978896403, "sharp_turn_angular_velocity": 1.6667119122499032}