{"pid_speed_parameters": {"proportional_gain": 1.1768020069535445, "integral_gain": 0.08340872835106553, "derivative_gain": 0.05740864014927854, "max_value": 101.39358568175568, "min_value": 0.00017289148412245864}, "pid_steer_parameters": {"proportional_gain": 2.9323458047647035, "integral_gain": 0.023571862158474777, "derivative_gain": 3.5187892834217655e-06, "max_value": 2.0605116861450106, "min_value": -2.0456587127650434}, "max_forward_velocity": 1.5515386699022116, "turning_speed_ratio": 0.21672823053736623, "sharp_turn_forward_velocity": 1.9870500084584313, "sharp_turn_angular_velocity": 2.2076599653734026}