{"pid_speed_parameters": {"proportional_gain": 2.068937383255098, "integral_gain": 0.0966624797806494, "derivative_gain": 0.08997599597650928, "max_value": 101.42227144634164, "min_value": 0.0021907277389353387}, "pid_steer_parameters": {"proportional_gain": 2.0868332964241083, "integral_gain": 0.008984855340835098, "derivative_gain": 0.004570194736481122, "max_value": 1.9138740710121478, "min_value": -2.097868425891351}, "max_forward_velocity": 0.5363413061788584, "turning_speed_ratio": 0.2831153089879792, "sharp_turn_forward_velocity": 1.8963854911273004, "sharp_turn_angular_velocity": 1.6810874945734682}