{"pid_speed_parameters": {"proportional_gain": 2.100747677544258, "integral_gain": 0.0993882729171222, "derivative_gain": 0.08095055461826459, "max_value": 101.62574667086204, "min_value": 0.11215225160274561}, "pid_steer_parameters": {"proportional_gain": 2.3194072396359933, "integral_gain": 0.020015260062349386, "derivative_gain": 0.003932043036905732, "max_value": 2.0092496560270754, "min_value": -2.098666716310042}, "max_forward_velocity": 0.769388633781336, "turning_speed_ratio": 0.32536819418179935, "sharp_turn_forward_velocity": 1.7842680833513151, "sharp_turn_angular_velocity": 2.155292049861921}