{"pid_speed_parameters": {"proportional_gain": 2.535464145118099, "integral_gain": 0.09966621748834012, "derivative_gain": 0.0824045158992745, "max_value": 101.18275609637728, "min_value": 0.00440223897391714}, "pid_steer_parameters": {"proportional_gain": 1.9806397552904274, "integral_gain": 0.0017146870724644228, "derivative_gain": 0.01866040528529474, "max_value": 2.014116031743744, "min_value": -2.0993680142735367}, "max_forward_velocity": 1.0620706277235512, "turning_speed_ratio": 0.3596115357615409, "sharp_turn_forward_velocity": 1.9646133508998316, "sharp_turn_angular_velocity": 2.2054559790592334}