{"pid_speed_parameters": {"proportional_gain": 1.7174416732507338, "integral_gain": 0.08771501512583921, "derivative_gain": 0.07681461678577875, "max_value": 101.8102633685888, "min_value": 0.18794643065656635}, "pid_steer_parameters": {"proportional_gain": 2.094266220638163, "integral_gain": 0.024824895111205437, "derivative_gain": 0.00217047650717542, "max_value": 2.0047676372074745, "min_value": -2.099862645664409}, "max_forward_velocity": 0.939851676924508, "turning_speed_ratio": 0.47532963020331376, "sharp_turn_forward_velocity": 1.5279239377311415, "sharp_turn_angular_velocity": 1.9084664252246941}