{"pid_speed_parameters": {"proportional_gain": 2.459609734767932, "integral_gain": 0.09786477072398216, "derivative_gain": 0.0789265551167118, "max_value": 100.96892909390534, "min_value": 0.04375125196296588}, "pid_steer_parameters": {"proportional_gain": 1.8890171948020529, "integral_gain": 0.008138826758895556, "derivative_gain": 0.006555037657017101, "max_value": 2.0211441944209225, "min_value": -2.095428543656995}, "max_forward_velocity": 0.6049471694823758, "turning_speed_ratio": 0.5483063573747367, "sharp_turn_forward_velocity": 1.8285876339423197, "sharp_turn_angular_velocity": 2.216081175995369}