{"pid_speed_parameters": {"proportional_gain": 1.8715686202684396, "integral_gain": 0.04708568820086398, "derivative_gain": 0.06116198048613933, "max_value": 99.24721139631843, "min_value": 0.49320970111198037}, "pid_steer_parameters": {"proportional_gain": 2.1859376258569614, "integral_gain": 0.004178187759043915, "derivative_gain": 0.006691234394394201, "max_value": 1.9178655912841276, "min_value": -1.9422645939932324}, "max_forward_velocity": 1.5363776631264172, "turning_speed_ratio": 0.04993785186926, "sharp_turn_forward_velocity": 0.5883089861702588, "sharp_turn_angular_velocity": 1.5447029624039454}