{"pid_speed_parameters": {"proportional_gain": 1.9293467677896683, "integral_gain": 0.07128005738810528, "derivative_gain": 0.06815156380884832, "max_value": 101.52919419655616, "min_value": 0.043788891515505454}, "pid_steer_parameters": {"proportional_gain": 2.247814589483764, "integral_gain": 0.04760336435586005, "derivative_gain": 0.007725965231967481, "max_value": 1.9469620327262858, "min_value": -2.0983026029013585}, "max_forward_velocity": 1.4564856149447467, "turning_speed_ratio": 0.5133780360745068, "sharp_turn_forward_velocity": 1.5641207151155538, "sharp_turn_angular_velocity": 1.685095871465343}