{"pid_speed_parameters": {"proportional_gain": 2.0394591298280655, "integral_gain": 0.09668145837070098, "derivative_gain": 0.07153585395789558, "max_value": 101.492237600465, "min_value": 0.06959126116434292}, "pid_steer_parameters": {"proportional_gain": 2.357765886744149, "integral_gain": 0.009476389358030801, "derivative_gain": 0.004465779076216457, "max_value": 2.0170254026229193, "min_value": -2.096779143604581}, "max_forward_velocity": 0.8558846501581514, "turning_speed_ratio": 0.3467415570164468, "sharp_turn_forward_velocity": 1.7845276907707797, "sharp_turn_angular_velocity": 2.157678918576001}