{"pid_speed_parameters": {"proportional_gain": 1.7574402607445068, "integral_gain": 0.09954598814242226, "derivative_gain": 0.0771807864983417, "max_value": 101.55351318589406, "min_value": 0.06556651312356848}, "pid_steer_parameters": {"proportional_gain": 2.1972182326591776, "integral_gain": 0.012909143251845539, "derivative_gain": 0.01996147791882128, "max_value": 1.9567853614224464, "min_value": -2.0978265629733652}, "max_forward_velocity": 1.6330721879320238, "turning_speed_ratio": 0.21437952489836454, "sharp_turn_forward_velocity": 1.9964673950923426, "sharp_turn_angular_velocity": 2.7223475533727144}