{"pid_speed_parameters": {"proportional_gain": 2.2043396926341288, "integral_gain": 0.09612742894143633, "derivative_gain": 0.08982539381368758, "max_value": 101.50826262173406, "min_value": 0.050863556860576004}, "pid_steer_parameters": {"proportional_gain": 2.5325715685502583, "integral_gain": 0.0006309071146690321, "derivative_gain": 0.018547497455721085, "max_value": 2.0105856907828445, "min_value": -2.099467127429854}, "max_forward_velocity": 0.9143083940454297, "turning_speed_ratio": 0.3082839643219549, "sharp_turn_forward_velocity": 1.9971724063819034, "sharp_turn_angular_velocity": 2.107018214219345}