{"pid_speed_parameters": {"proportional_gain": 2.0947502790781147, "integral_gain": 0.09915718181731817, "derivative_gain": 0.08403243974114383, "max_value": 101.61100387900444, "min_value": 0.2748006297801861}, "pid_steer_parameters": {"proportional_gain": 2.1081863092652995, "integral_gain": 0.011727030342303825, "derivative_gain": 0.009430720793797386, "max_value": 1.958164036642427, "min_value": -2.0999328755964615}, "max_forward_velocity": 0.8602542348219493, "turning_speed_ratio": 0.028212146977653434, "sharp_turn_forward_velocity": 1.5863720606864433, "sharp_turn_angular_velocity": 1.790731297846365}