{"pid_speed_parameters": {"proportional_gain": 2.003052073476372, "integral_gain": 0.09236130141881473, "derivative_gain": 0.03232132925050617, "max_value": 100.56121066604254, "min_value": 0.5508233127722608}, "pid_steer_parameters": {"proportional_gain": 2.022385862463489, "integral_gain": 7.644405547078057e-05, "derivative_gain": 0.004280208795369585, "max_value": 1.9917550322085944, "min_value": -1.90233065149095}, "max_forward_velocity": 0.7721037718389048, "turning_speed_ratio": 0.2612930043942764, "sharp_turn_forward_velocity": 1.5966400543973924, "sharp_turn_angular_velocity": 2.8340973641073894}