{"pid_speed_parameters": {"proportional_gain": 1.336249674501444, "integral_gain": 0.09169115970062558, "derivative_gain": 0.07040058243553339, "max_value": 101.59247745261337, "min_value": 0.07158533409213932}, "pid_steer_parameters": {"proportional_gain": 1.5301039096543183, "integral_gain": 0.0005266733377342161, "derivative_gain": 0.017338375750092515, "max_value": 2.020625857156736, "min_value": -2.0462579372692002}, "max_forward_velocity": 1.0461160695488383, "turning_speed_ratio": 0.5228746566269334, "sharp_turn_forward_velocity": 1.97700909608368, "sharp_turn_angular_velocity": 1.3825146166370295}