{"pid_speed_parameters": {"proportional_gain": 1.8052074848711976, "integral_gain": 0.07320285320397915, "derivative_gain": 0.07402949752147218, "max_value": 101.70300096938902, "min_value": 0.047787964181150944}, "pid_steer_parameters": {"proportional_gain": 1.9917451642284594, "integral_gain": 0.03307451981491977, "derivative_gain": 0.005628906296086743, "max_value": 1.9843735760168602, "min_value": -2.0976500141468795}, "max_forward_velocity": 1.085675250233376, "turning_speed_ratio": 0.29628872535961337, "sharp_turn_forward_velocity": 1.629196068561777, "sharp_turn_angular_velocity": 1.890937779032694}