{"pid_speed_parameters": {"proportional_gain": 1.4631044696064124, "integral_gain": 0.09991651457856894, "derivative_gain": 0.07894384854887622, "max_value": 101.22787868785349, "min_value": 0.2618718995606302}, "pid_steer_parameters": {"proportional_gain": 2.318148642301655, "integral_gain": 0.0008578383491727842, "derivative_gain": 0.00745141195751161, "max_value": 1.9910080442941693, "min_value": -2.0998364439630084}, "max_forward_velocity": 0.833045565675778, "turning_speed_ratio": 0.32728555592055697, "sharp_turn_forward_velocity": 1.8934812598365889, "sharp_turn_angular_velocity": 2.493586007350509}