{"pid_speed_parameters": {"proportional_gain": 1.8449143560807881, "integral_gain": 0.09296229728642913, "derivative_gain": 0.08361411861732987, "max_value": 101.48282044722852, "min_value": 0.11508151826035046}, "pid_steer_parameters": {"proportional_gain": 2.996901105853516, "integral_gain": 0.00886696979111818, "derivative_gain": 0.004019269655391473, "max_value": 1.9218192097074385, "min_value": -2.0962661087743553}, "max_forward_velocity": 1.3823573108958882, "turning_speed_ratio": 0.02114054539504803, "sharp_turn_forward_velocity": 1.8417952285263595, "sharp_turn_angular_velocity": 2.307884751090315}