{"pid_speed_parameters": {"proportional_gain": 2.2143290323682105, "integral_gain": 0.0960474234886497, "derivative_gain": 0.08582156608544286, "max_value": 101.57314092511241, "min_value": 0.23788454907185408}, "pid_steer_parameters": {"proportional_gain": 2.2467767526750246, "integral_gain": 0.012720740046827423, "derivative_gain": 0.003521894258152227, "max_value": 2.0194479582768925, "min_value": -2.0984892511041564}, "max_forward_velocity": 0.8647050641927909, "turning_speed_ratio": 0.5569933381826785, "sharp_turn_forward_velocity": 1.935253947257598, "sharp_turn_angular_velocity": 2.4863521991618054}