{"pid_speed_parameters": {"proportional_gain": 1.8143592634162011, "integral_gain": 0.09987514423576943, "derivative_gain": 0.07814344671965384, "max_value": 101.25834653536705, "min_value": 0.1752074218451305}, "pid_steer_parameters": {"proportional_gain": 2.6907839949677097, "integral_gain": 0.015420474209462983, "derivative_gain": 0.019080680639565094, "max_value": 1.9902543871401488, "min_value": -2.0955799442893386}, "max_forward_velocity": 0.7058817724898265, "turning_speed_ratio": 0.20978774315375037, "sharp_turn_forward_velocity": 1.6689695383937406, "sharp_turn_angular_velocity": 2.558255885745719}