{"pid_speed_parameters": {"proportional_gain": 1.8890547477760136, "integral_gain": 0.09988858948389936, "derivative_gain": 0.09639039789759586, "max_value": 101.75794138249297, "min_value": 0.14395547770578596}, "pid_steer_parameters": {"proportional_gain": 2.3448978941956202, "integral_gain": 0.0092360441525495, "derivative_gain": 0.0006186582262954917, "max_value": 1.9058130710552332, "min_value": -2.08645088192191}, "max_forward_velocity": 1.2363617443324968, "turning_speed_ratio": 0.0012504573079641342, "sharp_turn_forward_velocity": 1.0068618664390383, "sharp_turn_angular_velocity": 2.362869496581098}