{"pid_speed_parameters": {"proportional_gain": 1.8574054061402294, "integral_gain": 0.0966831158693135, "derivative_gain": 0.07130117014794458, "max_value": 101.52395912769337, "min_value": 0.06280321849213041}, "pid_steer_parameters": {"proportional_gain": 2.4484381114972718, "integral_gain": 0.01129937679685006, "derivative_gain": 0.0035905988935321567, "max_value": 2.0157699095480806, "min_value": -2.087481705939528}, "max_forward_velocity": 0.85218331491639, "turning_speed_ratio": 0.4645846010892162, "sharp_turn_forward_velocity": 1.7211276672166436, "sharp_turn_angular_velocity": 1.9106747623062648}