{"pid_speed_parameters": {"proportional_gain": 1.8831848675332792, "integral_gain": 0.0999583537717574, "derivative_gain": 0.06981383532811902, "max_value": 101.59404854433771, "min_value": 0.18072852489560953}, "pid_steer_parameters": {"proportional_gain": 2.110673204369046, "integral_gain": 0.0026349745814763692, "derivative_gain": 0.006764153298281706, "max_value": 1.93711813605099, "min_value": -2.098300737303222}, "max_forward_velocity": 1.231069365499298, "turning_speed_ratio": 0.32763603657694473, "sharp_turn_forward_velocity": 1.8420257482984719, "sharp_turn_angular_velocity": 2.51410407026679}