{"pid_speed_parameters": {"proportional_gain": 1.4474123177036922, "integral_gain": 0.0650867820967023, "derivative_gain": 0.007789849137334944, "max_value": 99.93265417352924, "min_value": 0.5914814404799191}, "pid_steer_parameters": {"proportional_gain": 2.2094286364986697, "integral_gain": 0.011953072561397505, "derivative_gain": 0.05046048371775351, "max_value": 1.9722608020967267, "min_value": -2.0033748106426743}, "max_forward_velocity": 0.8388519195581399, "turning_speed_ratio": 0.14738275388848282, "sharp_turn_forward_velocity": 1.0614845129288044, "sharp_turn_angular_velocity": 2.18574600431445}