{"pid_speed_parameters": {"proportional_gain": 1.7787041893852902, "integral_gain": 0.04704088669036237, "derivative_gain": 0.0640275755607062, "max_value": 99.91467831689953, "min_value": 0.22943717758494497}, "pid_steer_parameters": {"proportional_gain": 2.7293397790923533, "integral_gain": 0.061695474552423656, "derivative_gain": 0.03690091626815891, "max_value": 2.096516232377341, "min_value": -2.0098695869562553}, "max_forward_velocity": 0.7437642127710012, "turning_speed_ratio": 0.4426467885402483, "sharp_turn_forward_velocity": 0.7407673309965532, "sharp_turn_angular_velocity": 2.594957507006877}