{"pid_speed_parameters": {"proportional_gain": 1.8088128293552388, "integral_gain": 0.09676883229584374, "derivative_gain": 0.07513470632192307, "max_value": 101.61939489609317, "min_value": 0.17448269942094496}, "pid_steer_parameters": {"proportional_gain": 2.2219829600315983, "integral_gain": 0.019285523951536248, "derivative_gain": 0.003027412585617667, "max_value": 2.0028196713212787, "min_value": -2.0973444653968145}, "max_forward_velocity": 0.6502451253426851, "turning_speed_ratio": 0.4816622723827306, "sharp_turn_forward_velocity": 1.8292213965646662, "sharp_turn_angular_velocity": 1.9878756160400783}