{"pid_speed_parameters": {"proportional_gain": 1.6553328175229471, "integral_gain": 0.0863333188280923, "derivative_gain": 0.07221045403044953, "max_value": 101.81532300677469, "min_value": 0.05363465362221634}, "pid_steer_parameters": {"proportional_gain": 2.153094817214529, "integral_gain": 0.01222163415054205, "derivative_gain": 0.0020128846024200404, "max_value": 1.9999450517783717, "min_value": -2.099881634263325}, "max_forward_velocity": 1.112348286935689, "turning_speed_ratio": 0.6295658373600538, "sharp_turn_forward_velocity": 1.8804989304879054, "sharp_turn_angular_velocity": 2.2638070077954033}