{"pid_speed_parameters": {"proportional_gain": 1.2344468282350678, "integral_gain": 0.07809265540836534, "derivative_gain": 0.025811419115811644, "max_value": 100.37346257471955, "min_value": 0.3861162031784433}, "pid_steer_parameters": {"proportional_gain": 2.8394823043446777, "integral_gain": 1.5248597005240082e-06, "derivative_gain": 0.017541937024701176, "max_value": 2.0999934418445174, "min_value": -1.9725622348811769}, "max_forward_velocity": 1.578997865206339, "turning_speed_ratio": 0.19705571932999755, "sharp_turn_forward_velocity": 0.8801724017800574, "sharp_turn_angular_velocity": 2.3482402699198706}