{"pid_speed_parameters": {"proportional_gain": 2.0734992656065954, "integral_gain": 0.08360694939436357, "derivative_gain": 0.07499819644645647, "max_value": 101.81277012998635, "min_value": 0.0016577355851482428}, "pid_steer_parameters": {"proportional_gain": 2.1354471438392486, "integral_gain": 0.03953368817880254, "derivative_gain": 0.007338826005279145, "max_value": 1.9459470962214913, "min_value": -2.098314192094637}, "max_forward_velocity": 0.9790459335057844, "turning_speed_ratio": 0.4064668962049368, "sharp_turn_forward_velocity": 1.636225114890158, "sharp_turn_angular_velocity": 1.888673163478209}