{"pid_speed_parameters": {"proportional_gain": 1.9620849913198528, "integral_gain": 0.09916184252132122, "derivative_gain": 0.07823299364433234, "max_value": 101.58707483092053, "min_value": 0.1293057872065434}, "pid_steer_parameters": {"proportional_gain": 2.414850156540201, "integral_gain": 0.008347015489887711, "derivative_gain": 0.004389810163142079, "max_value": 2.0178495057224763, "min_value": -2.0892273543816}, "max_forward_velocity": 0.7597807375101246, "turning_speed_ratio": 0.4207238810976238, "sharp_turn_forward_velocity": 1.67862857315815, "sharp_turn_angular_velocity": 2.313561909539762}