{"pid_speed_parameters": {"proportional_gain": 1.1298519298640546, "integral_gain": 0.09582403956228927, "derivative_gain": 0.010715169343161949, "max_value": 100.93367542222914, "min_value": 0.2869519836744155}, "pid_steer_parameters": {"proportional_gain": 2.7529672604740134, "integral_gain": 0.005083176530572753, "derivative_gain": 0.020854535167251994, "max_value": 2.091637836502674, "min_value": -1.9638204319939216}, "max_forward_velocity": 0.7505102728790014, "turning_speed_ratio": 0.1092200610262945, "sharp_turn_forward_velocity": 1.8106755979295603, "sharp_turn_angular_velocity": 1.3453692089205582}