{"pid_speed_parameters": {"proportional_gain": 1.9150699863491665, "integral_gain": 0.09613853957844792, "derivative_gain": 0.06534972318652173, "max_value": 101.4366837091712, "min_value": 0.5531293077611846}, "pid_steer_parameters": {"proportional_gain": 2.1071383674375856, "integral_gain": 0.013254984596037423, "derivative_gain": 0.0003545698579133771, "max_value": 1.944675859140594, "min_value": -2.092196414312255}, "max_forward_velocity": 0.7451967043656396, "turning_speed_ratio": 0.0011258156034867077, "sharp_turn_forward_velocity": 1.818968470157796, "sharp_turn_angular_velocity": 2.056750524007274}