{"pid_speed_parameters": {"proportional_gain": 1.6053348274750538, "integral_gain": 0.09896846546249133, "derivative_gain": 0.08016864286489153, "max_value": 101.57618833657332, "min_value": 0.20690114657504716}, "pid_steer_parameters": {"proportional_gain": 2.5738253585360154, "integral_gain": 0.005142485751017621, "derivative_gain": 0.00742745823674643, "max_value": 1.9793742937412748, "min_value": -2.0980926752471416}, "max_forward_velocity": 0.8808879395357248, "turning_speed_ratio": 0.17724184908441187, "sharp_turn_forward_velocity": 1.573116438898416, "sharp_turn_angular_velocity": 2.1274689338881214}