{"pid_speed_parameters": {"proportional_gain": 1.7488166458300356, "integral_gain": 0.08380156928420729, "derivative_gain": 0.08355622625079517, "max_value": 101.91084390367566, "min_value": 0.11070304361385339}, "pid_steer_parameters": {"proportional_gain": 2.182752392443388, "integral_gain": 0.01843612924501063, "derivative_gain": 0.0016963527135553554, "max_value": 1.9897746390248476, "min_value": -2.09975717986804}, "max_forward_velocity": 0.8571526678878563, "turning_speed_ratio": 0.48641682267023056, "sharp_turn_forward_velocity": 1.8407419900035373, "sharp_turn_angular_velocity": 2.1628274231887734}