{"pid_speed_parameters": {"proportional_gain": 1.467411086779328, "integral_gain": 0.09966536916505914, "derivative_gain": 0.0821422005730584, "max_value": 101.00127117400321, "min_value": 0.009802623175470482}, "pid_steer_parameters": {"proportional_gain": 2.2428142024548348, "integral_gain": 0.00135264759354592, "derivative_gain": 0.010555092910436666, "max_value": 1.9207321398239252, "min_value": -2.099929477115463}, "max_forward_velocity": 1.390138014809853, "turning_speed_ratio": 0.35640644254347986, "sharp_turn_forward_velocity": 1.9846659529373236, "sharp_turn_angular_velocity": 2.0102609383992904}