{"pid_speed_parameters": {"proportional_gain": 1.3470412367313644, "integral_gain": 0.09980021260849958, "derivative_gain": 0.07074810992260902, "max_value": 101.85882484887239, "min_value": 0.07845991999213076}, "pid_steer_parameters": {"proportional_gain": 1.9208606481319108, "integral_gain": 0.0031546926471160285, "derivative_gain": 0.0005302014897745635, "max_value": 1.9123998085709581, "min_value": -2.0885253501500625}, "max_forward_velocity": 0.36938803811719856, "turning_speed_ratio": 0.26208905690017426, "sharp_turn_forward_velocity": 1.5388222157628137, "sharp_turn_angular_velocity": 2.1859273925833005}