{"pid_speed_parameters": {"proportional_gain": 2.0344796193010657, "integral_gain": 0.07974579531273567, "derivative_gain": 0.07247063199226252, "max_value": 101.6522804202706, "min_value": 0.11951185535750486}, "pid_steer_parameters": {"proportional_gain": 2.2969695209859524, "integral_gain": 0.044212755285473124, "derivative_gain": 0.014340615017272037, "max_value": 1.95060584758175, "min_value": -2.088011024353876}, "max_forward_velocity": 1.1763514888578916, "turning_speed_ratio": 0.46497604528657455, "sharp_turn_forward_velocity": 1.597538957939556, "sharp_turn_angular_velocity": 1.6554644871753912}