{"pid_speed_parameters": {"proportional_gain": 2.112175760346812, "integral_gain": 0.0982085201561648, "derivative_gain": 0.08116755344000147, "max_value": 101.58100405435255, "min_value": 0.019232285970114206}, "pid_steer_parameters": {"proportional_gain": 2.2076643075702544, "integral_gain": 0.018148589189591658, "derivative_gain": 0.005537844847686977, "max_value": 2.002605796279108, "min_value": -2.099876797655283}, "max_forward_velocity": 0.9814013665404882, "turning_speed_ratio": 0.2744871436417659, "sharp_turn_forward_velocity": 1.9774309596066273, "sharp_turn_angular_velocity": 2.232281479694641}