{"pid_speed_parameters": {"proportional_gain": 1.844044266161796, "integral_gain": 0.08840930098795252, "derivative_gain": 0.07957500237456464, "max_value": 101.65982255301364, "min_value": 0.03749553488876013}, "pid_steer_parameters": {"proportional_gain": 2.16801648728283, "integral_gain": 0.01584002377900246, "derivative_gain": 0.0025971132483232386, "max_value": 1.9946756226240985, "min_value": -2.0976889704432993}, "max_forward_velocity": 0.9386278162821444, "turning_speed_ratio": 0.4433469991592244, "sharp_turn_forward_velocity": 1.6063795733522999, "sharp_turn_angular_velocity": 2.133429137917412}