{"pid_speed_parameters": {"proportional_gain": 2.3453407940534072, "integral_gain": 0.09522885830960896, "derivative_gain": 0.08285946534271345, "max_value": 101.67456167019675, "min_value": 0.15943434453783678}, "pid_steer_parameters": {"proportional_gain": 2.084536611911577, "integral_gain": 0.010471768705442759, "derivative_gain": 0.013349729679739637, "max_value": 2.0482688157311886, "min_value": -2.097878406123329}, "max_forward_velocity": 0.976012648305598, "turning_speed_ratio": 0.6410704556680974, "sharp_turn_forward_velocity": 1.6080957463244507, "sharp_turn_angular_velocity": 2.350890924725572}