{"pid_speed_parameters": {"proportional_gain": 1.7215981771759197, "integral_gain": 0.09376246180896454, "derivative_gain": 0.0815090595428837, "max_value": 101.82323581137749, "min_value": 0.23248919666531087}, "pid_steer_parameters": {"proportional_gain": 2.2152273439478045, "integral_gain": 0.02109903546606273, "derivative_gain": 0.0023457637143060716, "max_value": 1.9853992250666321, "min_value": -2.099611152220756}, "max_forward_velocity": 1.0473656998078376, "turning_speed_ratio": 0.37718562980542114, "sharp_turn_forward_velocity": 1.6620902407993903, "sharp_turn_angular_velocity": 1.9803244959766297}