{"pid_speed_parameters": {"proportional_gain": 1.448166077994161, "integral_gain": 0.07692436555274518, "derivative_gain": 0.021390066312804105, "max_value": 99.33714329357825, "min_value": 0.9203083474365091}, "pid_steer_parameters": {"proportional_gain": 2.937567487551069, "integral_gain": 0.003849420597298312, "derivative_gain": 0.01169010642793279, "max_value": 2.04013123091816, "min_value": -1.9415762260469265}, "max_forward_velocity": 1.8656556126130182, "turning_speed_ratio": 0.7488129477076706, "sharp_turn_forward_velocity": 0.3514223122607708, "sharp_turn_angular_velocity": 2.373341189302539}