{"pid_speed_parameters": {"proportional_gain": 2.221505231351766, "integral_gain": 0.08937930207997422, "derivative_gain": 0.0929394829127099, "max_value": 101.43898090487136, "min_value": 0.2928841867080309}, "pid_steer_parameters": {"proportional_gain": 1.954092619354259, "integral_gain": 0.005486983287442453, "derivative_gain": 0.02585789599186175, "max_value": 1.9282010678406665, "min_value": -2.0336256716211705}, "max_forward_velocity": 1.0482074983586624, "turning_speed_ratio": 0.15743196038617285, "sharp_turn_forward_velocity": 1.9997860973507495, "sharp_turn_angular_velocity": 2.427126570218248}