{"pid_speed_parameters": {"proportional_gain": 2.085468759095188, "integral_gain": 0.09942909205931569, "derivative_gain": 0.08417500605974984, "max_value": 101.6635401496491, "min_value": 0.003590510066709328}, "pid_steer_parameters": {"proportional_gain": 2.347275462239947, "integral_gain": 0.014072619361606324, "derivative_gain": 0.0037044140436715525, "max_value": 1.9988487364976866, "min_value": -2.097066887127039}, "max_forward_velocity": 0.8100829663643627, "turning_speed_ratio": 0.23776811730313052, "sharp_turn_forward_velocity": 1.7656540242138423, "sharp_turn_angular_velocity": 2.1289414163371068}