{"pid_speed_parameters": {"proportional_gain": 1.5688447893788802, "integral_gain": 0.09991130160691936, "derivative_gain": 0.0871784875074301, "max_value": 101.15311056523406, "min_value": 0.4109901003577693}, "pid_steer_parameters": {"proportional_gain": 2.3641431977783114, "integral_gain": 0.02914756890707272, "derivative_gain": 0.007130760827452842, "max_value": 1.927449854387257, "min_value": -2.097632293839821}, "max_forward_velocity": 1.2804736183626602, "turning_speed_ratio": 0.05924656888815287, "sharp_turn_forward_velocity": 1.8477822317297883, "sharp_turn_angular_velocity": 2.869602934502275}