{"pid_speed_parameters": {"proportional_gain": 1.7024057377904818, "integral_gain": 0.09306678631728625, "derivative_gain": 0.078323411606051, "max_value": 101.61951619653625, "min_value": 0.05385663023548801}, "pid_steer_parameters": {"proportional_gain": 2.2057184692382257, "integral_gain": 0.017919131010863964, "derivative_gain": 0.0038840328670568, "max_value": 1.9905087161137769, "min_value": -2.099968941135883}, "max_forward_velocity": 0.9642294878345194, "turning_speed_ratio": 0.35892400538903574, "sharp_turn_forward_velocity": 1.7065851314966367, "sharp_turn_angular_velocity": 2.1682272378880914}