{"pid_speed_parameters": {"proportional_gain": 1.9841850071536014, "integral_gain": 0.0720107708693552, "derivative_gain": 0.075144751659588, "max_value": 101.49836562108871, "min_value": 0.03352044782850863}, "pid_steer_parameters": {"proportional_gain": 1.9596113933500556, "integral_gain": 0.03601726431982809, "derivative_gain": 0.010638962078055567, "max_value": 1.9568741495162219, "min_value": -2.0970370112548244}, "max_forward_velocity": 1.2165455166000025, "turning_speed_ratio": 0.3664996427756912, "sharp_turn_forward_velocity": 1.843781472099539, "sharp_turn_angular_velocity": 1.8657873952220754}