{"pid_speed_parameters": {"proportional_gain": 1.8965560200310254, "integral_gain": 0.08038901523489327, "derivative_gain": 0.07500920417096486, "max_value": 101.7925289753334, "min_value": 0.11765846441345823}, "pid_steer_parameters": {"proportional_gain": 2.0519187569838575, "integral_gain": 0.031040269825448004, "derivative_gain": 0.0030679767962995, "max_value": 2.0201466729263173, "min_value": -2.0788632399925517}, "max_forward_velocity": 1.0768044660987135, "turning_speed_ratio": 0.5516263984782536, "sharp_turn_forward_velocity": 1.796188776086755, "sharp_turn_angular_velocity": 2.002393992196192}