{"pid_speed_parameters": {"proportional_gain": 2.091254002820615, "integral_gain": 0.09971083131944765, "derivative_gain": 0.0863224742460788, "max_value": 101.65990088472483, "min_value": 0.01940146067972676}, "pid_steer_parameters": {"proportional_gain": 2.300752506292075, "integral_gain": 0.009276261614587352, "derivative_gain": 0.007706016797530242, "max_value": 2.0037013039247435, "min_value": -2.0985094345251554}, "max_forward_velocity": 0.8448604813673928, "turning_speed_ratio": 0.39456069067844707, "sharp_turn_forward_velocity": 1.9140967922898542, "sharp_turn_angular_velocity": 2.368311368982624}