{"pid_speed_parameters": {"proportional_gain": 2.430810106173028, "integral_gain": 0.09495334109062999, "derivative_gain": 0.08783776028985155, "max_value": 101.55134600262598, "min_value": 0.07505486180236534}, "pid_steer_parameters": {"proportional_gain": 1.9854134458782062, "integral_gain": 0.0037725758531003666, "derivative_gain": 0.008198305703704329, "max_value": 2.0186560673878637, "min_value": -2.0994045398262475}, "max_forward_velocity": 0.836742049048933, "turning_speed_ratio": 0.5754181278709524, "sharp_turn_forward_velocity": 1.9926645934377216, "sharp_turn_angular_velocity": 2.3318622468207977}