{"pid_speed_parameters": {"proportional_gain": 1.3164361203762378, "integral_gain": 0.09707383247038794, "derivative_gain": 0.0835903380116846, "max_value": 101.01083192693469, "min_value": 0.2006773122647073}, "pid_steer_parameters": {"proportional_gain": 2.1452892520048628, "integral_gain": 0.042972677809136474, "derivative_gain": 0.0008836165821257883, "max_value": 1.910616975878776, "min_value": -2.0924163970110485}, "max_forward_velocity": 0.9366415418871834, "turning_speed_ratio": 0.1894571203488729, "sharp_turn_forward_velocity": 1.7514858966242506, "sharp_turn_angular_velocity": 1.1777770276455009}