{"pid_speed_parameters": {"proportional_gain": 2.148411149081981, "integral_gain": 0.09854329678927351, "derivative_gain": 0.07883339007865363, "max_value": 101.47723797185184, "min_value": 0.10390532350168288}, "pid_steer_parameters": {"proportional_gain": 2.2540201435356044, "integral_gain": 0.009238510456865584, "derivative_gain": 0.009192767960242033, "max_value": 2.029985541645224, "min_value": -2.096005655480003}, "max_forward_velocity": 1.0407782833250252, "turning_speed_ratio": 0.2820689060112045, "sharp_turn_forward_velocity": 1.8102378828710235, "sharp_turn_angular_velocity": 2.225568821786083}