{"pid_speed_parameters": {"proportional_gain": 2.2261706698829684, "integral_gain": 0.09604876439585584, "derivative_gain": 0.07258577944987554, "max_value": 101.37461564854202, "min_value": 2.1709195592773614e-05}, "pid_steer_parameters": {"proportional_gain": 1.8445255152861626, "integral_gain": 0.0005827164011554009, "derivative_gain": 0.009456021674070607, "max_value": 2.0209720663945303, "min_value": -2.09895180907849}, "max_forward_velocity": 1.0597871148341391, "turning_speed_ratio": 0.5085756779528225, "sharp_turn_forward_velocity": 1.7553841416918534, "sharp_turn_angular_velocity": 2.4442664476287526}