{"pid_speed_parameters": {"proportional_gain": 1.897355820456967, "integral_gain": 0.09946961707412644, "derivative_gain": 0.07757028909524294, "max_value": 101.92079513024241, "min_value": 0.05830184274948175}, "pid_steer_parameters": {"proportional_gain": 2.527385315987969, "integral_gain": 0.005547584362636453, "derivative_gain": 0.005958927962958881, "max_value": 1.9216614169781747, "min_value": -2.098015282193562}, "max_forward_velocity": 1.5272637782796694, "turning_speed_ratio": 0.277854210812064, "sharp_turn_forward_velocity": 1.818081831592628, "sharp_turn_angular_velocity": 2.334680620995941}