{"pid_speed_parameters": {"proportional_gain": 2.0254764929291618, "integral_gain": 0.09958913805489839, "derivative_gain": 0.07223503683807173, "max_value": 101.4986691151031, "min_value": 0.07251997825759707}, "pid_steer_parameters": {"proportional_gain": 2.001595017631202, "integral_gain": 0.004066904324734036, "derivative_gain": 0.027276802373819013, "max_value": 1.990046503871846, "min_value": -2.0914444383042623}, "max_forward_velocity": 1.1140845752639394, "turning_speed_ratio": 0.3507360570933383, "sharp_turn_forward_velocity": 1.9999594260769595, "sharp_turn_angular_velocity": 2.4605166517483577}