{"pid_speed_parameters": {"proportional_gain": 1.5608760951650238, "integral_gain": 0.03596678935496875, "derivative_gain": 0.0028500831848636806, "max_value": 99.4397806891152, "min_value": 0.869257487529753}, "pid_steer_parameters": {"proportional_gain": 2.421229941125971, "integral_gain": 0.018429102797846448, "derivative_gain": 0.019977013684694702, "max_value": 1.956626729593184, "min_value": -2.0264124042357845}, "max_forward_velocity": 1.0813026000443304, "turning_speed_ratio": 0.05101938709701068, "sharp_turn_forward_velocity": 0.1210482233966148, "sharp_turn_angular_velocity": 1.9359862828044472}