{"pid_speed_parameters": {"proportional_gain": 1.9079551180339371, "integral_gain": 0.07191233143817242, "derivative_gain": 0.07904384215749986, "max_value": 101.84963146665108, "min_value": 0.019856312235170925}, "pid_steer_parameters": {"proportional_gain": 2.006602840463714, "integral_gain": 0.023989573953928083, "derivative_gain": 0.0036685883004284356, "max_value": 1.982210681726554, "min_value": -2.08716974171086}, "max_forward_velocity": 0.961954813922778, "turning_speed_ratio": 0.3321034371839853, "sharp_turn_forward_velocity": 1.8950374053916696, "sharp_turn_angular_velocity": 1.9513681039282849}