{"pid_speed_parameters": {"proportional_gain": 1.9107318112912803, "integral_gain": 0.09481922026232133, "derivative_gain": 0.0693414181351991, "max_value": 101.3660613905047, "min_value": 0.01989565967614604}, "pid_steer_parameters": {"proportional_gain": 1.778066076241057, "integral_gain": 0.006692100412924584, "derivative_gain": 0.007658013995063607, "max_value": 1.9498160145407946, "min_value": -2.0989456504870345}, "max_forward_velocity": 1.2815816955964825, "turning_speed_ratio": 0.08334297977447519, "sharp_turn_forward_velocity": 1.8712326930854781, "sharp_turn_angular_velocity": 2.460287252371158}