{"pid_speed_parameters": {"proportional_gain": 1.9260890600460172, "integral_gain": 0.06483251224838102, "derivative_gain": 0.07337371689078184, "max_value": 101.58810673536452, "min_value": 0.13869290572892876}, "pid_steer_parameters": {"proportional_gain": 2.350210054366624, "integral_gain": 0.028182743323142, "derivative_gain": 0.010160092585370529, "max_value": 1.9283967203926509, "min_value": -2.091726100008438}, "max_forward_velocity": 1.3276764087849953, "turning_speed_ratio": 0.6182146789319795, "sharp_turn_forward_velocity": 1.6628177208778894, "sharp_turn_angular_velocity": 1.6298301773270956}