{"pid_speed_parameters": {"proportional_gain": 2.018824049537953, "integral_gain": 0.09830139337926576, "derivative_gain": 0.08102614184872271, "max_value": 101.54911388634164, "min_value": 0.04407874369424575}, "pid_steer_parameters": {"proportional_gain": 2.2906096583020754, "integral_gain": 0.010219302867312917, "derivative_gain": 0.002703314398946722, "max_value": 1.9994261887386189, "min_value": -2.094991038796422}, "max_forward_velocity": 1.058798658806655, "turning_speed_ratio": 0.29860190965103356, "sharp_turn_forward_velocity": 1.7225338154804761, "sharp_turn_angular_velocity": 2.30874262413827}