{"pid_speed_parameters": {"proportional_gain": 2.0296784747694323, "integral_gain": 0.07112231841930494, "derivative_gain": 0.0664712796429281, "max_value": 101.61181129090367, "min_value": 0.009261106000143307}, "pid_steer_parameters": {"proportional_gain": 2.256432613288125, "integral_gain": 0.024556239521362093, "derivative_gain": 0.003791479885700037, "max_value": 1.9814298402161252, "min_value": -2.098938402474217}, "max_forward_velocity": 1.0053772866372475, "turning_speed_ratio": 0.46556333787151793, "sharp_turn_forward_velocity": 1.7632024114760836, "sharp_turn_angular_velocity": 1.9920004152957662}