{"pid_speed_parameters": {"proportional_gain": 1.6139344635102288, "integral_gain": 0.09443572391883649, "derivative_gain": 0.06826677179353716, "max_value": 101.46505895517528, "min_value": 0.2826601551770703}, "pid_steer_parameters": {"proportional_gain": 2.4327215028123508, "integral_gain": 0.019375536058382152, "derivative_gain": 0.002864315387548634, "max_value": 1.961865462747324, "min_value": -2.083110774450014}, "max_forward_velocity": 1.134916773634057, "turning_speed_ratio": 0.2610930273189337, "sharp_turn_forward_velocity": 1.958773881789291, "sharp_turn_angular_velocity": 2.37066781438046}