{"pid_speed_parameters": {"proportional_gain": 2.356428409184791, "integral_gain": 0.0940783930026863, "derivative_gain": 0.08371207924946368, "max_value": 101.41658495738017, "min_value": 0.12257913792563407}, "pid_steer_parameters": {"proportional_gain": 1.746274271093493, "integral_gain": 0.0029034516911316155, "derivative_gain": 0.012706632554315008, "max_value": 2.0300457922678286, "min_value": -2.0999954149276765}, "max_forward_velocity": 1.0887972012194034, "turning_speed_ratio": 0.5398864081092387, "sharp_turn_forward_velocity": 1.7460304736659666, "sharp_turn_angular_velocity": 2.360707723188962}