{"pid_speed_parameters": {"proportional_gain": 1.9760182620376365, "integral_gain": 0.09976240832203248, "derivative_gain": 0.0888472534925294, "max_value": 101.75614131955388, "min_value": 0.5345260174277313}, "pid_steer_parameters": {"proportional_gain": 2.349190144736458, "integral_gain": 0.012255817506574658, "derivative_gain": 0.015406855125004861, "max_value": 1.949971278703966, "min_value": -2.0997326008173807}, "max_forward_velocity": 0.6888499589379453, "turning_speed_ratio": 0.0037797428757068686, "sharp_turn_forward_velocity": 1.9627867102861996, "sharp_turn_angular_velocity": 2.480754078467642}