{"pid_speed_parameters": {"proportional_gain": 1.8650328474112599, "integral_gain": 0.0699128740466526, "derivative_gain": 0.07266222620961604, "max_value": 101.50753926186785, "min_value": 0.03702546793381014}, "pid_steer_parameters": {"proportional_gain": 2.1234425488828355, "integral_gain": 0.03985365141468398, "derivative_gain": 0.00839071672601555, "max_value": 1.9356978087504724, "min_value": -2.096043161237462}, "max_forward_velocity": 1.2269629755686136, "turning_speed_ratio": 0.6024963960905897, "sharp_turn_forward_velocity": 1.6308018574958367, "sharp_turn_angular_velocity": 1.7066110711853615}