{"pid_speed_parameters": {"proportional_gain": 2.4882708581295683, "integral_gain": 0.09762754150295551, "derivative_gain": 0.07089038890036607, "max_value": 101.15774680600028, "min_value": 0.020058167546121504}, "pid_steer_parameters": {"proportional_gain": 2.1054210204696044, "integral_gain": 0.00032608540267544897, "derivative_gain": 0.012406288914035647, "max_value": 1.988672017039066, "min_value": -2.099941510041815}, "max_forward_velocity": 0.9067917706225548, "turning_speed_ratio": 0.37568237750657696, "sharp_turn_forward_velocity": 1.9962553809513888, "sharp_turn_angular_velocity": 2.3105001443355717}