{"pid_speed_parameters": {"proportional_gain": 1.7375506299935697, "integral_gain": 0.02877300757386344, "derivative_gain": 0.014809871113876655, "max_value": 99.64070621214628, "min_value": 0.8883611061775911}, "pid_steer_parameters": {"proportional_gain": 2.184092091017952, "integral_gain": 0.006003971025124947, "derivative_gain": 0.019282890315308776, "max_value": 1.9747005496699346, "min_value": -2.0912335174712258}, "max_forward_velocity": 1.2563497242966517, "turning_speed_ratio": 0.010838491639099968, "sharp_turn_forward_velocity": 1.0646002888708845, "sharp_turn_angular_velocity": 1.8991920043311037}