{"pid_speed_parameters": {"proportional_gain": 1.7691165216033955, "integral_gain": 0.04998338725976843, "derivative_gain": 0.06978432417299646, "max_value": 101.80614547621285, "min_value": 0.003917909660848607}, "pid_steer_parameters": {"proportional_gain": 2.1327878318014215, "integral_gain": 0.03352647727551727, "derivative_gain": 0.0017844449846925968, "max_value": 2.0055778223451863, "min_value": -2.081302725907527}, "max_forward_velocity": 1.4682697031288818, "turning_speed_ratio": 0.5350276962471523, "sharp_turn_forward_velocity": 1.9792603879153536, "sharp_turn_angular_velocity": 2.025714826523557}