{"pid_speed_parameters": {"proportional_gain": 1.7919386898276646, "integral_gain": 0.09751219709899615, "derivative_gain": 0.07711720831979313, "max_value": 101.50368044512345, "min_value": 0.02810201814264695}, "pid_steer_parameters": {"proportional_gain": 2.633595955114739, "integral_gain": 0.015531890779636088, "derivative_gain": 0.003557602291081825, "max_value": 1.9932208684575619, "min_value": -2.097859754583742}, "max_forward_velocity": 0.7631550132583778, "turning_speed_ratio": 0.26282316308380416, "sharp_turn_forward_velocity": 1.5920442561790262, "sharp_turn_angular_velocity": 2.3083976229712895}