{"pid_speed_parameters": {"proportional_gain": 1.0107961233300022, "integral_gain": 0.03987536641650061, "derivative_gain": 0.05554552362734407, "max_value": 100.60336943858937, "min_value": 0.883317216563803}, "pid_steer_parameters": {"proportional_gain": 2.553904069473422, "integral_gain": 0.023750708979086328, "derivative_gain": 0.028101113710512292, "max_value": 2.0279883691324616, "min_value": -1.9796457728346393}, "max_forward_velocity": 1.5316985508745615, "turning_speed_ratio": 0.009837114266662608, "sharp_turn_forward_velocity": 0.5153228071409022, "sharp_turn_angular_velocity": 2.8102613605722997}