{"pid_speed_parameters": {"proportional_gain": 1.833070389704347, "integral_gain": 0.06663061444257301, "derivative_gain": 0.07421256958814577, "max_value": 101.9634040762666, "min_value": 0.008766637727447544}, "pid_steer_parameters": {"proportional_gain": 2.1519011424303183, "integral_gain": 0.038009869275503434, "derivative_gain": 0.005614608909864701, "max_value": 1.9739391941709674, "min_value": -2.0909572359542805}, "max_forward_velocity": 1.0163940507567735, "turning_speed_ratio": 0.39515610413405605, "sharp_turn_forward_velocity": 1.766266555109056, "sharp_turn_angular_velocity": 1.8482332711155862}