{"pid_speed_parameters": {"proportional_gain": 2.1479298513245633, "integral_gain": 0.09541643180746767, "derivative_gain": 0.08361103904694883, "max_value": 101.61282777082913, "min_value": 0.0011473054648425676}, "pid_steer_parameters": {"proportional_gain": 2.182059106435915, "integral_gain": 0.009780315034699514, "derivative_gain": 0.001357372526344071, "max_value": 2.0081124000101895, "min_value": -2.0984455844532848}, "max_forward_velocity": 0.8710736635731626, "turning_speed_ratio": 0.4143079673205202, "sharp_turn_forward_velocity": 1.7289366059698172, "sharp_turn_angular_velocity": 2.183870889725748}