{"pid_speed_parameters": {"proportional_gain": 1.8995604416767937, "integral_gain": 0.08076948117440642, "derivative_gain": 0.08074398603906793, "max_value": 101.81322990166845, "min_value": 0.21180528131882254}, "pid_steer_parameters": {"proportional_gain": 2.255972409446016, "integral_gain": 0.023982253653154633, "derivative_gain": 0.007312591895746042, "max_value": 1.9663857695175055, "min_value": -2.0779557976758998}, "max_forward_velocity": 1.2465052521524254, "turning_speed_ratio": 0.4749711156950186, "sharp_turn_forward_velocity": 1.8832460759178786, "sharp_turn_angular_velocity": 2.024339519839071}