{"pid_speed_parameters": {"proportional_gain": 2.2084010630537048, "integral_gain": 0.09360108435510738, "derivative_gain": 0.08432704096184207, "max_value": 101.3412544237644, "min_value": 0.14952904362174288}, "pid_steer_parameters": {"proportional_gain": 2.3446979039090996, "integral_gain": 0.0004917894904428739, "derivative_gain": 0.011858582477708692, "max_value": 2.0284999721065735, "min_value": -2.098236312565458}, "max_forward_velocity": 0.9343500484948883, "turning_speed_ratio": 0.4865264054706969, "sharp_turn_forward_velocity": 1.99993910411959, "sharp_turn_angular_velocity": 2.2579055354745297}