{"pid_speed_parameters": {"proportional_gain": 2.1683749915157904, "integral_gain": 0.09760104245094231, "derivative_gain": 0.0767492213684377, "max_value": 101.75640595921287, "min_value": 0.1329789148440912}, "pid_steer_parameters": {"proportional_gain": 2.780242579319556, "integral_gain": 0.005026535440554609, "derivative_gain": 0.025369852386425903, "max_value": 1.9810013499853263, "min_value": -2.0949213865704266}, "max_forward_velocity": 0.9688241687940944, "turning_speed_ratio": 1.45965115880731e-06, "sharp_turn_forward_velocity": 1.5266461365358452, "sharp_turn_angular_velocity": 2.153888562722665}