{"pid_speed_parameters": {"proportional_gain": 2.302932632481122, "integral_gain": 0.09400720607609835, "derivative_gain": 0.0822879551873922, "max_value": 101.31951009026047, "min_value": 0.02129286465640882}, "pid_steer_parameters": {"proportional_gain": 2.2921357712377484, "integral_gain": 0.0026283251084631954, "derivative_gain": 0.00873204077141575, "max_value": 1.9848785035825864, "min_value": -2.099076324596441}, "max_forward_velocity": 1.0076745350510778, "turning_speed_ratio": 0.1965813674358622, "sharp_turn_forward_velocity": 1.9768891527332162, "sharp_turn_angular_velocity": 2.3918261342238436}