{"pid_speed_parameters": {"proportional_gain": 2.0270021286503344, "integral_gain": 0.09294670666035917, "derivative_gain": 0.07632794669448209, "max_value": 101.68472734268664, "min_value": 0.032754014005203745}, "pid_steer_parameters": {"proportional_gain": 2.219036522886243, "integral_gain": 0.020006106729799533, "derivative_gain": 0.002678874469313647, "max_value": 2.0100596188683495, "min_value": -2.0991238876829845}, "max_forward_velocity": 0.8362176280854938, "turning_speed_ratio": 0.4635568736744915, "sharp_turn_forward_velocity": 1.688968906918953, "sharp_turn_angular_velocity": 2.0780486868833568}