{"pid_speed_parameters": {"proportional_gain": 1.7705325004644281, "integral_gain": 0.09441497282941642, "derivative_gain": 0.07132565483513012, "max_value": 101.0368984043407, "min_value": 0.18604883221945}, "pid_steer_parameters": {"proportional_gain": 1.6797545286640925, "integral_gain": 0.015561340986829821, "derivative_gain": 0.0020588582662745183, "max_value": 1.9615640141606683, "min_value": -2.099419388461325}, "max_forward_velocity": 1.3227106109493187, "turning_speed_ratio": 0.21231218478193592, "sharp_turn_forward_velocity": 1.9939491235803186, "sharp_turn_angular_velocity": 2.6501543744205773}