{"pid_speed_parameters": {"proportional_gain": 1.7441495226210622, "integral_gain": 0.09057612603504067, "derivative_gain": 0.07578063713396611, "max_value": 101.68863468887832, "min_value": 0.003155238949839597}, "pid_steer_parameters": {"proportional_gain": 2.1791596750064897, "integral_gain": 0.01844222725926412, "derivative_gain": 0.003910934034071378, "max_value": 1.9892092905150307, "min_value": -2.099962438122271}, "max_forward_velocity": 1.0703742746067832, "turning_speed_ratio": 0.40390001167947265, "sharp_turn_forward_velocity": 1.8291275466058827, "sharp_turn_angular_velocity": 2.3794625425258054}