{"pid_speed_parameters": {"proportional_gain": 1.7722333134990715, "integral_gain": 0.09590373316084762, "derivative_gain": 0.07438387924559986, "max_value": 101.65265323282493, "min_value": 0.03457079840554274}, "pid_steer_parameters": {"proportional_gain": 2.3314566949392237, "integral_gain": 0.015680842548984157, "derivative_gain": 0.005056829776838237, "max_value": 2.011051848060636, "min_value": -2.095799547441993}, "max_forward_velocity": 0.8143021260555892, "turning_speed_ratio": 0.4191067933133953, "sharp_turn_forward_velocity": 1.6853238238787007, "sharp_turn_angular_velocity": 1.9211991054919826}