{"pid_speed_parameters": {"proportional_gain": 1.936338901094031, "integral_gain": 0.09578163206585497, "derivative_gain": 0.07550954580446992, "max_value": 101.58244862818351, "min_value": 0.04720624415033098}, "pid_steer_parameters": {"proportional_gain": 2.35831678899883, "integral_gain": 0.012137129164444593, "derivative_gain": 0.0036815521889439384, "max_value": 2.0168796454625526, "min_value": -2.0985928477770788}, "max_forward_velocity": 0.8428260971773818, "turning_speed_ratio": 0.4941495900587862, "sharp_turn_forward_velocity": 1.8672597286763124, "sharp_turn_angular_velocity": 2.0654654641765373}