{"pid_speed_parameters": {"proportional_gain": 1.8686875207221545, "integral_gain": 0.09976524128458904, "derivative_gain": 0.08394477743425725, "max_value": 101.69183180816847, "min_value": 0.14146436326312484}, "pid_steer_parameters": {"proportional_gain": 2.5470801035819, "integral_gain": 0.003242984223030804, "derivative_gain": 0.011721110215908711, "max_value": 1.945914600736437, "min_value": -2.0979077434633706}, "max_forward_velocity": 1.0796174740529363, "turning_speed_ratio": 0.1711025576506482, "sharp_turn_forward_velocity": 1.532902090622753, "sharp_turn_angular_velocity": 2.730201958342275}