{"pid_speed_parameters": {"proportional_gain": 1.7215646912897498, "integral_gain": 0.09859927150934293, "derivative_gain": 0.06434928778008153, "max_value": 101.60974640495448, "min_value": 0.10889834373167417}, "pid_steer_parameters": {"proportional_gain": 2.523282327440615, "integral_gain": 0.0024111913121595088, "derivative_gain": 0.011734200148463617, "max_value": 1.9606803076961332, "min_value": -2.099907732580059}, "max_forward_velocity": 1.2056367362324705, "turning_speed_ratio": 0.3704641257835273, "sharp_turn_forward_velocity": 1.9896636696356507, "sharp_turn_angular_velocity": 2.766879160628292}