{"pid_speed_parameters": {"proportional_gain": 1.7280018213632682, "integral_gain": 0.0999930326717729, "derivative_gain": 0.09666104501155319, "max_value": 101.21504557847342, "min_value": 0.2778604635017471}, "pid_steer_parameters": {"proportional_gain": 2.261984961462172, "integral_gain": 0.02530409466680246, "derivative_gain": 0.0010816246570466096, "max_value": 1.9065358182242946, "min_value": -2.098097663896405}, "max_forward_velocity": 1.3681618454265208, "turning_speed_ratio": 0.0015262975753697785, "sharp_turn_forward_velocity": 1.897138715013275, "sharp_turn_angular_velocity": 2.488035841962944}