{"pid_speed_parameters": {"proportional_gain": 2.1011228215764124, "integral_gain": 0.09997635417533901, "derivative_gain": 0.08392507181712906, "max_value": 101.61905742155122, "min_value": 0.07611390476612573}, "pid_steer_parameters": {"proportional_gain": 2.3261928286317035, "integral_gain": 0.012083093642479658, "derivative_gain": 0.01053717686610184, "max_value": 2.0074863254055573, "min_value": -2.0981708802803283}, "max_forward_velocity": 0.5079815275406792, "turning_speed_ratio": 0.3739727628948523, "sharp_turn_forward_velocity": 1.8168475933174957, "sharp_turn_angular_velocity": 2.3139784128729928}