{"pid_speed_parameters": {"proportional_gain": 1.9608292163252268, "integral_gain": 0.09123741053606027, "derivative_gain": 0.07587595573714598, "max_value": 101.6169564241924, "min_value": 0.08636559818570211}, "pid_steer_parameters": {"proportional_gain": 2.3709640853578486, "integral_gain": 0.012529865922400945, "derivative_gain": 0.0024547583306586615, "max_value": 2.0098997778136933, "min_value": -2.099715096017705}, "max_forward_velocity": 0.8619022277148911, "turning_speed_ratio": 0.44129189313783623, "sharp_turn_forward_velocity": 1.9037506320918731, "sharp_turn_angular_velocity": 2.2698037760453214}