{"pid_speed_parameters": {"proportional_gain": 1.615763759604209, "integral_gain": 0.09925170910055138, "derivative_gain": 0.040126559173041164, "max_value": 101.23574183878533, "min_value": 0.4587067687332241}, "pid_steer_parameters": {"proportional_gain": 2.5893818943888793, "integral_gain": 0.0001700778428825845, "derivative_gain": 0.000729153643951484, "max_value": 2.033441348818429, "min_value": -1.9121168307077117}, "max_forward_velocity": 0.8126147054611548, "turning_speed_ratio": 0.152023524378203, "sharp_turn_forward_velocity": 1.6946185760177714, "sharp_turn_angular_velocity": 2.3713164143029863}