{"pid_speed_parameters": {"proportional_gain": 1.81239738149152, "integral_gain": 0.0959481363466326, "derivative_gain": 0.0697504716506038, "max_value": 101.58540571313655, "min_value": 0.05316539438445375}, "pid_steer_parameters": {"proportional_gain": 2.318972345985328, "integral_gain": 0.01542939420708048, "derivative_gain": 0.0058155886952092955, "max_value": 2.0116313261603738, "min_value": -2.0979167982907336}, "max_forward_velocity": 1.0607787446098933, "turning_speed_ratio": 0.31200667620992595, "sharp_turn_forward_velocity": 1.6980291391408806, "sharp_turn_angular_velocity": 2.270129035607489}