{"pid_speed_parameters": {"proportional_gain": 2.1870349292017455, "integral_gain": 0.08243586543468093, "derivative_gain": 0.07633194350630769, "max_value": 101.28294113525145, "min_value": 0.050191609988433056}, "pid_steer_parameters": {"proportional_gain": 2.2542294000498875, "integral_gain": 3.334971629829812e-05, "derivative_gain": 0.00477146008279673, "max_value": 2.0209667489289145, "min_value": -2.0993617821369726}, "max_forward_velocity": 0.7584224759547022, "turning_speed_ratio": 0.619228673058627, "sharp_turn_forward_velocity": 1.9878178594287155, "sharp_turn_angular_velocity": 2.430415806187277}