{"pid_speed_parameters": {"proportional_gain": 2.0387869606493467, "integral_gain": 0.0997553697030078, "derivative_gain": 0.0785319038732763, "max_value": 101.62840758668385, "min_value": 0.016802731534173797}, "pid_steer_parameters": {"proportional_gain": 2.2272357427789977, "integral_gain": 0.0021623804707041417, "derivative_gain": 0.015233746723369756, "max_value": 1.9881059687226723, "min_value": -2.099925093850821}, "max_forward_velocity": 0.7942671035658235, "turning_speed_ratio": 0.2950123774402387, "sharp_turn_forward_velocity": 1.7987677146733365, "sharp_turn_angular_velocity": 2.1546068036983046}