{"pid_speed_parameters": {"proportional_gain": 1.7648514817627248, "integral_gain": 0.08764219590191777, "derivative_gain": 0.09643108306110601, "max_value": 101.91986916532689, "min_value": 0.2374820902061699}, "pid_steer_parameters": {"proportional_gain": 2.9777302711049494, "integral_gain": 0.011938608310657595, "derivative_gain": 0.004310115238953387, "max_value": 1.9618087390379975, "min_value": -2.0896037564988617}, "max_forward_velocity": 0.9723252524928414, "turning_speed_ratio": 0.06054297315766105, "sharp_turn_forward_velocity": 1.8705310857906343, "sharp_turn_angular_velocity": 1.92350576794279}