{"pid_speed_parameters": {"proportional_gain": 2.1025633389983103, "integral_gain": 0.09840433530732987, "derivative_gain": 0.09708352610001228, "max_value": 101.40574996203931, "min_value": 0.13024793170081558}, "pid_steer_parameters": {"proportional_gain": 2.7056842176476965, "integral_gain": 0.0014387242349148603, "derivative_gain": 0.0022189266443658766, "max_value": 1.9985215608384244, "min_value": -2.086549382515314}, "max_forward_velocity": 0.709352898672579, "turning_speed_ratio": 0.0032218014944884223, "sharp_turn_forward_velocity": 1.9854212717246333, "sharp_turn_angular_velocity": 2.9803698534747554}