{"pid_speed_parameters": {"proportional_gain": 2.1544405754066345, "integral_gain": 0.0967939911610565, "derivative_gain": 0.06818400957587425, "max_value": 100.97321596490707, "min_value": 0.0033158759731056467}, "pid_steer_parameters": {"proportional_gain": 2.071705811716042, "integral_gain": 3.6551590630846344e-05, "derivative_gain": 0.00958802655204569, "max_value": 2.004480364199672, "min_value": -2.0902381882254915}, "max_forward_velocity": 1.0795583202847912, "turning_speed_ratio": 0.4923073070098106, "sharp_turn_forward_velocity": 1.88699294092824, "sharp_turn_angular_velocity": 2.4526158269561322}