{"pid_speed_parameters": {"proportional_gain": 1.8799240813642593, "integral_gain": 0.08773398382170329, "derivative_gain": 0.07756872837820192, "max_value": 101.77368655974551, "min_value": 0.08726613547470352}, "pid_steer_parameters": {"proportional_gain": 2.136351348741435, "integral_gain": 0.029397052786565032, "derivative_gain": 0.0030758963955887014, "max_value": 1.9934104033891276, "min_value": -2.099564062832292}, "max_forward_velocity": 1.0352775221459547, "turning_speed_ratio": 0.39675721541670345, "sharp_turn_forward_velocity": 1.5743136178386534, "sharp_turn_angular_velocity": 1.8925255550461026}