{"pid_speed_parameters": {"proportional_gain": 2.4005886278310262, "integral_gain": 0.09842520015223878, "derivative_gain": 0.08291299883578351, "max_value": 101.29456493189572, "min_value": 0.13627941351231607}, "pid_steer_parameters": {"proportional_gain": 2.1693277191381237, "integral_gain": 0.01963251298912585, "derivative_gain": 0.011536652759982304, "max_value": 1.9915344729239666, "min_value": -2.099987323286339}, "max_forward_velocity": 0.6726245320236695, "turning_speed_ratio": 0.5004913581340888, "sharp_turn_forward_velocity": 1.8941556126617636, "sharp_turn_angular_velocity": 2.251495324462831}