{"pid_speed_parameters": {"proportional_gain": 2.0572746744789345, "integral_gain": 0.07288095539820591, "derivative_gain": 0.07691589550649297, "max_value": 101.80014573826797, "min_value": 0.15286431910526677}, "pid_steer_parameters": {"proportional_gain": 1.871476287548516, "integral_gain": 0.032737365452442296, "derivative_gain": 0.008669600102828962, "max_value": 1.9798843140367137, "min_value": -2.069066260938947}, "max_forward_velocity": 1.0533531833306573, "turning_speed_ratio": 0.446639676610604, "sharp_turn_forward_velocity": 1.806715542923027, "sharp_turn_angular_velocity": 1.8408986121505528}