{"pid_speed_parameters": {"proportional_gain": 1.7317213997704302, "integral_gain": 0.09481194247302979, "derivative_gain": 0.07228564479397702, "max_value": 101.67845629766599, "min_value": 0.015562453433633702}, "pid_steer_parameters": {"proportional_gain": 2.544613939263157, "integral_gain": 0.01595521603448483, "derivative_gain": 0.0035846010922790006, "max_value": 2.0288449594082953, "min_value": -2.09452090634605}, "max_forward_velocity": 0.9908037248636989, "turning_speed_ratio": 0.5090290529705148, "sharp_turn_forward_velocity": 1.7831488391116093, "sharp_turn_angular_velocity": 2.127349413549991}