{"pid_speed_parameters": {"proportional_gain": 1.7046970655982316, "integral_gain": 0.08957612627610495, "derivative_gain": 0.07494227516526374, "max_value": 101.7563329258472, "min_value": 0.010387409199354736}, "pid_steer_parameters": {"proportional_gain": 2.399022640194088, "integral_gain": 0.022961435868274854, "derivative_gain": 0.0009616311422818428, "max_value": 1.9852908857257108, "min_value": -2.0995587241176628}, "max_forward_velocity": 0.892822690786153, "turning_speed_ratio": 0.4461011320497873, "sharp_turn_forward_velocity": 1.7363121214761097, "sharp_turn_angular_velocity": 1.9963755970355097}