{"pid_speed_parameters": {"proportional_gain": 1.0386925215105436, "integral_gain": 0.055150272109720753, "derivative_gain": 0.0778397590535998, "max_value": 99.94677108405405, "min_value": 0.5457693106720146}, "pid_steer_parameters": {"proportional_gain": 2.5433453880628347, "integral_gain": 0.019279713049080667, "derivative_gain": 0.022176708994473066, "max_value": 2.062062008538379, "min_value": -2.029758234124162}, "max_forward_velocity": 1.6879806883427164, "turning_speed_ratio": 0.09012036332535145, "sharp_turn_forward_velocity": 1.3135937307476886, "sharp_turn_angular_velocity": 2.6939633656766175}