{"pid_speed_parameters": {"proportional_gain": 1.7635489403582554, "integral_gain": 0.09178997706729816, "derivative_gain": 0.037955183333890426, "max_value": 99.27198505555263, "min_value": 0.9402607887833928}, "pid_steer_parameters": {"proportional_gain": 2.0635475905600478, "integral_gain": 9.786758738701491e-05, "derivative_gain": 0.034815906568493, "max_value": 2.0322840212573707, "min_value": -1.9278297256771055}, "max_forward_velocity": 0.9485151119692292, "turning_speed_ratio": 0.32208975470986023, "sharp_turn_forward_velocity": 0.7021890836569055, "sharp_turn_angular_velocity": 2.1005592894434524}