{"pid_speed_parameters": {"proportional_gain": 2.2489410440861555, "integral_gain": 0.08353080226332418, "derivative_gain": 0.07951575464159766, "max_value": 101.7748677750579, "min_value": 0.3061295547811434}, "pid_steer_parameters": {"proportional_gain": 2.960483128607297, "integral_gain": 5.941435332940049e-05, "derivative_gain": 2.9950656082517374e-06, "max_value": 1.9030458505047694, "min_value": -2.077959487881795}, "max_forward_velocity": 0.565163326555, "turning_speed_ratio": 0.09210572438672932, "sharp_turn_forward_velocity": 1.4748834390031962, "sharp_turn_angular_velocity": 2.995719196377806}