{"pid_speed_parameters": {"proportional_gain": 1.8788946207046424, "integral_gain": 0.07797266486293532, "derivative_gain": 0.07288016355148971, "max_value": 101.86393980790984, "min_value": 0.17725536850649348}, "pid_steer_parameters": {"proportional_gain": 2.2443267753465626, "integral_gain": 0.03663840870496782, "derivative_gain": 0.0034615140292129374, "max_value": 1.9713059954726917, "min_value": -2.0791416391920534}, "max_forward_velocity": 1.0073724475315973, "turning_speed_ratio": 0.491651131969289, "sharp_turn_forward_velocity": 1.8333318550721294, "sharp_turn_angular_velocity": 1.7405617597636422}