{"pid_speed_parameters": {"proportional_gain": 2.0433585546490685, "integral_gain": 0.09630139730584984, "derivative_gain": 0.08195577042210192, "max_value": 101.59894826496453, "min_value": 0.0033402849129122772}, "pid_steer_parameters": {"proportional_gain": 2.19673397806275, "integral_gain": 0.007614373178874459, "derivative_gain": 0.005003540974504598, "max_value": 2.011996232824613, "min_value": -2.0940904555004884}, "max_forward_velocity": 0.798176625801259, "turning_speed_ratio": 0.3906785669585177, "sharp_turn_forward_velocity": 1.7736756880198383, "sharp_turn_angular_velocity": 2.206086588726109}