{"pid_speed_parameters": {"proportional_gain": 1.7798282055990062, "integral_gain": 0.09569199836142163, "derivative_gain": 0.07737448968722417, "max_value": 101.53618113669529, "min_value": 0.11124135422640963}, "pid_steer_parameters": {"proportional_gain": 2.322017836083401, "integral_gain": 0.01180581787129158, "derivative_gain": 0.008335335905629418, "max_value": 2.031417963575281, "min_value": -2.089508100448067}, "max_forward_velocity": 0.9445031386590332, "turning_speed_ratio": 0.3927972661451073, "sharp_turn_forward_velocity": 1.713001361966287, "sharp_turn_angular_velocity": 2.0169758704775145}