{"pid_speed_parameters": {"proportional_gain": 1.4735324485204595, "integral_gain": 0.07373386350885922, "derivative_gain": 0.07707039112308381, "max_value": 101.97532148563397, "min_value": 0.12604033629346706}, "pid_steer_parameters": {"proportional_gain": 2.3812314938026384, "integral_gain": 0.005328679582028418, "derivative_gain": 0.00012054041826369264, "max_value": 2.045293427951132, "min_value": -2.070280375286962}, "max_forward_velocity": 1.5000979626374644, "turning_speed_ratio": 0.24733415894968913, "sharp_turn_forward_velocity": 1.625619059833912, "sharp_turn_angular_velocity": 2.083698467674519}