{"pid_speed_parameters": {"proportional_gain": 1.9230287573409384, "integral_gain": 0.09954823089191331, "derivative_gain": 0.08286388713052674, "max_value": 101.5007657937368, "min_value": 0.020698426015193148}, "pid_steer_parameters": {"proportional_gain": 2.4750535402656757, "integral_gain": 0.005904126529119801, "derivative_gain": 0.00537988574625033, "max_value": 2.0057562294315145, "min_value": -2.0893432305663846}, "max_forward_velocity": 0.6921290991849589, "turning_speed_ratio": 0.2079392791738094, "sharp_turn_forward_velocity": 1.657712329635946, "sharp_turn_angular_velocity": 2.0476571912553387}