{"pid_speed_parameters": {"proportional_gain": 1.5263553698918946, "integral_gain": 0.09943307614143393, "derivative_gain": 0.055881314052497966, "max_value": 101.74762010760845, "min_value": 0.5691783340291937}, "pid_steer_parameters": {"proportional_gain": 2.207724660942926, "integral_gain": 0.01969810765078038, "derivative_gain": 0.002621187137922475, "max_value": 1.9446149256398804, "min_value": -2.0879889547521926}, "max_forward_velocity": 1.1634847203593874, "turning_speed_ratio": 0.0029137055779512263, "sharp_turn_forward_velocity": 1.949996350415754, "sharp_turn_angular_velocity": 2.1083056611562183}