{"pid_speed_parameters": {"proportional_gain": 1.2462105779623287, "integral_gain": 0.07590667638638961, "derivative_gain": 0.05908095554273605, "max_value": 101.92251060649562, "min_value": 0.3448802408794168}, "pid_steer_parameters": {"proportional_gain": 2.850839702062752, "integral_gain": 0.002124317168546063, "derivative_gain": 0.003233908170000737, "max_value": 2.0973628262871835, "min_value": -1.9801150598005233}, "max_forward_velocity": 0.517833715323964, "turning_speed_ratio": 0.04777821003386361, "sharp_turn_forward_velocity": 1.4498002806315795, "sharp_turn_angular_velocity": 2.4377217110060876}