{"pid_speed_parameters": {"proportional_gain": 1.4681613874322483, "integral_gain": 0.09780339032435773, "derivative_gain": 0.0736685352432771, "max_value": 101.72929665965174, "min_value": 0.37743819169712073}, "pid_steer_parameters": {"proportional_gain": 2.9841483387072474, "integral_gain": 0.07857566559565045, "derivative_gain": 0.0025056529669291237, "max_value": 2.002470673426119, "min_value": -2.0712080118201017}, "max_forward_velocity": 1.2148842510801006, "turning_speed_ratio": 0.3624043606070336, "sharp_turn_forward_velocity": 1.7121121010027398, "sharp_turn_angular_velocity": 2.454675727653944}