{"pid_speed_parameters": {"proportional_gain": 1.7318074889223876, "integral_gain": 0.07830705842596225, "derivative_gain": 0.06675740110302611, "max_value": 101.66961277353646, "min_value": 0.05610915497403238}, "pid_steer_parameters": {"proportional_gain": 2.2751823623656064, "integral_gain": 0.04060694106455509, "derivative_gain": 0.00742148399683305, "max_value": 1.936184034723966, "min_value": -2.0997549541296077}, "max_forward_velocity": 1.1861803904095403, "turning_speed_ratio": 0.5128774208906961, "sharp_turn_forward_velocity": 1.6324656859791447, "sharp_turn_angular_velocity": 1.745077172816435}