{"pid_speed_parameters": {"proportional_gain": 1.724408644318239, "integral_gain": 0.09697310082158563, "derivative_gain": 0.07656124056875993, "max_value": 101.02131533355154, "min_value": 0.08834043374697015}, "pid_steer_parameters": {"proportional_gain": 2.6599979918579555, "integral_gain": 0.005179864408107481, "derivative_gain": 0.00028993892963588406, "max_value": 1.9586928110645248, "min_value": -2.0996925304519394}, "max_forward_velocity": 0.901587349637146, "turning_speed_ratio": 0.4313833412159371, "sharp_turn_forward_velocity": 1.2840304818342732, "sharp_turn_angular_velocity": 2.129458063206793}