{"pid_speed_parameters": {"proportional_gain": 2.3036216252845207, "integral_gain": 0.09451150616207585, "derivative_gain": 0.05758332540348502, "max_value": 101.39150544290946, "min_value": 0.009111113697552003}, "pid_steer_parameters": {"proportional_gain": 2.2218563297439884, "integral_gain": 0.0004673133351781432, "derivative_gain": 0.007056548281102349, "max_value": 1.9956879837133255, "min_value": -2.0926795134354137}, "max_forward_velocity": 1.1585717944788334, "turning_speed_ratio": 0.45888169948038604, "sharp_turn_forward_velocity": 1.9383008265356765, "sharp_turn_angular_velocity": 2.518518344648143}