{"pid_speed_parameters": {"proportional_gain": 2.0032429589964673, "integral_gain": 0.08348450924628245, "derivative_gain": 0.07761529089401029, "max_value": 100.54944614410286, "min_value": 0.08121470629773525}, "pid_steer_parameters": {"proportional_gain": 1.2274276304440426, "integral_gain": 0.05477020257426638, "derivative_gain": 0.029674611914267783, "max_value": 2.0555410357780564, "min_value": -2.0581251484586742}, "max_forward_velocity": 0.9239957960088034, "turning_speed_ratio": 0.2927701497760079, "sharp_turn_forward_velocity": 1.2107197698959447, "sharp_turn_angular_velocity": 2.3738247734213913}