{"pid_speed_parameters": {"proportional_gain": 2.3014829828443206, "integral_gain": 0.08533333940740633, "derivative_gain": 0.08848767174465567, "max_value": 101.41606013275559, "min_value": 0.0673906482796057}, "pid_steer_parameters": {"proportional_gain": 2.7127420961060396, "integral_gain": 0.0035983088787104826, "derivative_gain": 0.013111938627911743, "max_value": 1.958049750247686, "min_value": -2.097727439779384}, "max_forward_velocity": 0.2091836883426641, "turning_speed_ratio": 0.016481956542300606, "sharp_turn_forward_velocity": 1.9290985991378014, "sharp_turn_angular_velocity": 1.796885097366807}