{"pid_speed_parameters": {"proportional_gain": 2.046569243640697, "integral_gain": 0.09865172657361065, "derivative_gain": 0.05701183881232456, "max_value": 101.86222436234416, "min_value": 0.05309457874843443}, "pid_steer_parameters": {"proportional_gain": 2.646060286473013, "integral_gain": 0.0017905316669608493, "derivative_gain": 0.003708866973643878, "max_value": 1.9826517220128757, "min_value": -2.097635797408115}, "max_forward_velocity": 0.7246676770042177, "turning_speed_ratio": 0.27388946241120216, "sharp_turn_forward_velocity": 1.590136026908575, "sharp_turn_angular_velocity": 2.0757123743942456}