{"pid_speed_parameters": {"proportional_gain": 1.9073811395239508, "integral_gain": 0.09983392256753942, "derivative_gain": 0.08216307089704199, "max_value": 102.05492855988362, "min_value": 0.33754291542362663}, "pid_steer_parameters": {"proportional_gain": 2.58870536976169, "integral_gain": 0.014666595561611886, "derivative_gain": 0.017164962487479233, "max_value": 1.9872155562972518, "min_value": -2.081521613885606}, "max_forward_velocity": 1.6249289341235993, "turning_speed_ratio": 0.1739783178233562, "sharp_turn_forward_velocity": 1.2561372971534852, "sharp_turn_angular_velocity": 1.8430186848698022}