{"pid_speed_parameters": {"proportional_gain": 1.7105797862127794, "integral_gain": 0.020137840952786912, "derivative_gain": 0.06252983176349433, "max_value": 100.24576122174496, "min_value": 0.5805668238910205}, "pid_steer_parameters": {"proportional_gain": 2.547695548032297, "integral_gain": 3.2131673890325827e-05, "derivative_gain": 0.04444254479416625, "max_value": 2.073733074810627, "min_value": -1.9154591893509365}, "max_forward_velocity": 1.9607655676224158, "turning_speed_ratio": 0.6615665089189844, "sharp_turn_forward_velocity": 1.6736526177082216, "sharp_turn_angular_velocity": 1.892669965918585}