{"pid_speed_parameters": {"proportional_gain": 1.5043101332200688, "integral_gain": 0.09545607939226364, "derivative_gain": 0.09488680481023211, "max_value": 101.70464155700213, "min_value": 0.6368420560997027}, "pid_steer_parameters": {"proportional_gain": 2.366920380824116, "integral_gain": 0.02986049922334177, "derivative_gain": 0.00020094376762560366, "max_value": 1.9322597075842944, "min_value": -2.0923772028989656}, "max_forward_velocity": 1.5424733145623504, "turning_speed_ratio": 0.36719800088996, "sharp_turn_forward_velocity": 1.7151035081598802, "sharp_turn_angular_velocity": 2.4386800955959695}