{"pid_speed_parameters": {"proportional_gain": 1.8478545985671109, "integral_gain": 0.0984920987978071, "derivative_gain": 0.07541362749649716, "max_value": 101.61481419561177, "min_value": 0.03169224155472224}, "pid_steer_parameters": {"proportional_gain": 2.0965130547350928, "integral_gain": 0.01949093624120756, "derivative_gain": 0.004924937415191127, "max_value": 1.9922496930879978, "min_value": -2.0935939715691783}, "max_forward_velocity": 0.8229086822960467, "turning_speed_ratio": 0.3791211909081864, "sharp_turn_forward_velocity": 1.8448499891579038, "sharp_turn_angular_velocity": 2.018449177598362}