{"pid_speed_parameters": {"proportional_gain": 1.957305886945171, "integral_gain": 0.08819373699698599, "derivative_gain": 0.08093871900017008, "max_value": 101.59118102507414, "min_value": 0.2632176925802515}, "pid_steer_parameters": {"proportional_gain": 2.0326197017432523, "integral_gain": 0.03268362596021788, "derivative_gain": 0.009674250646563184, "max_value": 1.968004053328657, "min_value": -2.091217935737279}, "max_forward_velocity": 1.028952915086145, "turning_speed_ratio": 0.2866883319024824, "sharp_turn_forward_velocity": 1.6717421669816364, "sharp_turn_angular_velocity": 1.9954220693413742}