{"pid_speed_parameters": {"proportional_gain": 1.8893436579934069, "integral_gain": 0.09448019192325656, "derivative_gain": 0.06670726055187817, "max_value": 101.62704537351978, "min_value": 0.1959081422325395}, "pid_steer_parameters": {"proportional_gain": 2.4238130237288162, "integral_gain": 0.008283777339886117, "derivative_gain": 0.00475580902547312, "max_value": 1.9953778318149147, "min_value": -2.08630511770445}, "max_forward_velocity": 0.9714801633825387, "turning_speed_ratio": 0.49817244675114924, "sharp_turn_forward_velocity": 1.8938813649088593, "sharp_turn_angular_velocity": 2.488078557316214}