{"pid_speed_parameters": {"proportional_gain": 2.1314836488268787, "integral_gain": 0.09837663256233185, "derivative_gain": 0.08846149103101314, "max_value": 101.44525872152536, "min_value": 0.19502918716875095}, "pid_steer_parameters": {"proportional_gain": 2.16003010767311, "integral_gain": 0.01035234069766671, "derivative_gain": 0.0035908825372588022, "max_value": 2.030051741258529, "min_value": -2.092470836409424}, "max_forward_velocity": 0.8534732076029248, "turning_speed_ratio": 0.548127080598412, "sharp_turn_forward_velocity": 1.9217102461035094, "sharp_turn_angular_velocity": 2.2122827249738646}