{"pid_speed_parameters": {"proportional_gain": 1.8629863236821664, "integral_gain": 0.058102714411958675, "derivative_gain": 0.07576017176808522, "max_value": 100.07694731164887, "min_value": 0.6756922807572955}, "pid_steer_parameters": {"proportional_gain": 2.7482240891884775, "integral_gain": 3.159661261354843e-06, "derivative_gain": 0.05786891067527651, "max_value": 2.040408538532592, "min_value": -2.0707395406160107}, "max_forward_velocity": 1.986425481588787, "turning_speed_ratio": 0.33496026530601736, "sharp_turn_forward_velocity": 1.7404586591966615, "sharp_turn_angular_velocity": 2.9180549536919678}