{"pid_speed_parameters": {"proportional_gain": 2.1124576749773842, "integral_gain": 0.09705511995188, "derivative_gain": 0.07803060674533757, "max_value": 101.38049960951695, "min_value": 0.0031358902403201276}, "pid_steer_parameters": {"proportional_gain": 2.354408048814359, "integral_gain": 4.072823330017092e-05, "derivative_gain": 0.01603676665442837, "max_value": 1.9904875720396802, "min_value": -2.0951080557975033}, "max_forward_velocity": 1.1464749681292383, "turning_speed_ratio": 0.314995177650435, "sharp_turn_forward_velocity": 1.9902929449328044, "sharp_turn_angular_velocity": 2.2991413765677597}