{"pid_speed_parameters": {"proportional_gain": 1.5911989468197465, "integral_gain": 0.09096446389993669, "derivative_gain": 0.07087699877195862, "max_value": 101.86850847546886, "min_value": 0.06797010119711033}, "pid_steer_parameters": {"proportional_gain": 2.2077936288011406, "integral_gain": 0.02401575570472397, "derivative_gain": 0.0023753082415883657, "max_value": 1.987294004825912, "min_value": -2.0999934743547186}, "max_forward_velocity": 1.0747792854530753, "turning_speed_ratio": 0.42784706933124106, "sharp_turn_forward_velocity": 1.8178660853520836, "sharp_turn_angular_velocity": 1.9069923920809897}