{"pid_speed_parameters": {"proportional_gain": 2.3345561763243703, "integral_gain": 0.0820624733881451, "derivative_gain": 0.08255597454048873, "max_value": 101.41211462967811, "min_value": 0.002196008916879826}, "pid_steer_parameters": {"proportional_gain": 1.890584418623606, "integral_gain": 0.001165214362093494, "derivative_gain": 0.004264747057314843, "max_value": 2.0479854189188313, "min_value": -2.0922336313166596}, "max_forward_velocity": 0.8959559089715636, "turning_speed_ratio": 0.8677572678960218, "sharp_turn_forward_velocity": 1.7570271900745482, "sharp_turn_angular_velocity": 2.32748058557231}