{"pid_speed_parameters": {"proportional_gain": 2.007643054446226, "integral_gain": 0.09805787481897524, "derivative_gain": 0.0676095360711371, "max_value": 101.48507792972946, "min_value": 0.08199454641200282}, "pid_steer_parameters": {"proportional_gain": 2.4491889067980877, "integral_gain": 0.013735354941471533, "derivative_gain": 0.004461638422641324, "max_value": 2.007855731290146, "min_value": -2.0957296023956244}, "max_forward_velocity": 0.7685918687678437, "turning_speed_ratio": 0.4432141393318647, "sharp_turn_forward_velocity": 1.5187256188704779, "sharp_turn_angular_velocity": 2.064944321231797}