{"pid_speed_parameters": {"proportional_gain": 1.765787230290477, "integral_gain": 0.08486268143800595, "derivative_gain": 0.08020831357085974, "max_value": 101.72066531642287, "min_value": 0.15553293022082987}, "pid_steer_parameters": {"proportional_gain": 2.039122184314144, "integral_gain": 0.02189810635805758, "derivative_gain": 0.004757082289177103, "max_value": 2.003873460155108, "min_value": -2.098870206965044}, "max_forward_velocity": 1.0780264881824415, "turning_speed_ratio": 0.38203410695826817, "sharp_turn_forward_velocity": 1.6782567230201797, "sharp_turn_angular_velocity": 1.9272745774353879}