{"pid_speed_parameters": {"proportional_gain": 1.907361787439085, "integral_gain": 0.07964030261715489, "derivative_gain": 0.07763265277831893, "max_value": 101.46147500548744, "min_value": 0.0945707206832983}, "pid_steer_parameters": {"proportional_gain": 2.0436815799977137, "integral_gain": 0.05710710379424564, "derivative_gain": 0.01005951160455345, "max_value": 1.9352199611192558, "min_value": -2.076970819499793}, "max_forward_velocity": 1.153885270948723, "turning_speed_ratio": 0.46716908458858164, "sharp_turn_forward_velocity": 1.7755809611781481, "sharp_turn_angular_velocity": 1.691017145235469}