{"pid_speed_parameters": {"proportional_gain": 2.172452784909673, "integral_gain": 0.09801977263608241, "derivative_gain": 0.09406845694014149, "max_value": 101.54414893681022, "min_value": 0.03211274059587115}, "pid_steer_parameters": {"proportional_gain": 2.3383972551737346, "integral_gain": 0.01372698538904175, "derivative_gain": 0.0011570035912968964, "max_value": 1.9568546265485487, "min_value": -2.0907424820515894}, "max_forward_velocity": 0.9880117070446595, "turning_speed_ratio": 0.15892765498942338, "sharp_turn_forward_velocity": 1.997840443547732, "sharp_turn_angular_velocity": 2.5327684536918627}