{"pid_speed_parameters": {"proportional_gain": 2.259985760246926, "integral_gain": 0.09869013948960302, "derivative_gain": 0.08549562549123585, "max_value": 101.57238259069709, "min_value": 0.10829742468520961}, "pid_steer_parameters": {"proportional_gain": 2.2459426055100975, "integral_gain": 0.011936122403422797, "derivative_gain": 0.004975609966745881, "max_value": 2.0042737698586524, "min_value": -2.0990541926822104}, "max_forward_velocity": 0.8583539381709815, "turning_speed_ratio": 0.30000921799444236, "sharp_turn_forward_velocity": 1.9584739290711912, "sharp_turn_angular_velocity": 2.3952213985797854}