{"pid_speed_parameters": {"proportional_gain": 1.2388910525760557, "integral_gain": 0.09515866548947162, "derivative_gain": 0.06933215358352902, "max_value": 101.2161771732449, "min_value": 0.09752266992925648}, "pid_steer_parameters": {"proportional_gain": 2.136127963461927, "integral_gain": 0.00160104262707555, "derivative_gain": 0.011233932580030179, "max_value": 1.9774136435720524, "min_value": -2.0417975867946248}, "max_forward_velocity": 0.7448888947429251, "turning_speed_ratio": 0.532000014650838, "sharp_turn_forward_velocity": 1.6259963385139957, "sharp_turn_angular_velocity": 1.8969017948656197}