{"pid_speed_parameters": {"proportional_gain": 1.9762622669646397, "integral_gain": 0.07836417506700799, "derivative_gain": 0.08834580270335142, "max_value": 101.84908403025918, "min_value": 0.2024793141531372}, "pid_steer_parameters": {"proportional_gain": 2.4491261405811, "integral_gain": 0.014953009257651686, "derivative_gain": 0.004086144447765406, "max_value": 2.020594928716321, "min_value": -2.0912307126466243}, "max_forward_velocity": 1.025282660967763, "turning_speed_ratio": 0.665301437166295, "sharp_turn_forward_velocity": 1.7586141435573248, "sharp_turn_angular_velocity": 2.0430240894898475}