{"pid_speed_parameters": {"proportional_gain": 1.744302949824584, "integral_gain": 0.09391424585838792, "derivative_gain": 0.07216242427939329, "max_value": 101.55738951845902, "min_value": 0.015922590433021504}, "pid_steer_parameters": {"proportional_gain": 2.322660097562885, "integral_gain": 0.015700312583380522, "derivative_gain": 0.005871989862792561, "max_value": 1.9960685297976977, "min_value": -2.0916166178379783}, "max_forward_velocity": 0.9268925742267657, "turning_speed_ratio": 0.36096588184900125, "sharp_turn_forward_velocity": 1.803756288123403, "sharp_turn_angular_velocity": 2.0258207427150943}