{"pid_speed_parameters": {"proportional_gain": 1.980105380861696, "integral_gain": 0.09724968418899231, "derivative_gain": 0.08201328589652941, "max_value": 101.54322519977406, "min_value": 0.07555964642012178}, "pid_steer_parameters": {"proportional_gain": 2.4042769501538297, "integral_gain": 0.011428954421765829, "derivative_gain": 0.0010630378746754546, "max_value": 2.018782640954565, "min_value": -2.0919279914413305}, "max_forward_velocity": 0.7986228650150506, "turning_speed_ratio": 0.45466373321395925, "sharp_turn_forward_velocity": 1.7278460119213521, "sharp_turn_angular_velocity": 2.2620798581554467}