{"pid_speed_parameters": {"proportional_gain": 2.0856041685676514, "integral_gain": 0.0995753153518863, "derivative_gain": 0.0710820778493954, "max_value": 101.52526381453409, "min_value": 0.12482549343952679}, "pid_steer_parameters": {"proportional_gain": 2.421583823639703, "integral_gain": 0.01852123946725647, "derivative_gain": 0.005970826383330473, "max_value": 2.0165657126693044, "min_value": -2.097583741521499}, "max_forward_velocity": 0.7891538997359628, "turning_speed_ratio": 0.3001428375936273, "sharp_turn_forward_velocity": 1.7423249594510957, "sharp_turn_angular_velocity": 2.101701978847794}