{"pid_speed_parameters": {"proportional_gain": 2.05853225405743, "integral_gain": 0.09051309847542248, "derivative_gain": 0.07576553049718968, "max_value": 101.60829321992135, "min_value": 0.07177128800140231}, "pid_steer_parameters": {"proportional_gain": 1.9776053191653333, "integral_gain": 0.027958521017350465, "derivative_gain": 0.0075196645520007165, "max_value": 1.967434250436951, "min_value": -2.0833414343999923}, "max_forward_velocity": 1.1455483441913674, "turning_speed_ratio": 0.4388230784385445, "sharp_turn_forward_velocity": 1.7565398784693835, "sharp_turn_angular_velocity": 1.9433209234979498}