{"pid_speed_parameters": {"proportional_gain": 1.8319386998607814, "integral_gain": 0.0738167138174601, "derivative_gain": 0.06723860914251768, "max_value": 101.35027863902519, "min_value": 0.02209579715150501}, "pid_steer_parameters": {"proportional_gain": 2.119423835640958, "integral_gain": 0.037069753213566585, "derivative_gain": 0.0029535788139325994, "max_value": 1.9699558893497073, "min_value": -2.09582033614674}, "max_forward_velocity": 1.0747519987099956, "turning_speed_ratio": 0.5107631453923829, "sharp_turn_forward_velocity": 1.6960305050516784, "sharp_turn_angular_velocity": 1.881250866907799}