{"pid_speed_parameters": {"proportional_gain": 2.509652232280145, "integral_gain": 0.07749829073312509, "derivative_gain": 0.025018710948011107, "max_value": 99.98490887099614, "min_value": 0.5388365014255226}, "pid_steer_parameters": {"proportional_gain": 2.51107026344153, "integral_gain": 0.04467653208965946, "derivative_gain": 0.046053431707919486, "max_value": 2.0422770866725264, "min_value": -2.062488063412523}, "max_forward_velocity": 0.9975895946246567, "turning_speed_ratio": 0.9590765242133811, "sharp_turn_forward_velocity": 0.4511949485431186, "sharp_turn_angular_velocity": 1.3853579917143537}