{"pid_speed_parameters": {"proportional_gain": 2.058730757616485, "integral_gain": 0.06922427782529085, "derivative_gain": 0.07316414617068469, "max_value": 101.58134388491416, "min_value": 0.10537993464788509}, "pid_steer_parameters": {"proportional_gain": 2.063471791768423, "integral_gain": 0.024047843035256908, "derivative_gain": 0.006786138567938511, "max_value": 1.983411060525791, "min_value": -2.0870701288682385}, "max_forward_velocity": 1.080278628385659, "turning_speed_ratio": 0.6763811036231256, "sharp_turn_forward_velocity": 1.8678621886717734, "sharp_turn_angular_velocity": 1.788504922048101}