{"pid_speed_parameters": {"proportional_gain": 2.5680349623607537, "integral_gain": 0.09761496097274967, "derivative_gain": 0.07631301131727353, "max_value": 101.15051615080841, "min_value": 0.037336102056357935}, "pid_steer_parameters": {"proportional_gain": 1.9701130144289596, "integral_gain": 0.0006557799525525876, "derivative_gain": 0.013775638648973696, "max_value": 2.016752381667466, "min_value": -2.094828139012629}, "max_forward_velocity": 0.9058723100581956, "turning_speed_ratio": 0.44521894149798547, "sharp_turn_forward_velocity": 1.9367555658977682, "sharp_turn_angular_velocity": 2.2060835579494418}