{"pid_speed_parameters": {"proportional_gain": 1.754378332551621, "integral_gain": 0.09868666529768497, "derivative_gain": 0.07982239549144475, "max_value": 101.42500294381216, "min_value": 0.07007510417544854}, "pid_steer_parameters": {"proportional_gain": 2.5246302952679147, "integral_gain": 0.012545968213461675, "derivative_gain": 0.0029822925993710434, "max_value": 2.003726686993355, "min_value": -2.0930024864126224}, "max_forward_velocity": 0.8545108424522381, "turning_speed_ratio": 0.2227692853484724, "sharp_turn_forward_velocity": 1.6680880338562984, "sharp_turn_angular_velocity": 2.0974642262841514}