{"pid_speed_parameters": {"proportional_gain": 1.980142045266787, "integral_gain": 0.09582767553073114, "derivative_gain": 0.08241358577656027, "max_value": 101.41153874249417, "min_value": 0.0131196981094489}, "pid_steer_parameters": {"proportional_gain": 2.2273757058461534, "integral_gain": 0.015508768563253698, "derivative_gain": 0.002555319881511706, "max_value": 1.9893317741516838, "min_value": -2.0879806437429442}, "max_forward_velocity": 0.8340269239993501, "turning_speed_ratio": 0.4666119037513915, "sharp_turn_forward_velocity": 1.860675901445143, "sharp_turn_angular_velocity": 2.1939478935662797}