{"pid_speed_parameters": {"proportional_gain": 1.7354037650754264, "integral_gain": 0.09283974509886729, "derivative_gain": 0.07660348044600822, "max_value": 101.6263742893144, "min_value": 0.10986714821679613}, "pid_steer_parameters": {"proportional_gain": 2.139865217405941, "integral_gain": 0.02384144541540032, "derivative_gain": 0.0070757427666740804, "max_value": 2.0032707913997503, "min_value": -2.09899415211505}, "max_forward_velocity": 0.9443041944969432, "turning_speed_ratio": 0.32880661968498176, "sharp_turn_forward_velocity": 1.6970985183175975, "sharp_turn_angular_velocity": 2.0040200880581063}