{"pid_speed_parameters": {"proportional_gain": 2.27726817653424, "integral_gain": 0.07783263618564615, "derivative_gain": 0.07446485530222359, "max_value": 101.38126240806236, "min_value": 0.002786288127239504}, "pid_steer_parameters": {"proportional_gain": 2.156166416056117, "integral_gain": 0.03844667006986402, "derivative_gain": 0.012121326490830298, "max_value": 1.927262540290722, "min_value": -2.0996906568541625}, "max_forward_velocity": 1.1386041932823756, "turning_speed_ratio": 0.5103035843394723, "sharp_turn_forward_velocity": 1.6408029267515492, "sharp_turn_angular_velocity": 1.7058030850613581}