{"pid_speed_parameters": {"proportional_gain": 1.6358361131728458, "integral_gain": 0.07382130940552985, "derivative_gain": 0.06239842781280818, "max_value": 102.0630268804481, "min_value": 0.12175266673061952}, "pid_steer_parameters": {"proportional_gain": 2.072926513860961, "integral_gain": 0.04574476904190271, "derivative_gain": 0.007459794228903664, "max_value": 1.9730814504920682, "min_value": -2.075528379668132}, "max_forward_velocity": 1.1093745883510262, "turning_speed_ratio": 0.29242529088441277, "sharp_turn_forward_velocity": 1.9526653940730772, "sharp_turn_angular_velocity": 1.9325412890784837}