{"pid_speed_parameters": {"proportional_gain": 2.027051171051431, "integral_gain": 0.0743524062399195, "derivative_gain": 0.062407514727561536, "max_value": 101.55211587468476, "min_value": 0.09402972490844577}, "pid_steer_parameters": {"proportional_gain": 1.728098198676499, "integral_gain": 0.036832385738226406, "derivative_gain": 7.301891601280503e-06, "max_value": 1.9570934056719669, "min_value": -2.0995918560414295}, "max_forward_velocity": 0.713896518122128, "turning_speed_ratio": 0.2574089166770841, "sharp_turn_forward_velocity": 1.7537089581820493, "sharp_turn_angular_velocity": 2.295779028609315}