{"pid_speed_parameters": {"proportional_gain": 1.8071897192805988, "integral_gain": 0.08547570831403195, "derivative_gain": 0.06825265874843277, "max_value": 101.61042475391966, "min_value": 0.11644632562638363}, "pid_steer_parameters": {"proportional_gain": 2.1243974709470383, "integral_gain": 0.012730238205546997, "derivative_gain": 0.0029446669186568757, "max_value": 2.0050301764738196, "min_value": -2.0974229420263706}, "max_forward_velocity": 0.9966891130988533, "turning_speed_ratio": 0.4692435829260134, "sharp_turn_forward_velocity": 1.7909334933739636, "sharp_turn_angular_velocity": 2.3383318664450146}