{"pid_speed_parameters": {"proportional_gain": 1.8876859274060478, "integral_gain": 0.09814181234716589, "derivative_gain": 0.07731372591217835, "max_value": 101.36058832576668, "min_value": 0.3234833299396983}, "pid_steer_parameters": {"proportional_gain": 1.472942414557223, "integral_gain": 0.00014533241803237946, "derivative_gain": 0.001551299023749172, "max_value": 1.9095986493118289, "min_value": -2.098198846533892}, "max_forward_velocity": 1.8464656738998235, "turning_speed_ratio": 0.7856788183490747, "sharp_turn_forward_velocity": 0.9602318255058386, "sharp_turn_angular_velocity": 2.194211714241783}