{"pid_speed_parameters": {"proportional_gain": 2.087270339857114, "integral_gain": 0.09936427496759687, "derivative_gain": 0.08126590983319067, "max_value": 101.70326297552522, "min_value": 0.35222113593245946}, "pid_steer_parameters": {"proportional_gain": 2.365586873179392, "integral_gain": 0.0014886254151717036, "derivative_gain": 0.01446134739868463, "max_value": 1.9547881643643543, "min_value": -2.099982359967187}, "max_forward_velocity": 0.35089446848834616, "turning_speed_ratio": 0.037282148606649704, "sharp_turn_forward_velocity": 1.9996204565563478, "sharp_turn_angular_velocity": 2.209935511641702}