{"pid_speed_parameters": {"proportional_gain": 2.436237991851077, "integral_gain": 0.09983665781274392, "derivative_gain": 0.08851294328018247, "max_value": 101.39692252690507, "min_value": 0.1210637368840515}, "pid_steer_parameters": {"proportional_gain": 2.1053375690486678, "integral_gain": 0.009012195210525821, "derivative_gain": 0.015285292550260222, "max_value": 1.9958297711811561, "min_value": -2.097916603335836}, "max_forward_velocity": 0.7492285998261883, "turning_speed_ratio": 0.33234360166070875, "sharp_turn_forward_velocity": 1.9657435101343357, "sharp_turn_angular_velocity": 2.2812104690966817}