{"pid_speed_parameters": {"proportional_gain": 1.6922845661693904, "integral_gain": 0.09971002324454772, "derivative_gain": 0.09781991737649232, "max_value": 101.78538541900079, "min_value": 0.20574157492521072}, "pid_steer_parameters": {"proportional_gain": 2.0531683896597572, "integral_gain": 0.01991367430194333, "derivative_gain": 0.0050513015025015874, "max_value": 1.9471395622516539, "min_value": -2.0991387327494513}, "max_forward_velocity": 1.2481649184339243, "turning_speed_ratio": 0.04971652351228332, "sharp_turn_forward_velocity": 1.9671061949630237, "sharp_turn_angular_velocity": 2.3161711673101655}