{"pid_speed_parameters": {"proportional_gain": 2.0884019230030804, "integral_gain": 0.09643451267269731, "derivative_gain": 0.07898075099827964, "max_value": 101.37909347034369, "min_value": 0.07006566502850242}, "pid_steer_parameters": {"proportional_gain": 1.7696322932561064, "integral_gain": 0.00508456055517356, "derivative_gain": 0.013745485970202155, "max_value": 1.9622133799379275, "min_value": -2.0926363522414424}, "max_forward_velocity": 0.6822691728414845, "turning_speed_ratio": 0.3577683536047712, "sharp_turn_forward_velocity": 1.9679236997140233, "sharp_turn_angular_velocity": 2.3195767624531545}