{"pid_speed_parameters": {"proportional_gain": 2.2644048342934227, "integral_gain": 0.09560796357563225, "derivative_gain": 0.06673443542251935, "max_value": 101.32339514635348, "min_value": 0.06188027441769847}, "pid_steer_parameters": {"proportional_gain": 2.133320030253812, "integral_gain": 0.0030791916621085527, "derivative_gain": 0.0159790196563667, "max_value": 2.0020649354051856, "min_value": -2.094008978976889}, "max_forward_velocity": 1.1420863751413262, "turning_speed_ratio": 0.15154888790834403, "sharp_turn_forward_velocity": 1.973760681443146, "sharp_turn_angular_velocity": 2.277571801783584}