{"pid_speed_parameters": {"proportional_gain": 1.9536584450711563, "integral_gain": 0.09936560749353715, "derivative_gain": 0.07901268396375513, "max_value": 101.61494145976012, "min_value": 0.2716768004061968}, "pid_steer_parameters": {"proportional_gain": 2.4954218548971996, "integral_gain": 0.0019426657930436376, "derivative_gain": 0.009683202502189587, "max_value": 1.9695973229815305, "min_value": -2.0980757653872013}, "max_forward_velocity": 0.9751894028056549, "turning_speed_ratio": 0.3055657974435089, "sharp_turn_forward_velocity": 1.8239251265926057, "sharp_turn_angular_velocity": 2.488653212340926}