{"pid_speed_parameters": {"proportional_gain": 1.956664088212906, "integral_gain": 0.08691122231132706, "derivative_gain": 0.07762549061850982, "max_value": 101.85544528722497, "min_value": 0.009291455754304508}, "pid_steer_parameters": {"proportional_gain": 2.143019183616097, "integral_gain": 0.014935192853196748, "derivative_gain": 0.0029600704404454375, "max_value": 1.9996452601475745, "min_value": -2.0988987756142223}, "max_forward_velocity": 1.0257313139097213, "turning_speed_ratio": 0.36932580595526165, "sharp_turn_forward_velocity": 1.643345373137494, "sharp_turn_angular_velocity": 2.05083825006106}