{"pid_speed_parameters": {"proportional_gain": 2.102039430140917, "integral_gain": 0.09016015356185493, "derivative_gain": 0.08956205754480062, "max_value": 101.65531472699911, "min_value": 0.07077138355735732}, "pid_steer_parameters": {"proportional_gain": 2.0375972998110434, "integral_gain": 0.019260323665660387, "derivative_gain": 0.01285403483294867, "max_value": 1.9606991854133538, "min_value": -2.097160456515829}, "max_forward_velocity": 1.0203194435407172, "turning_speed_ratio": 0.39314893200272005, "sharp_turn_forward_velocity": 1.79397593127746, "sharp_turn_angular_velocity": 2.1723169224704817}