{"pid_speed_parameters": {"proportional_gain": 1.8492519596322432, "integral_gain": 0.08629168023390618, "derivative_gain": 0.08230733627813241, "max_value": 102.01405708583881, "min_value": 0.19813442150077654}, "pid_steer_parameters": {"proportional_gain": 2.0979403964096752, "integral_gain": 0.03815808407715237, "derivative_gain": 0.003969177058917403, "max_value": 1.9557705571705162, "min_value": -2.055799437599437}, "max_forward_velocity": 1.1369194897924342, "turning_speed_ratio": 0.5620734553695942, "sharp_turn_forward_velocity": 1.9250811769633058, "sharp_turn_angular_velocity": 1.8852610349815682}