{"pid_speed_parameters": {"proportional_gain": 2.393757249071572, "integral_gain": 0.09939766169061978, "derivative_gain": 0.06924225789616062, "max_value": 101.1386372354396, "min_value": 0.019787614945664705}, "pid_steer_parameters": {"proportional_gain": 1.7993429972762915, "integral_gain": 1.046177740479192e-05, "derivative_gain": 0.013183939039863014, "max_value": 2.015850075732013, "min_value": -2.095527979947011}, "max_forward_velocity": 1.1565888936877065, "turning_speed_ratio": 0.5154392934890897, "sharp_turn_forward_velocity": 1.637284558034546, "sharp_turn_angular_velocity": 2.4140214791752057}