{"pid_speed_parameters": {"proportional_gain": 2.43526891197285, "integral_gain": 0.09969850700177976, "derivative_gain": 0.09377471467515926, "max_value": 101.08772689851766, "min_value": 0.10491179582482077}, "pid_steer_parameters": {"proportional_gain": 2.1152975004909313, "integral_gain": 0.005398648837154362, "derivative_gain": 0.002907997300299636, "max_value": 2.046553347069483, "min_value": -2.069133965946191}, "max_forward_velocity": 0.15645817030341735, "turning_speed_ratio": 0.49506190707102216, "sharp_turn_forward_velocity": 1.6274357960652703, "sharp_turn_angular_velocity": 1.968134167320057}