{"pid_speed_parameters": {"proportional_gain": 1.7434816674952027, "integral_gain": 0.09616093181232005, "derivative_gain": 0.07500509827751661, "max_value": 101.70098544626427, "min_value": 0.04357174192297586}, "pid_steer_parameters": {"proportional_gain": 2.0639179035691195, "integral_gain": 0.035265560255626445, "derivative_gain": 0.0015508063388728517, "max_value": 1.9902884215598762, "min_value": -2.0994828742537974}, "max_forward_velocity": 0.9838205536110696, "turning_speed_ratio": 0.22457986417246645, "sharp_turn_forward_velocity": 1.5209927022100171, "sharp_turn_angular_velocity": 1.749505738467116}