{"pid_speed_parameters": {"proportional_gain": 2.127289815843361, "integral_gain": 0.09361007622400645, "derivative_gain": 0.07678351288509781, "max_value": 101.1725880377721, "min_value": 0.010543803005543998}, "pid_steer_parameters": {"proportional_gain": 2.28382817144496, "integral_gain": 0.0028985613847189416, "derivative_gain": 0.014346496525571913, "max_value": 1.9980025193375088, "min_value": -2.097126011334858}, "max_forward_velocity": 1.2203365933983454, "turning_speed_ratio": 0.4077961333492308, "sharp_turn_forward_velocity": 1.6953937422596068, "sharp_turn_angular_velocity": 2.3819532417487648}