{"pid_speed_parameters": {"proportional_gain": 1.3460994949926683, "integral_gain": 0.09984638124351396, "derivative_gain": 0.07200899227575004, "max_value": 99.6375024273191, "min_value": 0.5347085879689205}, "pid_steer_parameters": {"proportional_gain": 2.9529591006548026, "integral_gain": 0.004800506470853358, "derivative_gain": 0.003036602957232808, "max_value": 1.974132572384843, "min_value": -2.046015862035965}, "max_forward_velocity": 1.9514293454868226, "turning_speed_ratio": 0.37159553410197965, "sharp_turn_forward_velocity": 1.0708064546552938, "sharp_turn_angular_velocity": 2.917759193259654}