{"pid_speed_parameters": {"proportional_gain": 2.043824259968239, "integral_gain": 0.09782605893139928, "derivative_gain": 0.08359419972889758, "max_value": 101.55988217539772, "min_value": 0.11465366315545378}, "pid_steer_parameters": {"proportional_gain": 2.296343302995773, "integral_gain": 0.0032736464203698755, "derivative_gain": 0.0138127328941825, "max_value": 1.9842294261873046, "min_value": -2.099799325981254}, "max_forward_velocity": 0.8685024330875608, "turning_speed_ratio": 0.16053978022927562, "sharp_turn_forward_velocity": 1.9989646967165602, "sharp_turn_angular_velocity": 2.253973129893541}