{"pid_speed_parameters": {"proportional_gain": 2.1096559386256146, "integral_gain": 0.09999800897585191, "derivative_gain": 0.07810654996155554, "max_value": 101.28823157518089, "min_value": 0.00032203618937662136}, "pid_steer_parameters": {"proportional_gain": 2.313681138285853, "integral_gain": 0.004867259455359257, "derivative_gain": 0.009089021656890952, "max_value": 1.9525378362132775, "min_value": -2.0976858419568005}, "max_forward_velocity": 1.2013510287849674, "turning_speed_ratio": 0.008190491545029608, "sharp_turn_forward_velocity": 1.9045344846770667, "sharp_turn_angular_velocity": 2.284081995292058}