{"pid_speed_parameters": {"proportional_gain": 2.029748291378519, "integral_gain": 0.09942144170805735, "derivative_gain": 0.0824021336030519, "max_value": 101.61759886263513, "min_value": 0.007675077830026913}, "pid_steer_parameters": {"proportional_gain": 2.443642425005182, "integral_gain": 0.020850938737530297, "derivative_gain": 0.003483430956499246, "max_value": 2.012215874852495, "min_value": -2.0987741126503776}, "max_forward_velocity": 0.7409499601132805, "turning_speed_ratio": 0.3352762408089973, "sharp_turn_forward_velocity": 1.6400455639244893, "sharp_turn_angular_velocity": 2.040735859570367}