{"pid_speed_parameters": {"proportional_gain": 1.0326859420194516, "integral_gain": 0.06503206949757254, "derivative_gain": 0.04338195511904069, "max_value": 99.37958500575951, "min_value": 0.1823553232870606}, "pid_steer_parameters": {"proportional_gain": 2.374961757022664, "integral_gain": 0.021663529639553702, "derivative_gain": 0.009634429920777182, "max_value": 1.9492737095884922, "min_value": -2.0674087259661573}, "max_forward_velocity": 1.296724576344442, "turning_speed_ratio": 0.25324585059125254, "sharp_turn_forward_velocity": 1.2840693003098962, "sharp_turn_angular_velocity": 1.99116170922871}