{"pid_speed_parameters": {"proportional_gain": 1.8031296752479802, "integral_gain": 0.09621766686035275, "derivative_gain": 0.07952659969065207, "max_value": 101.31473562544583, "min_value": 0.06902650643551225}, "pid_steer_parameters": {"proportional_gain": 2.7063383148571445, "integral_gain": 0.01107923178073801, "derivative_gain": 0.0019541349562122445, "max_value": 1.9188635939780663, "min_value": -2.08312805495111}, "max_forward_velocity": 1.4515066716176144, "turning_speed_ratio": 0.017962488066106338, "sharp_turn_forward_velocity": 1.3837765594650326, "sharp_turn_angular_velocity": 2.000635800621349}