{"pid_speed_parameters": {"proportional_gain": 1.81276783993727, "integral_gain": 0.09971755467431724, "derivative_gain": 0.07523684707851519, "max_value": 102.27566528723412, "min_value": 0.28893316939005553}, "pid_steer_parameters": {"proportional_gain": 2.36409694417627, "integral_gain": 0.02253832129464838, "derivative_gain": 0.0019497643521768039, "max_value": 1.9626572969879856, "min_value": -2.0815095286991654}, "max_forward_velocity": 1.6022811029915232, "turning_speed_ratio": 0.05892573034610661, "sharp_turn_forward_velocity": 1.5608944540926222, "sharp_turn_angular_velocity": 2.5433778422858646}