{"pid_speed_parameters": {"proportional_gain": 2.1151546457269115, "integral_gain": 0.06579634526885288, "derivative_gain": 0.07742295333947019, "max_value": 101.41753939950627, "min_value": 0.17336875748977304}, "pid_steer_parameters": {"proportional_gain": 2.027386280357479, "integral_gain": 0.0356430080320257, "derivative_gain": 0.014060699823681846, "max_value": 1.9475624726757543, "min_value": -2.0824592513497198}, "max_forward_velocity": 1.2091095951139457, "turning_speed_ratio": 0.46702620190691546, "sharp_turn_forward_velocity": 1.9478590599555659, "sharp_turn_angular_velocity": 1.7714243841148865}