{"pid_speed_parameters": {"proportional_gain": 2.200238945606265, "integral_gain": 0.09811399011064892, "derivative_gain": 0.08045862482824229, "max_value": 101.45674913797001, "min_value": 0.007895851469245856}, "pid_steer_parameters": {"proportional_gain": 2.4114462818027596, "integral_gain": 0.0009050980943899605, "derivative_gain": 0.014195362411206296, "max_value": 1.996801693491497, "min_value": -2.095478915985824}, "max_forward_velocity": 0.8420684996715324, "turning_speed_ratio": 0.5118467955192876, "sharp_turn_forward_velocity": 1.9982465628624138, "sharp_turn_angular_velocity": 2.4400778606181746}