{"pid_speed_parameters": {"proportional_gain": 2.376800232166488, "integral_gain": 0.09597760939151244, "derivative_gain": 0.08648130044437707, "max_value": 101.55971636991046, "min_value": 0.09053950418111456}, "pid_steer_parameters": {"proportional_gain": 2.0912721168852184, "integral_gain": 0.0034430961543070997, "derivative_gain": 0.005885317419997714, "max_value": 2.0307310896837816, "min_value": -2.0971694553405653}, "max_forward_velocity": 1.0233743642646478, "turning_speed_ratio": 0.6074093795852499, "sharp_turn_forward_velocity": 1.979770801598834, "sharp_turn_angular_velocity": 2.551570150954364}