{"pid_speed_parameters": {"proportional_gain": 2.030920961445803, "integral_gain": 0.09461367617127736, "derivative_gain": 0.08267730112599347, "max_value": 101.61000648684312, "min_value": 0.01820313627853928}, "pid_steer_parameters": {"proportional_gain": 2.3116797354445455, "integral_gain": 0.0019577766548010793, "derivative_gain": 0.01141536837139478, "max_value": 1.98609004375553, "min_value": -2.0954329480589973}, "max_forward_velocity": 1.2262213737276675, "turning_speed_ratio": 0.27613179319659825, "sharp_turn_forward_velocity": 1.9071485595601279, "sharp_turn_angular_velocity": 2.2015560236102933}