{"pid_speed_parameters": {"proportional_gain": 1.6776132809513136, "integral_gain": 0.09662233464621006, "derivative_gain": 0.06888519735663826, "max_value": 101.62333543181217, "min_value": 0.011760429650585885}, "pid_steer_parameters": {"proportional_gain": 2.241846134684156, "integral_gain": 0.002009952306697525, "derivative_gain": 0.006126677064655058, "max_value": 1.9534068733605208, "min_value": -2.097840013783705}, "max_forward_velocity": 1.3007533083683096, "turning_speed_ratio": 0.44248136508512503, "sharp_turn_forward_velocity": 1.928501453220108, "sharp_turn_angular_velocity": 2.521462580272876}