{"pid_speed_parameters": {"proportional_gain": 1.6003120409481941, "integral_gain": 0.0969700763916121, "derivative_gain": 0.07306350840076775, "max_value": 101.55733923687065, "min_value": 0.01067325178710693}, "pid_steer_parameters": {"proportional_gain": 2.234671521742618, "integral_gain": 0.008721484660739525, "derivative_gain": 0.006956193697720306, "max_value": 1.995883834489615, "min_value": -2.098024004285419}, "max_forward_velocity": 0.8693998589369683, "turning_speed_ratio": 0.2961305823861782, "sharp_turn_forward_velocity": 1.970591693212006, "sharp_turn_angular_velocity": 2.5496437411218733}