{"pid_speed_parameters": {"proportional_gain": 1.5438624846824793, "integral_gain": 0.07847277770388744, "derivative_gain": 0.03332727295866013, "max_value": 101.22974469015595, "min_value": 0.11128855053189975}, "pid_steer_parameters": {"proportional_gain": 2.4537162074601655, "integral_gain": 0.022476932486560533, "derivative_gain": 0.018383945253575378, "max_value": 1.9241519842038142, "min_value": -2.07955758577514}, "max_forward_velocity": 0.4053312854860076, "turning_speed_ratio": 0.4990811592968898, "sharp_turn_forward_velocity": 1.676598127071123, "sharp_turn_angular_velocity": 1.9107296741352076}