{"pid_speed_parameters": {"proportional_gain": 2.455506703078746, "integral_gain": 0.09867944393441605, "derivative_gain": 0.08147715881439006, "max_value": 101.10520377185426, "min_value": 0.08748830869016146}, "pid_steer_parameters": {"proportional_gain": 2.1193942234596572, "integral_gain": 0.004637646393448514, "derivative_gain": 0.002519753573892755, "max_value": 1.9577627737979557, "min_value": -2.0999527598032595}, "max_forward_velocity": 1.7019204931090839, "turning_speed_ratio": 0.40856222821236454, "sharp_turn_forward_velocity": 1.5314956677770168, "sharp_turn_angular_velocity": 2.3657213487533766}