{"pid_speed_parameters": {"proportional_gain": 1.697077065332704, "integral_gain": 0.08540259524081849, "derivative_gain": 0.07396722735940518, "max_value": 101.69463990912433, "min_value": 0.08716087133245948}, "pid_steer_parameters": {"proportional_gain": 2.1615873284876943, "integral_gain": 0.01829754769275149, "derivative_gain": 0.0005674617600889113, "max_value": 2.00472917256747, "min_value": -2.0996810543386473}, "max_forward_velocity": 0.9886072744206404, "turning_speed_ratio": 0.37308521721336907, "sharp_turn_forward_velocity": 1.6346453665162017, "sharp_turn_angular_velocity": 2.057865613749271}