{"pid_speed_parameters": {"proportional_gain": 2.032335992529438, "integral_gain": 0.0998121916675608, "derivative_gain": 0.08685852209577288, "max_value": 101.07925081092051, "min_value": 0.08166459757784744}, "pid_steer_parameters": {"proportional_gain": 2.0036360693017152, "integral_gain": 1.146754702443763e-05, "derivative_gain": 0.002020256323018207, "max_value": 1.9497252372030627, "min_value": -2.099856801381687}, "max_forward_velocity": 1.1389890618754206, "turning_speed_ratio": 0.14309393958778194, "sharp_turn_forward_velocity": 1.9182570384059372, "sharp_turn_angular_velocity": 2.297833598775922}