{"pid_speed_parameters": {"proportional_gain": 1.7947161903589337, "integral_gain": 0.07530137376971688, "derivative_gain": 0.07624658620201083, "max_value": 101.74113986973698, "min_value": 0.1073604222539595}, "pid_steer_parameters": {"proportional_gain": 1.8680856175301093, "integral_gain": 0.020989870615917543, "derivative_gain": 1.6542763122848136e-06, "max_value": 2.014024426671225, "min_value": -2.0955004892403495}, "max_forward_velocity": 0.9868233669315196, "turning_speed_ratio": 0.5547015039661499, "sharp_turn_forward_velocity": 1.468155478521198, "sharp_turn_angular_velocity": 1.9497734411554861}