{"pid_speed_parameters": {"proportional_gain": 2.057789707905937, "integral_gain": 0.07626923956799589, "derivative_gain": 0.0783998270481409, "max_value": 101.49647528812243, "min_value": 0.06864684989089403}, "pid_steer_parameters": {"proportional_gain": 2.152707829380924, "integral_gain": 0.03988525343625725, "derivative_gain": 0.013443648081000117, "max_value": 1.9419378149431732, "min_value": -2.098759109203796}, "max_forward_velocity": 1.019323959131253, "turning_speed_ratio": 0.5179545223073656, "sharp_turn_forward_velocity": 1.732649350941688, "sharp_turn_angular_velocity": 1.7393339657298295}