{"pid_speed_parameters": {"proportional_gain": 1.4994890104699494, "integral_gain": 0.051468173727083774, "derivative_gain": 0.024757764986352564, "max_value": 99.60117972478287, "min_value": 0.936720422380701}, "pid_steer_parameters": {"proportional_gain": 2.032368228879127, "integral_gain": 0.0031473771629655736, "derivative_gain": 0.00325555988846365, "max_value": 2.0543184170535893, "min_value": -2.0881456970083443}, "max_forward_velocity": 1.4461517989668724, "turning_speed_ratio": 0.7045803368118003, "sharp_turn_forward_velocity": 1.1480038344108876, "sharp_turn_angular_velocity": 2.3705955845315736}