{"pid_speed_parameters": {"proportional_gain": 1.1749643404342327, "integral_gain": 0.09780018093745457, "derivative_gain": 0.0820945927731866, "max_value": 101.68795201783318, "min_value": 0.11024008239314986}, "pid_steer_parameters": {"proportional_gain": 2.5366599580024047, "integral_gain": 0.01650033051731523, "derivative_gain": 0.0017886969045639643, "max_value": 1.9669427149447514, "min_value": -2.0985567342567952}, "max_forward_velocity": 0.6082485594052431, "turning_speed_ratio": 0.1327391239852683, "sharp_turn_forward_velocity": 1.833031609956497, "sharp_turn_angular_velocity": 1.8892751779675843}