{"pid_speed_parameters": {"proportional_gain": 1.9562425336058693, "integral_gain": 0.05957161381097897, "derivative_gain": 0.07385437568160903, "max_value": 101.83712021754502, "min_value": 0.0825602919944445}, "pid_steer_parameters": {"proportional_gain": 1.9792939836227676, "integral_gain": 0.029805612534656998, "derivative_gain": 0.0060339375520851715, "max_value": 1.9714688423908528, "min_value": -2.067197766911567}, "max_forward_velocity": 1.2024609382182854, "turning_speed_ratio": 0.4354123188860187, "sharp_turn_forward_velocity": 1.9039727582351358, "sharp_turn_angular_velocity": 1.9628895569468983}