{"pid_speed_parameters": {"proportional_gain": 2.264536948328371, "integral_gain": 0.09537078800171062, "derivative_gain": 0.08713400738599805, "max_value": 101.46998491727462, "min_value": 0.018937543444171156}, "pid_steer_parameters": {"proportional_gain": 2.447044962684994, "integral_gain": 0.002562706410374244, "derivative_gain": 0.021607834982110847, "max_value": 1.9895157805745958, "min_value": -2.0865821851254425}, "max_forward_velocity": 1.0307908403866195, "turning_speed_ratio": 0.012574654899074836, "sharp_turn_forward_velocity": 1.9998868300584745, "sharp_turn_angular_velocity": 2.2226504371289755}