{"pid_speed_parameters": {"proportional_gain": 1.7719087652310155, "integral_gain": 0.09109219087455289, "derivative_gain": 0.07081609695921962, "max_value": 101.51797378710985, "min_value": 0.08752937538568306}, "pid_steer_parameters": {"proportional_gain": 2.1893312572426593, "integral_gain": 0.01884648411508228, "derivative_gain": 0.0026406285295848477, "max_value": 1.984505053402418, "min_value": -2.09843738442901}, "max_forward_velocity": 1.1960280851426919, "turning_speed_ratio": 0.3488468325771074, "sharp_turn_forward_velocity": 1.6647931482153566, "sharp_turn_angular_velocity": 2.218014553860436}