{"pid_speed_parameters": {"proportional_gain": 1.6493269225477338, "integral_gain": 0.06349168850998618, "derivative_gain": 0.06965528396928253, "max_value": 100.22967471849427, "min_value": 0.5545899955346326}, "pid_steer_parameters": {"proportional_gain": 2.411461085228853, "integral_gain": 0.0014795646452874776, "derivative_gain": 0.02004666943668545, "max_value": 2.0409774430927397, "min_value": -2.0187932524836385}, "max_forward_velocity": 1.803362707881013, "turning_speed_ratio": 0.351065464816866, "sharp_turn_forward_velocity": 1.6511789521930793, "sharp_turn_angular_velocity": 2.9971098588801706}