{"pid_speed_parameters": {"proportional_gain": 1.4677866478190396, "integral_gain": 0.06177466140590609, "derivative_gain": 0.051153315096184614, "max_value": 99.98774932966613, "min_value": 0.9763459823145904}, "pid_steer_parameters": {"proportional_gain": 2.9935904851978803, "integral_gain": 0.00035663173729003913, "derivative_gain": 0.028092303698702904, "max_value": 1.9498452816896985, "min_value": -2.005564550994508}, "max_forward_velocity": 1.9965018786897366, "turning_speed_ratio": 0.9163235096623932, "sharp_turn_forward_velocity": 0.6883112110445505, "sharp_turn_angular_velocity": 1.6310712562055336}