{"pid_speed_parameters": {"proportional_gain": 1.7349768505522511, "integral_gain": 0.09683910088055965, "derivative_gain": 0.07637804250398617, "max_value": 101.67838264514278, "min_value": 0.016897820424273343}, "pid_steer_parameters": {"proportional_gain": 2.1757904903187253, "integral_gain": 0.02357244823113843, "derivative_gain": 0.00765668973015594, "max_value": 1.9804591828580902, "min_value": -2.0997840580539453}, "max_forward_velocity": 0.968982975835444, "turning_speed_ratio": 0.2702973956748854, "sharp_turn_forward_velocity": 1.5885904411267027, "sharp_turn_angular_velocity": 2.186760417605662}