{"pid_speed_parameters": {"proportional_gain": 1.751923255946424, "integral_gain": 0.07707656272964512, "derivative_gain": 0.07177045347926633, "max_value": 101.75830227191663, "min_value": 0.021054945131130768}, "pid_steer_parameters": {"proportional_gain": 1.955174139696883, "integral_gain": 0.025934128354367335, "derivative_gain": 0.0006788586385483979, "max_value": 2.0035603802055144, "min_value": -2.093892639141806}, "max_forward_velocity": 1.38416276352982, "turning_speed_ratio": 0.4672134695281476, "sharp_turn_forward_velocity": 1.7416106104486726, "sharp_turn_angular_velocity": 2.086467757020099}