{"pid_speed_parameters": {"proportional_gain": 2.1118252697565394, "integral_gain": 0.08228247456586066, "derivative_gain": 0.0744123539338149, "max_value": 102.04611927804255, "min_value": 0.0213867690561949}, "pid_steer_parameters": {"proportional_gain": 2.0857744610272033, "integral_gain": 0.02203722092984484, "derivative_gain": 0.007221519834150239, "max_value": 1.9519829878398738, "min_value": -2.0867014986180505}, "max_forward_velocity": 0.8975737811090405, "turning_speed_ratio": 0.4618644826078169, "sharp_turn_forward_velocity": 1.822723826990409, "sharp_turn_angular_velocity": 1.7609391803693326}