{"pid_speed_parameters": {"proportional_gain": 1.5904104521993332, "integral_gain": 0.07786440545179062, "derivative_gain": 0.03193758188327813, "max_value": 101.4094755514394, "min_value": 0.22625391479686574}, "pid_steer_parameters": {"proportional_gain": 2.880059952247052, "integral_gain": 0.013595171414182598, "derivative_gain": 0.03333271898427416, "max_value": 2.0594379224501274, "min_value": -1.9367791325593775}, "max_forward_velocity": 0.26351930791263367, "turning_speed_ratio": 0.20046092210360672, "sharp_turn_forward_velocity": 1.76078275263296, "sharp_turn_angular_velocity": 1.9090796326184758}