{"pid_speed_parameters": {"proportional_gain": 2.302832155162232, "integral_gain": 0.09751789459320032, "derivative_gain": 0.08505017610981226, "max_value": 101.1698327511064, "min_value": 0.02196632191408147}, "pid_steer_parameters": {"proportional_gain": 2.0371785751820495, "integral_gain": 4.686154054163394e-05, "derivative_gain": 0.013965921209699715, "max_value": 1.9779306825639773, "min_value": -2.0960618226744026}, "max_forward_velocity": 1.0948003977503071, "turning_speed_ratio": 0.30753933553754964, "sharp_turn_forward_velocity": 1.6947165943999747, "sharp_turn_angular_velocity": 2.2622946606307552}