{"pid_speed_parameters": {"proportional_gain": 1.974350617538218, "integral_gain": 0.09460849101161421, "derivative_gain": 0.04300958632769535, "max_value": 100.71955950503235, "min_value": 0.49048145627888873}, "pid_steer_parameters": {"proportional_gain": 2.769777333802103, "integral_gain": 0.0032703142215591017, "derivative_gain": 0.0038732631921211177, "max_value": 1.9855596486500793, "min_value": -2.0883679328499203}, "max_forward_velocity": 0.9974945145396039, "turning_speed_ratio": 0.5521158095603619, "sharp_turn_forward_velocity": 1.975170905751289, "sharp_turn_angular_velocity": 1.9331182049145015}