{"pid_speed_parameters": {"proportional_gain": 1.6765336588445747, "integral_gain": 0.09976306839041958, "derivative_gain": 0.08564575049578291, "max_value": 101.32784494860111, "min_value": 0.16506751667998776}, "pid_steer_parameters": {"proportional_gain": 2.3892372754162747, "integral_gain": 0.009300792310659632, "derivative_gain": 0.014316118532803554, "max_value": 1.9523519539299417, "min_value": -2.095258291224314}, "max_forward_velocity": 1.1670880413817264, "turning_speed_ratio": 0.17555090864401068, "sharp_turn_forward_velocity": 1.99359373157794, "sharp_turn_angular_velocity": 2.340840446398702}