{"pid_speed_parameters": {"proportional_gain": 2.3515827831352984, "integral_gain": 0.09717449402216334, "derivative_gain": 0.061506693934381, "max_value": 102.17912013737926, "min_value": 0.17542028887178396}, "pid_steer_parameters": {"proportional_gain": 2.7442070471625306, "integral_gain": 0.0017488112993760778, "derivative_gain": 0.0028681271499788295, "max_value": 2.024649864728999, "min_value": -2.09530724945854}, "max_forward_velocity": 1.4541352740047537, "turning_speed_ratio": 0.059578262614591246, "sharp_turn_forward_velocity": 1.7011058026718482, "sharp_turn_angular_velocity": 2.4683481654897887}