{"pid_speed_parameters": {"proportional_gain": 2.109912300224577, "integral_gain": 0.09125892125335369, "derivative_gain": 0.06106404201673176, "max_value": 101.1176286322366, "min_value": 0.012106021575198854}, "pid_steer_parameters": {"proportional_gain": 2.195859391669042, "integral_gain": 5.293113833829665e-05, "derivative_gain": 0.011756795081336239, "max_value": 1.9828532771764384, "min_value": -2.098604045491043}, "max_forward_velocity": 0.9209296126996116, "turning_speed_ratio": 0.3179212596962435, "sharp_turn_forward_velocity": 1.940740758721784, "sharp_turn_angular_velocity": 2.2979176071710894}