{"pid_speed_parameters": {"proportional_gain": 1.567813563591234, "integral_gain": 0.08773405406996038, "derivative_gain": 0.07217426111523179, "max_value": 100.87026372097624, "min_value": 0.02105655683108166}, "pid_steer_parameters": {"proportional_gain": 2.928426176186394, "integral_gain": 0.00017695110826068666, "derivative_gain": 0.002208011908309038, "max_value": 1.9862019580814254, "min_value": -1.9397651116543737}, "max_forward_velocity": 1.4490569448045922, "turning_speed_ratio": 0.2821247515556879, "sharp_turn_forward_velocity": 1.4618690438445368, "sharp_turn_angular_velocity": 2.5447324344600193}