{"pid_speed_parameters": {"proportional_gain": 1.005173369922286, "integral_gain": 0.08584198725514765, "derivative_gain": 0.09985288053673773, "max_value": 101.49979316607947, "min_value": 0.3816263340558577}, "pid_steer_parameters": {"proportional_gain": 1.1121687524000496, "integral_gain": 0.0010917563396175625, "derivative_gain": 7.117278641911162e-05, "max_value": 1.952394787018378, "min_value": -2.063507059358292}, "max_forward_velocity": 1.783727104069108, "turning_speed_ratio": 0.23366219729966808, "sharp_turn_forward_velocity": 1.9997050167516195, "sharp_turn_angular_velocity": 2.537262622336867}