{"pid_speed_parameters": {"proportional_gain": 2.119529658693005, "integral_gain": 0.07900659488356578, "derivative_gain": 0.072599042965095, "max_value": 101.57965537881022, "min_value": 0.18220668349777702}, "pid_steer_parameters": {"proportional_gain": 1.9504607321933154, "integral_gain": 0.022669066382901185, "derivative_gain": 0.010083192256317597, "max_value": 1.9623324549108654, "min_value": -2.0722137632247617}, "max_forward_velocity": 1.1617363177130045, "turning_speed_ratio": 0.5448401774762224, "sharp_turn_forward_velocity": 1.936898039904169, "sharp_turn_angular_velocity": 1.7979802366221453}