{"pid_speed_parameters": {"proportional_gain": 2.274245063002649, "integral_gain": 0.0955705746522375, "derivative_gain": 0.0801666094275969, "max_value": 101.39839390234161, "min_value": 0.08571874175748848}, "pid_steer_parameters": {"proportional_gain": 1.837539777787234, "integral_gain": 0.003097259384284532, "derivative_gain": 0.009097382847849831, "max_value": 2.0367492400608977, "min_value": -2.095397545660194}, "max_forward_velocity": 1.007918754026456, "turning_speed_ratio": 0.5862389535182521, "sharp_turn_forward_velocity": 1.690978734344575, "sharp_turn_angular_velocity": 2.379521259294212}