{"pid_speed_parameters": {"proportional_gain": 1.9654019826137388, "integral_gain": 0.07204311151653195, "derivative_gain": 0.07433738898180049, "max_value": 101.42573085572211, "min_value": 0.05909000977645726}, "pid_steer_parameters": {"proportional_gain": 2.0208410435350297, "integral_gain": 0.041662998015959046, "derivative_gain": 0.00832830934805745, "max_value": 1.9450647373617516, "min_value": -2.0943288880456534}, "max_forward_velocity": 1.1880863264924708, "turning_speed_ratio": 0.6850504173121382, "sharp_turn_forward_velocity": 1.6078872576104593, "sharp_turn_angular_velocity": 1.570387953166519}