{"pid_speed_parameters": {"proportional_gain": 2.6024119187918267, "integral_gain": 0.09579798316461685, "derivative_gain": 0.07889107097713118, "max_value": 101.31518926074934, "min_value": 0.04163405860363666}, "pid_steer_parameters": {"proportional_gain": 2.049607512799248, "integral_gain": 0.0004995618322660624, "derivative_gain": 0.008524265479550232, "max_value": 2.0388479343338233, "min_value": -2.096515675377166}, "max_forward_velocity": 0.888962267100486, "turning_speed_ratio": 0.5643648499451251, "sharp_turn_forward_velocity": 1.7407055527129105, "sharp_turn_angular_velocity": 2.567695843500394}