{"pid_speed_parameters": {"proportional_gain": 1.497625396067923, "integral_gain": 0.08728872943627922, "derivative_gain": 0.09389781830986084, "max_value": 101.14883288337094, "min_value": 0.0037294750505973383}, "pid_steer_parameters": {"proportional_gain": 2.6462620492781843, "integral_gain": 0.02075481124035562, "derivative_gain": 0.004252120961341049, "max_value": 1.9254454483622525, "min_value": -1.9649998024274484}, "max_forward_velocity": 1.2414022907624027, "turning_speed_ratio": 0.2448961978924909, "sharp_turn_forward_velocity": 1.6548840924268726, "sharp_turn_angular_velocity": 2.51406065531888}