{"pid_speed_parameters": {"proportional_gain": 2.0946769174252466, "integral_gain": 0.047779601491528795, "derivative_gain": 0.09335108088124626, "max_value": 99.63927754913385, "min_value": 0.9947392372538886}, "pid_steer_parameters": {"proportional_gain": 1.5336451814302063, "integral_gain": 0.0033183389214812183, "derivative_gain": 0.0012912069616698022, "max_value": 2.0587068308733447, "min_value": -2.0267434654910357}, "max_forward_velocity": 1.9995439309831753, "turning_speed_ratio": 0.06544823189420435, "sharp_turn_forward_velocity": 0.46719035927637054, "sharp_turn_angular_velocity": 2.9292290460390475}