{"pid_speed_parameters": {"proportional_gain": 1.6999181570192239, "integral_gain": 0.08868254907980191, "derivative_gain": 0.07371132119159217, "max_value": 101.61148458838305, "min_value": 0.015822414305458835}, "pid_steer_parameters": {"proportional_gain": 2.170469498058716, "integral_gain": 0.012504702890838994, "derivative_gain": 0.003559811476380125, "max_value": 2.0055312456810372, "min_value": -2.099680961468278}, "max_forward_velocity": 1.015100380324533, "turning_speed_ratio": 0.43954458587666945, "sharp_turn_forward_velocity": 1.7118509629852883, "sharp_turn_angular_velocity": 2.2148076950431967}