{"pid_speed_parameters": {"proportional_gain": 1.6885334369476686, "integral_gain": 0.08876172476786429, "derivative_gain": 0.07567162094444313, "max_value": 101.94138429900846, "min_value": 0.12091907110225394}, "pid_steer_parameters": {"proportional_gain": 2.132775445296388, "integral_gain": 0.019515631147326774, "derivative_gain": 0.0021116188088125183, "max_value": 1.9824019763310314, "min_value": -2.097862311579791}, "max_forward_velocity": 0.988837205023898, "turning_speed_ratio": 0.4276449249040153, "sharp_turn_forward_velocity": 1.6178468127405718, "sharp_turn_angular_velocity": 2.018326964016449}