{"pid_speed_parameters": {"proportional_gain": 1.7549221786186093, "integral_gain": 0.06691822461356411, "derivative_gain": 0.07331625119330684, "max_value": 101.66899838867143, "min_value": 0.0013802035874541446}, "pid_steer_parameters": {"proportional_gain": 2.0661125544720362, "integral_gain": 0.03743708135017772, "derivative_gain": 0.004226928721264944, "max_value": 1.9355257460503486, "min_value": -2.0930196173692384}, "max_forward_velocity": 1.2747497643158188, "turning_speed_ratio": 0.45385287741685976, "sharp_turn_forward_velocity": 1.6380253130351032, "sharp_turn_angular_velocity": 1.9962912312892143}