{"pid_speed_parameters": {"proportional_gain": 1.9443852645764739, "integral_gain": 0.0972640043159798, "derivative_gain": 0.08192588505027129, "max_value": 101.55558078613718, "min_value": 0.016885676937126972}, "pid_steer_parameters": {"proportional_gain": 2.6526103204997047, "integral_gain": 0.003139311719190035, "derivative_gain": 0.00857135700534691, "max_value": 1.9296778163682629, "min_value": -2.099759567932535}, "max_forward_velocity": 0.9070559115305903, "turning_speed_ratio": 0.3425859675427837, "sharp_turn_forward_velocity": 1.9911392068948945, "sharp_turn_angular_velocity": 2.8443266940118224}