{"pid_speed_parameters": {"proportional_gain": 2.080295798512264, "integral_gain": 0.08950056317328603, "derivative_gain": 0.07106733095442001, "max_value": 101.44831736562045, "min_value": 0.11754457580018668}, "pid_steer_parameters": {"proportional_gain": 2.376942436668306, "integral_gain": 0.00039065576540790677, "derivative_gain": 0.00894077583425697, "max_value": 2.016092332130768, "min_value": -2.0993701076176996}, "max_forward_velocity": 0.8539945342800994, "turning_speed_ratio": 0.4320711073241472, "sharp_turn_forward_velocity": 1.984429789877555, "sharp_turn_angular_velocity": 2.25703041017278}