{"pid_speed_parameters": {"proportional_gain": 1.5838382680237306, "integral_gain": 0.09087238880937537, "derivative_gain": 0.06229232568676028, "max_value": 100.62311643269169, "min_value": 0.31215089401500207}, "pid_steer_parameters": {"proportional_gain": 2.7987843757120188, "integral_gain": 0.017277060063635004, "derivative_gain": 0.0011766688884383724, "max_value": 1.9668916124590685, "min_value": -2.055736767962368}, "max_forward_velocity": 1.4470495435555992, "turning_speed_ratio": 0.09910789278950005, "sharp_turn_forward_velocity": 1.3279513068496902, "sharp_turn_angular_velocity": 2.8738855172117037}