{"pid_speed_parameters": {"proportional_gain": 1.254702587796768, "integral_gain": 0.07653140155605413, "derivative_gain": 0.03336414261974017, "max_value": 99.98643849624102, "min_value": 0.4457513962189073}, "pid_steer_parameters": {"proportional_gain": 2.9918990003042247, "integral_gain": 0.010661522644094909, "derivative_gain": 0.012452650390291036, "max_value": 1.943354340985078, "min_value": -1.9477574371145052}, "max_forward_velocity": 1.8880021478563882, "turning_speed_ratio": 0.27779663880073713, "sharp_turn_forward_velocity": 0.9126172040617488, "sharp_turn_angular_velocity": 2.7423456801191843}