{"pid_speed_parameters": {"proportional_gain": 2.244214458027229, "integral_gain": 0.08480669071036596, "derivative_gain": 0.0764298309915928, "max_value": 101.43265759195826, "min_value": 0.019927125029624206}, "pid_steer_parameters": {"proportional_gain": 2.222917361300787, "integral_gain": 0.04322248837503659, "derivative_gain": 0.022279204761354452, "max_value": 1.9518160211480355, "min_value": -2.084210771205372}, "max_forward_velocity": 1.278131543116544, "turning_speed_ratio": 0.4148736282405229, "sharp_turn_forward_velocity": 1.710499333963057, "sharp_turn_angular_velocity": 1.5913751366778734}