{"pid_speed_parameters": {"proportional_gain": 1.5913221109114521, "integral_gain": 0.08688936338825506, "derivative_gain": 0.08391206435094066, "max_value": 101.88732792431347, "min_value": 0.026818962600638072}, "pid_steer_parameters": {"proportional_gain": 2.7493609816438926, "integral_gain": 0.012808118554909514, "derivative_gain": 0.017791777659755283, "max_value": 1.9458916034579923, "min_value": -2.089544187917034}, "max_forward_velocity": 0.8132290198716814, "turning_speed_ratio": 0.3098406346954798, "sharp_turn_forward_velocity": 1.313595566199272, "sharp_turn_angular_velocity": 2.1117479094286997}