{"pid_speed_parameters": {"proportional_gain": 2.1718625809976277, "integral_gain": 0.09515381764730935, "derivative_gain": 0.08598394099418472, "max_value": 101.40642775052348, "min_value": 0.005978184323050546}, "pid_steer_parameters": {"proportional_gain": 2.2486039620388913, "integral_gain": 0.006687852820486543, "derivative_gain": 0.0011049339310181057, "max_value": 1.9870103870335272, "min_value": -2.098256105080609}, "max_forward_velocity": 0.9768757474872016, "turning_speed_ratio": 0.5499141341379516, "sharp_turn_forward_velocity": 1.9846104406035239, "sharp_turn_angular_velocity": 2.331814594726402}