{"pid_speed_parameters": {"proportional_gain": 2.0739317226513894, "integral_gain": 0.09788539054116943, "derivative_gain": 0.08824447363251325, "max_value": 101.38464571117612, "min_value": 0.07441338338531356}, "pid_steer_parameters": {"proportional_gain": 2.326635233093981, "integral_gain": 0.006307277910592371, "derivative_gain": 0.011889961141218425, "max_value": 1.967002422372458, "min_value": -2.09999996189857}, "max_forward_velocity": 0.2633102218237324, "turning_speed_ratio": 0.0029234417843637074, "sharp_turn_forward_velocity": 1.8804528027342586, "sharp_turn_angular_velocity": 2.4057780035187397}