{"pid_speed_parameters": {"proportional_gain": 1.7941413391257333, "integral_gain": 0.09234939347005429, "derivative_gain": 0.0671864530756148, "max_value": 101.41020617111953, "min_value": 0.05215774535732137}, "pid_steer_parameters": {"proportional_gain": 1.9444559359987892, "integral_gain": 0.00522510957481778, "derivative_gain": 0.0009037169428364309, "max_value": 1.9668523698864289, "min_value": -2.0999680106228666}, "max_forward_velocity": 1.2329971218552072, "turning_speed_ratio": 0.3478911101670656, "sharp_turn_forward_velocity": 1.9752524326871443, "sharp_turn_angular_velocity": 2.331451666691523}