{"pid_speed_parameters": {"proportional_gain": 2.203524352408424, "integral_gain": 0.09831293337285174, "derivative_gain": 0.0775743196346043, "max_value": 101.5441759830312, "min_value": 0.08229441488544767}, "pid_steer_parameters": {"proportional_gain": 2.208778445504644, "integral_gain": 0.012373516073442491, "derivative_gain": 0.007246820041064641, "max_value": 2.0175257876559076, "min_value": -2.0934268500336244}, "max_forward_velocity": 0.8097875821700415, "turning_speed_ratio": 0.5822727918784841, "sharp_turn_forward_velocity": 1.9593236556873352, "sharp_turn_angular_velocity": 2.462149797704173}