{"pid_speed_parameters": {"proportional_gain": 1.8745322408426777, "integral_gain": 0.09029035664437794, "derivative_gain": 0.07684095815179397, "max_value": 101.60469228449988, "min_value": 0.005628255326086798}, "pid_steer_parameters": {"proportional_gain": 2.1527349560399793, "integral_gain": 0.03218041325970137, "derivative_gain": 0.0032884353356998656, "max_value": 1.9794251111228467, "min_value": -2.0998082196023784}, "max_forward_velocity": 1.015640601523455, "turning_speed_ratio": 0.4104135099791918, "sharp_turn_forward_velocity": 1.7921118393131432, "sharp_turn_angular_velocity": 2.020223972394348}