{"pid_speed_parameters": {"proportional_gain": 2.3200092942982247, "integral_gain": 0.0853502261575624, "derivative_gain": 0.0714622697511287, "max_value": 101.63914480734607, "min_value": 0.06880997422023902}, "pid_steer_parameters": {"proportional_gain": 2.26523144998152, "integral_gain": 0.0001948770851345305, "derivative_gain": 0.011887654980099792, "max_value": 2.048391485857026, "min_value": -2.098778398915445}, "max_forward_velocity": 0.7778329511846889, "turning_speed_ratio": 0.6753829004667474, "sharp_turn_forward_velocity": 1.9999999402981958, "sharp_turn_angular_velocity": 2.493446733855903}