{"pid_speed_parameters": {"proportional_gain": 1.8568604253815344, "integral_gain": 0.09037193256519165, "derivative_gain": 0.08189931294294263, "max_value": 100.79198234953915, "min_value": 0.2155150675805575}, "pid_steer_parameters": {"proportional_gain": 2.3350330220596227, "integral_gain": 0.04556995391219583, "derivative_gain": 0.002490577647743447, "max_value": 1.9652772908338378, "min_value": -2.09260645242701}, "max_forward_velocity": 1.2004153470427943, "turning_speed_ratio": 0.17954215194993567, "sharp_turn_forward_velocity": 1.5072327811304382, "sharp_turn_angular_velocity": 2.229390809436438}