{"pid_speed_parameters": {"proportional_gain": 2.3288067735361686, "integral_gain": 0.09848494505570013, "derivative_gain": 0.08243479613953793, "max_value": 101.45993939080769, "min_value": 0.15332133920057794}, "pid_steer_parameters": {"proportional_gain": 2.0062212273185707, "integral_gain": 0.011337194509969919, "derivative_gain": 0.002768949817597455, "max_value": 2.008059471695109, "min_value": -2.0973418250426135}, "max_forward_velocity": 0.7891895484568239, "turning_speed_ratio": 0.3919740748474151, "sharp_turn_forward_velocity": 1.9487125950767603, "sharp_turn_angular_velocity": 2.186601292473643}