{"pid_speed_parameters": {"proportional_gain": 1.1271818320181772, "integral_gain": 0.09567310965135806, "derivative_gain": 0.09685332268680032, "max_value": 101.7008667526472, "min_value": 0.01494570243010326}, "pid_steer_parameters": {"proportional_gain": 2.9441430722010273, "integral_gain": 0.008910943981123026, "derivative_gain": 0.0020795838307634882, "max_value": 1.9471904845415682, "min_value": -2.0832438733126892}, "max_forward_velocity": 0.5577886808129633, "turning_speed_ratio": 0.44871613460802895, "sharp_turn_forward_velocity": 1.4582903994396434, "sharp_turn_angular_velocity": 2.2801172382918584}