{"pid_speed_parameters": {"proportional_gain": 1.6893199411682616, "integral_gain": 0.09006142148144045, "derivative_gain": 0.07570703632115366, "max_value": 101.63232354904079, "min_value": 0.05689816344813442}, "pid_steer_parameters": {"proportional_gain": 2.375383089520998, "integral_gain": 0.005737663176683635, "derivative_gain": 0.0027619756935996324, "max_value": 1.9945858092396587, "min_value": -2.0944016895065087}, "max_forward_velocity": 0.9355558839777003, "turning_speed_ratio": 0.42466349610414855, "sharp_turn_forward_velocity": 1.8518479048024556, "sharp_turn_angular_velocity": 1.9851378379194513}