{"pid_speed_parameters": {"proportional_gain": 2.2780136570869045, "integral_gain": 0.0992697397365639, "derivative_gain": 0.08310119122610596, "max_value": 101.3071853626139, "min_value": 0.019286461540835305}, "pid_steer_parameters": {"proportional_gain": 2.2551685853913317, "integral_gain": 0.010402020139814895, "derivative_gain": 0.008564400504644349, "max_value": 2.0131775571328405, "min_value": -2.09813733978979}, "max_forward_velocity": 0.7206389172217658, "turning_speed_ratio": 0.28404244494163544, "sharp_turn_forward_velocity": 1.9693312743866593, "sharp_turn_angular_velocity": 2.231987907759168}