{"pid_speed_parameters": {"proportional_gain": 1.72119907316274, "integral_gain": 0.08809460487139424, "derivative_gain": 0.07493942071306589, "max_value": 101.92298416960183, "min_value": 0.11406945906441207}, "pid_steer_parameters": {"proportional_gain": 2.265955012254933, "integral_gain": 0.015422373625276018, "derivative_gain": 0.004502455047708826, "max_value": 1.9897769206091296, "min_value": -2.0999157873978045}, "max_forward_velocity": 1.0629617634988304, "turning_speed_ratio": 0.5089894008100471, "sharp_turn_forward_velocity": 1.5711152171415623, "sharp_turn_angular_velocity": 2.0499544964142156}