{"pid_speed_parameters": {"proportional_gain": 2.277055764743934, "integral_gain": 0.09999249184566078, "derivative_gain": 0.0830566210222214, "max_value": 101.41921571722311, "min_value": 0.21859258639015156}, "pid_steer_parameters": {"proportional_gain": 2.0590486059861832, "integral_gain": 0.0011768857525424107, "derivative_gain": 0.014975911228810248, "max_value": 1.9639474635435583, "min_value": -2.0983309700443633}, "max_forward_velocity": 1.2456088098226716, "turning_speed_ratio": 0.18842107538143882, "sharp_turn_forward_velocity": 1.6115961316675922, "sharp_turn_angular_velocity": 2.203806296041473}