{"pid_speed_parameters": {"proportional_gain": 2.0880364062623986, "integral_gain": 0.08054542553983265, "derivative_gain": 0.08105142625955286, "max_value": 101.65036725778478, "min_value": 0.029968515847946818}, "pid_steer_parameters": {"proportional_gain": 1.9032876479972305, "integral_gain": 0.027504580127155447, "derivative_gain": 0.010184927342786915, "max_value": 1.947606631861676, "min_value": -2.075187154093593}, "max_forward_velocity": 1.3105472724111806, "turning_speed_ratio": 0.5163236359486945, "sharp_turn_forward_velocity": 1.9192864954991444, "sharp_turn_angular_velocity": 1.92461719220829}