{"pid_speed_parameters": {"proportional_gain": 1.0971076201535364, "integral_gain": 0.09871307419453983, "derivative_gain": 0.06329199003111846, "max_value": 101.91954432096793, "min_value": 0.09610758198010977}, "pid_steer_parameters": {"proportional_gain": 2.471222131294236, "integral_gain": 0.003573499158095214, "derivative_gain": 0.004317442589630168, "max_value": 1.9836904487281737, "min_value": -2.0987423380338637}, "max_forward_velocity": 1.169193722773479, "turning_speed_ratio": 0.518327623616625, "sharp_turn_forward_velocity": 1.9681684775715267, "sharp_turn_angular_velocity": 2.399477034983311}