{"pid_speed_parameters": {"proportional_gain": 2.263260752297935, "integral_gain": 0.08719732930541198, "derivative_gain": 0.061776934922301074, "max_value": 99.85839947457495, "min_value": 0.04675575523633175}, "pid_steer_parameters": {"proportional_gain": 2.0322404451444585, "integral_gain": 0.02288956594571809, "derivative_gain": 0.07625575415853926, "max_value": 1.9006387414424755, "min_value": -2.072703519209931}, "max_forward_velocity": 0.7391550572632233, "turning_speed_ratio": 0.7269903738595312, "sharp_turn_forward_velocity": 1.7246763737460555, "sharp_turn_angular_velocity": 2.095819364475444}