{"pid_speed_parameters": {"proportional_gain": 1.9765830646645124, "integral_gain": 0.09157614699828281, "derivative_gain": 0.0762340054923929, "max_value": 101.10329055191401, "min_value": 0.12046884826695248}, "pid_steer_parameters": {"proportional_gain": 2.2637308733243238, "integral_gain": 0.002227317297620155, "derivative_gain": 0.0141357919630689, "max_value": 2.0028372608634166, "min_value": -2.099767398978412}, "max_forward_velocity": 1.1445680148851827, "turning_speed_ratio": 0.40556371660471946, "sharp_turn_forward_velocity": 1.7971613068001533, "sharp_turn_angular_velocity": 2.063390312298616}