{"pid_speed_parameters": {"proportional_gain": 1.5573548533478587, "integral_gain": 0.0721072629351673, "derivative_gain": 0.015176691779016658, "max_value": 99.51315656465633, "min_value": 0.6358367349107761}, "pid_steer_parameters": {"proportional_gain": 2.9930355515818445, "integral_gain": 0.009614902313100502, "derivative_gain": 0.018110360212998146, "max_value": 1.9421266643116997, "min_value": -1.991732026263988}, "max_forward_velocity": 1.7907895724265996, "turning_speed_ratio": 0.007947564013558584, "sharp_turn_forward_velocity": 0.5431160993743602, "sharp_turn_angular_velocity": 2.4766909090998745}