{"pid_speed_parameters": {"proportional_gain": 1.6673783855615498, "integral_gain": 0.09981028464570214, "derivative_gain": 0.08914021060724185, "max_value": 101.72688253438442, "min_value": 0.08863984290275198}, "pid_steer_parameters": {"proportional_gain": 2.5619256343453594, "integral_gain": 0.021308950746581314, "derivative_gain": 0.0013769602189175971, "max_value": 1.9415664456904806, "min_value": -2.0831124155958736}, "max_forward_velocity": 1.1109460354760008, "turning_speed_ratio": 0.17246231295944273, "sharp_turn_forward_velocity": 1.698944836534696, "sharp_turn_angular_velocity": 2.067796361083479}