{"pid_speed_parameters": {"proportional_gain": 1.9144721018115254, "integral_gain": 0.067178373207924, "derivative_gain": 0.06900795775712874, "max_value": 101.85460647051103, "min_value": 0.055240979975686416}, "pid_steer_parameters": {"proportional_gain": 2.1960086592616994, "integral_gain": 0.024360547030762007, "derivative_gain": 0.003142395948849676, "max_value": 1.9940566889495936, "min_value": -2.098931546449173}, "max_forward_velocity": 1.0618704386841236, "turning_speed_ratio": 0.5599184915606342, "sharp_turn_forward_velocity": 1.5585022280734862, "sharp_turn_angular_velocity": 1.9518691994888708}