{"pid_speed_parameters": {"proportional_gain": 2.2643474588599624, "integral_gain": 0.07099978610714182, "derivative_gain": 0.08683677233778034, "max_value": 101.84401806200412, "min_value": 0.17519760797437317}, "pid_steer_parameters": {"proportional_gain": 1.8826224552385602, "integral_gain": 0.028573441196137788, "derivative_gain": 0.0038602430647668227, "max_value": 1.9735435745821717, "min_value": -2.067341415976543}, "max_forward_velocity": 1.0951434886220652, "turning_speed_ratio": 0.5815735863339738, "sharp_turn_forward_velocity": 1.8037066559063337, "sharp_turn_angular_velocity": 1.7949857051705513}