{"pid_speed_parameters": {"proportional_gain": 1.78152322416638, "integral_gain": 0.08892200510297191, "derivative_gain": 0.0810970409881542, "max_value": 101.81434704824474, "min_value": 0.05551841092039461}, "pid_steer_parameters": {"proportional_gain": 2.238146704732146, "integral_gain": 0.01940093550755132, "derivative_gain": 0.0036746789691283416, "max_value": 2.000324059386032, "min_value": -2.0996107251504608}, "max_forward_velocity": 0.809946651160041, "turning_speed_ratio": 0.41360628746832717, "sharp_turn_forward_velocity": 1.6167272367953014, "sharp_turn_angular_velocity": 2.0910313438485626}