{"pid_speed_parameters": {"proportional_gain": 2.1169688070246915, "integral_gain": 0.09999952916234255, "derivative_gain": 0.080363891739725, "max_value": 101.59209678820918, "min_value": 0.0016110260128905675}, "pid_steer_parameters": {"proportional_gain": 2.2232179308976465, "integral_gain": 0.005219394588815725, "derivative_gain": 0.02374228113478811, "max_value": 1.9501040237160305, "min_value": -2.0984100423963947}, "max_forward_velocity": 1.3488816377157462, "turning_speed_ratio": 0.3235772114435338, "sharp_turn_forward_velocity": 1.9068140209779532, "sharp_turn_angular_velocity": 2.4559642013377108}