{"pid_speed_parameters": {"proportional_gain": 1.7599110830169706, "integral_gain": 0.05871862986446244, "derivative_gain": 0.037761846404128434, "max_value": 100.1970415510393, "min_value": 0.8556261025906746}, "pid_steer_parameters": {"proportional_gain": 1.9525758984452735, "integral_gain": 2.526948562683536e-07, "derivative_gain": 0.015581718833041193, "max_value": 2.0915669516410578, "min_value": -1.9709004357775544}, "max_forward_velocity": 1.5060205388061239, "turning_speed_ratio": 0.20311781586032998, "sharp_turn_forward_velocity": 0.4332091601462593, "sharp_turn_angular_velocity": 2.7729041771012994}