{"pid_speed_parameters": {"proportional_gain": 2.2940050431900607, "integral_gain": 0.09864395291151812, "derivative_gain": 0.08049432516743041, "max_value": 101.6015052085739, "min_value": 0.003885748954979665}, "pid_steer_parameters": {"proportional_gain": 1.9899950982212145, "integral_gain": 0.0016046657479577848, "derivative_gain": 0.0028569433612502322, "max_value": 2.02321181800364, "min_value": -2.0946356293345803}, "max_forward_velocity": 0.7437719023903342, "turning_speed_ratio": 0.621399004748166, "sharp_turn_forward_velocity": 1.7888951703410743, "sharp_turn_angular_velocity": 2.2846303057734976}