{"pid_speed_parameters": {"proportional_gain": 1.6395856097352413, "integral_gain": 0.09013961769999562, "derivative_gain": 0.08483002881794052, "max_value": 101.72825337994279, "min_value": 0.007510196744795346}, "pid_steer_parameters": {"proportional_gain": 2.285452941329144, "integral_gain": 0.04521216174777483, "derivative_gain": 0.005114614513203492, "max_value": 1.9165775105159222, "min_value": -2.0660074340854027}, "max_forward_velocity": 0.28590902772703775, "turning_speed_ratio": 0.27416653549447073, "sharp_turn_forward_velocity": 1.7314525857601575, "sharp_turn_angular_velocity": 2.3004204833594715}