{"pid_speed_parameters": {"proportional_gain": 2.2126413837901193, "integral_gain": 0.09139602705390545, "derivative_gain": 0.0912925585425691, "max_value": 101.4172544676388, "min_value": 0.14574342192462755}, "pid_steer_parameters": {"proportional_gain": 2.303020352957226, "integral_gain": 0.00860955377710482, "derivative_gain": 0.018248031263350315, "max_value": 1.9556826964188696, "min_value": -2.0998438389375784}, "max_forward_velocity": 0.5331032586656606, "turning_speed_ratio": 0.09051409696241589, "sharp_turn_forward_velocity": 1.9821544213988913, "sharp_turn_angular_velocity": 2.2827582009824754}