{"pid_speed_parameters": {"proportional_gain": 1.9218282536092284, "integral_gain": 0.07918202333090762, "derivative_gain": 0.039798531773073416, "max_value": 100.33139086268497, "min_value": 0.5846595096974074}, "pid_steer_parameters": {"proportional_gain": 2.670931650634929, "integral_gain": 0.06764264158140315, "derivative_gain": 0.08357032673987108, "max_value": 1.9858947774856157, "min_value": -1.9170986712438032}, "max_forward_velocity": 1.0008635353424717, "turning_speed_ratio": 0.661319729171839, "sharp_turn_forward_velocity": 1.1459831770039421, "sharp_turn_angular_velocity": 2.6768873336691015}