{"pid_speed_parameters": {"proportional_gain": 2.157531759859056, "integral_gain": 0.0995580367012627, "derivative_gain": 0.08514594108031313, "max_value": 101.48840886946986, "min_value": 0.05530519296029676}, "pid_steer_parameters": {"proportional_gain": 2.779459139831483, "integral_gain": 0.02532678354836126, "derivative_gain": 0.003548629114546873, "max_value": 2.0221334959913677, "min_value": -2.08904256430986}, "max_forward_velocity": 1.133717971729675, "turning_speed_ratio": 0.3273665665218259, "sharp_turn_forward_velocity": 1.9882574302044098, "sharp_turn_angular_velocity": 2.1869357723285763}