{"pid_speed_parameters": {"proportional_gain": 1.9377333852566871, "integral_gain": 0.09263348082715786, "derivative_gain": 0.04647886552608078, "max_value": 100.46185521443597, "min_value": 0.10398111437150664}, "pid_steer_parameters": {"proportional_gain": 2.5375892446389647, "integral_gain": 0.00510305124537969, "derivative_gain": 0.011748656074314278, "max_value": 2.050824794353652, "min_value": -1.985324349021841}, "max_forward_velocity": 1.4120976454660739, "turning_speed_ratio": 0.1238339944676001, "sharp_turn_forward_velocity": 1.6973662691001694, "sharp_turn_angular_velocity": 1.3113024371931492}