{"pid_speed_parameters": {"proportional_gain": 2.2814309685511267, "integral_gain": 0.0940042288738929, "derivative_gain": 0.08327664131472212, "max_value": 101.49651273265084, "min_value": 0.021246012655726763}, "pid_steer_parameters": {"proportional_gain": 2.1174488638584803, "integral_gain": 0.005032593781999756, "derivative_gain": 0.005936541890149193, "max_value": 2.00970954378638, "min_value": -2.0991135231697284}, "max_forward_velocity": 0.8855244885422922, "turning_speed_ratio": 0.556236271322747, "sharp_turn_forward_velocity": 1.9041348045511821, "sharp_turn_angular_velocity": 2.42506270901935}