{"pid_speed_parameters": {"proportional_gain": 2.3330701623054697, "integral_gain": 0.098918131731485, "derivative_gain": 0.08703538784856774, "max_value": 101.30296823231988, "min_value": 0.08937649300993891}, "pid_steer_parameters": {"proportional_gain": 2.3023851517310727, "integral_gain": 0.012102248222757834, "derivative_gain": 0.004558681626690026, "max_value": 2.0030856062232987, "min_value": -2.0866871162842644}, "max_forward_velocity": 0.8109932373590141, "turning_speed_ratio": 0.6288984522708126, "sharp_turn_forward_velocity": 1.9691343076502201, "sharp_turn_angular_velocity": 2.3585061555277824}