{"pid_speed_parameters": {"proportional_gain": 1.9657459386143301, "integral_gain": 0.09914441468191142, "derivative_gain": 0.07529200473905842, "max_value": 101.49217512081178, "min_value": 0.003314528540711663}, "pid_steer_parameters": {"proportional_gain": 2.2336791881276747, "integral_gain": 0.0019561876451235703, "derivative_gain": 0.012155182900018296, "max_value": 1.9788801996801613, "min_value": -2.0997454523731505}, "max_forward_velocity": 0.6747526854444987, "turning_speed_ratio": 0.393709827265093, "sharp_turn_forward_velocity": 1.9978925703865884, "sharp_turn_angular_velocity": 2.491643812316436}