{"pid_speed_parameters": {"proportional_gain": 2.093332669430601, "integral_gain": 0.0949443021093116, "derivative_gain": 0.07581745472924845, "max_value": 101.56067535571219, "min_value": 0.05117402766038537}, "pid_steer_parameters": {"proportional_gain": 2.203086497560881, "integral_gain": 0.001866408697466343, "derivative_gain": 0.010390659505030974, "max_value": 1.9668645200560713, "min_value": -2.0961631768180813}, "max_forward_velocity": 1.1401476158470787, "turning_speed_ratio": 0.23131167277083808, "sharp_turn_forward_velocity": 1.9998074700837394, "sharp_turn_angular_velocity": 2.1646442093473395}