{
  "pid_speed_parameters": {
    "proportional_gain": 0.8996737018917647,
    "integral_gain": 0.2032999454895862,
    "derivative_gain": 0.9213606685746364,
    "max_value": 102.16629238433431,
    "min_value": 0.009730602138682338
  },
  "pid_steer_parameters": {
    "proportional_gain": 0.9859092111619674,
    "integral_gain": 0.36352969645513,
    "derivative_gain": 0.6937627474653941,
    "max_value": 1.7158742367552435,
    "min_value": -4.999842379365497
  },
  "max_forward_velocity": 0.12218740355668944,
  "turning_speed_ratio": 0.30101058316790463,
  "sharp_turn_forward_velocity": 0.0461861176607298,
  "sharp_turn_angular_velocity": 4.239599779927302
}